1,2,3,4,5,6,7,8,9,10,11,12,13,14,15,16,17,18,19,20,21,22,23,24,25,26,27,28,29,30,31,32,33,34,35,36,37,38,39,40,41,42,43,44,45,46,47,48,49,50,51,52,53,54,55,56,57,58,59,60,61,62,63,64,65,66,67,68,69
受注番号,納品先コード,納品先名,商品コード,商品名,Brand,NWA,BULK,BULK,BULK,BULK,BULK,BULK,BULK,BULK,BULK,BULK,BULK,BULK,BULK,BULK,BULK,BULK,BULK,BULK,BULK,BULK,BULK,現在庫,現在庫,現在庫,現在庫,現在庫,現在庫,現在庫,現在庫,現在庫,現在庫,現在庫,現在庫,現在庫,現在庫,現在庫,現在庫,現在庫,現在庫,現在庫,現在庫,出荷指示数,出荷指示数,出荷指示数,出荷指示数,出荷指示数,出荷指示数,出荷指示数,出荷指示数,出荷指示数,出荷指示数,出荷指示数,出荷指示数,出荷指示数,出荷指示数,出荷指示数,出荷指示数,出荷指示数,出荷指示数,出荷指示数,出荷指示数,出荷予定日
,,,,,,NWA,納品先BULK,201050,201127,201223,201236,201268,201499,201549,201684,201703,201716,201720,201738,201762,,,,,,,,201050,201127,201223,201236,201268,201499,201549,201684,201703,201716,201720,201738,201762,,,,,,,,201050,201127,201223,201236,201268,201499,201549,201684,201703,201716,201720,201738,201762,,,,,,,,
,,,,,,NWA,納品先BULK,ZOZO,名古屋,丸井web,YSEC,TOKYO,ルクア大阪,ヒュッテ,京王新宿,6142,玉川高島屋,NODE,大丸心斎橋,NARITA,,,,,,,,ZOZO,名古屋,丸井web,YSEC,TOKYO,ルクア大阪,ヒュッテ,京王新宿,6142,玉川高島屋,NODE,大丸心斎橋,NARITA,,,,,,,,ZOZO,名古屋,丸井web,YSEC,TOKYO,ルクア大阪,ヒュッテ,京王新宿,6142,玉川高島屋,NODE,大丸心斎橋,NARITA,,,,,,,,
,,,12100003210L/XL,Varmland Cap,FRV,0,0,0,0,0,0,0,0,0,0,0,0,0,0,0,,,,,,,,0,1,0,1,0,1,0,0,0,0,0,0,0,,,,,,,,0,0,0,0,0,0,0,0,0,0,0,0,0,,,,,,,,20260706
,,,12100003210S/M,Varmland Cap,FRV,0,0,0,0,0,0,0,0,0,0,0,0,0,0,0,,,,,,,,0,1,0,1,0,1,1,0,0,0,0,1,0,,,,,,,,0,0,0,0,0,0,0,0,0,0,0,0,0,,,,,,,,20260706
,,,12100003625L/XL,Varmland Cap,FRV,0,0,0,0,0,0,0,0,0,0,0,0,0,0,0,,,,,,,,0,1,0,1,0,2,0,1,0,0,0,2,0,,,,,,,,0,0,0,0,0,0,0,0,0,0,0,0,0,,,,,,,,20260706
,,,12100003625S/M,Varmland Cap,FRV,0,0,0,0,0,0,0,0,0,0,0,0,0,0,0,,,,,,,,0,2,0,0,0,2,2,2,0,2,0,1,0,,,,,,,,0,0,0,0,0,0,0,0,0,0,0,0,0,,,,,,,,20260706
,,,12100003662L/XL,Varmland Cap,FRV,0,0,0,0,0,0,0,0,0,0,0,0,0,0,0,,,,,,,,0,1,0,0,0,0,0,0,0,0,0,0,0,,,,,,,,0,0,0,0,0,0,0,0,0,0,0,0,0,,,,,,,,20260706
,,,12100003662S/M,Varmland Cap,FRV,0,0,0,0,0,0,0,0,0,0,0,0,0,0,0,,,,,,,,0,1,0,1,0,1,2,1,0,1,0,2,0,,,,,,,,0,0,0,0,0,0,0,0,0,0,0,0,0,,,,,,,,20260706
,,,12100004113L/XL,High Coast Wind Cap,FRV,0,0,0,0,0,0,0,0,0,0,0,0,0,0,0,,,,,,,,0,1,0,1,1,0,0,1,0,1,0,0,0,,,,,,,,0,0,0,0,0,0,0,0,0,0,0,0,0,,,,,,,,20260706
,,,12100004300L/XL,High Coast Wind Cap,FRV,0,0,0,0,0,0,0,0,0,0,0,0,0,0,0,,,,,,,,0,1,0,0,0,0,0,0,0,0,0,0,0,,,,,,,,0,0,0,0,0,0,0,0,0,0,0,0,0,,,,,,,,20260706
,,,12100004300S/M,High Coast Wind Cap,FRV,0,0,0,0,0,0,0,0,0,0,0,0,0,0,0,,,,,,,,0,1,0,2,0,2,0,0,0,0,0,1,0,,,,,,,,0,0,0,0,0,0,0,0,0,0,0,0,0,,,,,,,,20260706
,,,12100004550L/XL,High Coast Wind Cap,FRV,0,0,0,0,0,0,0,0,0,0,0,0,0,0,0,,,,,,,,0,1,0,0,0,0,1,1,0,0,0,0,0,,,,,,,,0,0,0,0,0,0,0,0,0,0,0,0,0,,,,,,,,20260706
,,,12100004550S/M,High Coast Wind Cap,FRV,0,0,0,0,0,0,0,0,0,0,0,0,0,0,0,,,,,,,,0,1,0,0,0,0,1,2,0,0,0,0,0,,,,,,,,0,0,0,0,0,0,0,0,0,0,0,0,0,,,,,,,,20260706
,,,12100004574-118L/XL,High Coast Wind Cap,FRV,0,0,0,0,0,0,0,0,0,0,0,0,0,0,0,,,,,,,,0,0,0,0,0,1,0,0,0,0,0,0,0,,,,,,,,0,0,0,0,0,0,0,0,0,0,0,0,0,,,,,,,,20260706
,,,12100004620-232L/XL,High Coast Wind Cap,FRV,0,0,0,0,0,0,0,0,0,0,0,0,0,0,0,,,,,,,,0,0,0,0,0,0,0,2,0,0,0,0,0,,,,,,,,0,0,0,0,0,0,0,0,0,0,0,0,0,,,,,,,,20260706
,,,12100004620-232S/M,High Coast Wind Cap,FRV,0,0,0,0,0,0,0,0,0,0,0,0,0,0,0,,,,,,,,0,0,0,0,0,0,0,1,0,0,0,0,0,,,,,,,,0,0,0,0,0,0,0,0,0,0,0,0,0,,,,,,,,20260706
,,,12100004620L/XL,High Coast Wind Cap,FRV,0,0,0,0,0,0,0,0,0,0,0,0,0,0,0,,,,,,,,0,0,0,1,0,0,1,0,0,0,0,0,0,,,,,,,,0,0,0,0,0,0,0,0,0,0,0,0,0,,,,,,,,20260706
,,,12100004620S/M,High Coast Wind Cap,FRV,0,0,0,0,0,0,0,0,0,0,0,0,0,0,0,,,,,,,,0,0,0,0,0,0,1,0,0,0,0,0,0,,,,,,,,0,0,0,0,0,0,0,0,0,0,0,0,0,,,,,,,,20260706
,,,12100006299X,Fjallraven Heavy Beanie,FRV,0,0,0,0,0,0,0,0,0,0,0,0,0,0,0,,,,,,,,0,0,0,1,0,0,0,0,0,0,0,0,0,,,,,,,,0,0,0,0,0,0,0,0,0,0,0,0,0,,,,,,,,20260706
,,,12100006514X,Fjallraven Heavy Beanie,FRV,1,0,0,0,0,0,0,0,0,0,0,0,0,0,0,,,,,,,,0,0,0,1,0,0,0,0,0,0,0,0,0,,,,,,,,0,0,0,0,0,0,0,0,0,0,0,0,0,,,,,,,,20260706
,,,1220016455044/S,Abisko Hybrid Trail Trs M,FRV,0,0,0,0,0,0,0,0,0,0,0,0,0,0,0,,,,,,,,0,0,0,1,0,0,0,0,0,0,0,0,0,,,,,,,,0,0,0,0,0,0,0,0,0,0,0,0,0,,,,,,,,20260706
,,,12200190550L,Bergtagen GTX Pro Trousers M,FRV,0,0,0,0,0,0,0,0,0,0,0,0,0,0,0,,,,,,,,0,0,0,0,0,0,1,0,0,0,0,0,0,,,,,,,,0,0,0,0,0,0,0,0,0,0,0,0,0,,,,,,,,20260706
,,,12200190550M,Bergtagen GTX Pro Trousers M,FRV,5,0,0,0,0,0,0,0,0,0,0,0,0,0,0,,,,,,,,0,0,0,1,1,0,1,0,0,0,0,0,0,,,,,,,,0,0,0,0,0,0,0,0,0,0,0,0,0,,,,,,,,20260706
,,,12200190550S,Bergtagen GTX Pro Trousers M,FRV,2,0,0,0,0,0,0,0,0,0,0,0,0,0,0,,,,,,,,0,0,0,1,1,0,1,0,0,0,0,0,0,,,,,,,,0,0,0,0,0,0,0,0,0,0,0,0,0,,,,,,,,20260706
,,,12200190550XL,Bergtagen GTX Pro Trousers M,FRV,0,0,0,0,0,0,0,0,0,0,0,0,0,0,0,,,,,,,,0,0,0,1,0,0,0,0,0,0,0,0,0,,,,,,,,0,0,0,0,0,0,0,0,0,0,0,0,0,,,,,,,,20260706
,,,12200190550XS,Bergtagen GTX Pro Trousers M,FRV,0,0,0,0,0,0,0,0,0,0,0,0,0,0,0,,,,,,,,0,0,0,1,0,0,1,0,0,0,0,0,0,,,,,,,,0,0,0,0,0,0,0,0,0,0,0,0,0,,,,,,,,20260706
,,,1220019755044,Hoja Hybrid Trousers M,FRV,0,5,0,0,0,0,0,0,0,0,0,0,0,0,0,,,,,,,,0,1,0,1,1,1,0,1,0,1,0,1,0,,,,,,,,0,0,0,0,0,0,0,0,0,0,0,0,0,,,,,,,,20260706
,,,1220019755046,Hoja Hybrid Trousers M,FRV,1,10,0,0,0,0,0,0,0,0,0,0,0,0,0,,,,,,,,0,1,0,2,1,1,1,1,0,1,0,1,0,,,,,,,,0,0,0,0,0,0,0,0,0,0,0,0,0,,,,,,,,20260706
,,,1220019755048,Hoja Hybrid Trousers M,FRV,0,7,0,0,0,0,0,0,0,0,0,0,0,0,0,,,,,,,,0,1,0,1,1,1,1,1,0,1,0,1,0,,,,,,,,0,0,0,0,0,0,0,0,0,0,0,0,0,,,,,,,,20260706
,,,1220019755050,Hoja Hybrid Trousers M,FRV,0,6,0,0,0,0,0,0,0,0,0,0,0,0,0,,,,,,,,0,1,0,1,1,1,1,1,0,1,0,1,0,,,,,,,,0,0,0,0,0,0,0,0,0,0,0,0,0,,,,,,,,20260706
,,,1220019755052,Hoja Hybrid Trousers M,FRV,0,0,0,0,0,0,0,0,0,0,0,0,0,0,0,,,,,,,,0,0,0,1,1,0,0,0,0,0,0,0,0,,,,,,,,0,0,0,0,0,0,0,0,0,0,0,0,0,,,,,,,,20260706
,,,1220020755046,High Coast Pack Shorts M,FRV,4,0,0,0,0,0,0,0,0,0,0,0,0,0,0,,,,,,,,0,1,0,1,1,1,0,1,0,1,1,1,0,,,,,,,,0,0,0,0,0,0,0,0,0,0,0,0,0,,,,,,,,20260706
,,,1220020755048,High Coast Pack Shorts M,FRV,3,0,0,0,0,0,0,0,0,0,0,0,0,0,0,,,,,,,,0,1,0,1,1,1,0,1,0,1,1,1,0,,,,,,,,0,0,0,0,0,0,0,0,0,0,0,0,0,,,,,,,,20260706
,,,1220020755050,High Coast Pack Shorts M,FRV,2,0,0,0,0,0,0,0,0,0,0,0,0,0,0,,,,,,,,0,1,0,1,0,1,0,1,0,1,1,1,0,,,,,,,,0,0,0,0,0,0,0,0,0,0,0,0,0,,,,,,,,20260706
,,,1220020755052,High Coast Pack Shorts M,FRV,0,0,0,0,0,0,0,0,0,0,0,0,0,0,0,,,,,,,,0,1,0,1,1,1,0,0,0,0,0,0,0,,,,,,,,0,0,0,0,0,0,0,0,0,0,0,0,0,,,,,,,,20260706
,,,1220020762546,High Coast Pack Shorts M,FRV,5,0,0,0,0,0,0,0,0,0,0,0,0,0,0,,,,,,,,0,1,0,1,1,1,0,1,0,1,1,1,0,,,,,,,,0,0,0,0,0,0,0,0,0,0,0,0,0,,,,,,,,20260706
,,,1220020762548,High Coast Pack Shorts M,FRV,2,0,0,0,0,0,0,0,0,0,0,0,0,0,0,,,,,,,,0,1,0,1,1,1,0,1,0,1,1,1,0,,,,,,,,0,0,0,0,0,0,0,0,0,0,0,0,0,,,,,,,,20260706
,,,1220020762550,High Coast Pack Shorts M,FRV,3,0,0,0,0,0,0,0,0,0,0,0,0,0,0,,,,,,,,0,1,0,1,1,1,0,1,0,1,1,1,0,,,,,,,,0,0,0,0,0,0,0,0,0,0,0,0,0,,,,,,,,20260706
,,,12200218550L,Keb GTX Trousers M,FRV,0,0,0,0,0,0,0,0,0,0,0,0,0,0,0,,,,,,,,0,1,0,0,1,0,0,0,0,0,1,0,0,,,,,,,,0,0,0,0,0,0,0,0,0,0,0,0,0,,,,,,,,20260706
,,,12200218550M,Keb GTX Trousers M,FRV,0,0,0,0,0,0,0,0,0,0,0,0,0,0,0,,,,,,,,0,1,0,1,0,0,1,1,0,0,1,1,0,,,,,,,,0,0,0,0,0,0,0,0,0,0,0,0,0,,,,,,,,20260706
,,,12200218550S,Keb GTX Trousers M,FRV,0,0,0,0,0,0,0,0,0,0,0,0,0,0,0,,,,,,,,0,1,0,0,0,1,0,1,0,1,0,0,0,,,,,,,,0,0,0,0,0,0,0,0,0,0,0,0,0,,,,,,,,20260706
,,,12200218550XS,Keb GTX Trousers M,FRV,0,0,0,0,0,0,0,0,0,0,0,0,0,0,0,,,,,,,,0,1,0,1,1,1,1,0,0,0,0,0,0,,,,,,,,0,0,0,0,0,0,0,0,0,0,0,0,0,,,,,,,,20260706
,,,12200219537L,Vardag Summer Shorts M,FRV,0,0,0,0,0,0,0,0,0,0,0,0,0,0,0,,,,,,,,0,0,0,1,0,0,0,0,0,0,0,0,0,,,,,,,,0,0,0,0,0,0,0,0,0,0,0,0,0,,,,,,,,20260706
,,,12200219537M,Vardag Summer Shorts M,FRV,0,0,0,0,0,0,0,0,0,0,0,0,0,0,0,,,,,,,,0,0,0,1,1,1,0,0,0,0,0,0,0,,,,,,,,0,0,0,0,0,0,0,0,0,0,0,0,0,,,,,,,,20260706
,,,12200219537S,Vardag Summer Shorts M,FRV,2,0,0,0,0,0,0,0,0,0,0,0,0,0,0,,,,,,,,0,1,0,1,1,1,0,0,0,0,1,0,0,,,,,,,,0,0,0,0,0,0,0,0,0,0,0,0,0,,,,,,,,20260706
,,,12200219550L,Vardag Summer Shorts M,FRV,0,0,0,0,0,0,0,0,0,0,0,0,0,0,0,,,,,,,,0,1,0,1,1,1,0,0,0,0,0,0,0,,,,,,,,0,0,0,0,0,0,0,0,0,0,0,0,0,,,,,,,,20260706
,,,12200219550M,Vardag Summer Shorts M,FRV,5,0,0,0,0,0,0,0,0,0,0,0,0,0,0,,,,,,,,0,1,0,1,1,1,0,0,0,0,1,1,0,,,,,,,,0,0,0,0,0,0,0,0,0,0,0,0,0,,,,,,,,20260706
,,,12200219550S,Vardag Summer Shorts M,FRV,2,0,0,0,0,0,0,0,0,0,0,0,0,0,0,,,,,,,,0,1,0,1,1,1,0,0,0,0,1,1,0,,,,,,,,0,0,0,0,0,0,0,0,0,0,0,0,0,,,,,,,,20260706
,,,12200219625L,Vardag Summer Shorts M,FRV,0,0,0,0,0,0,0,0,0,0,0,0,0,0,0,,,,,,,,0,0,0,1,0,0,0,0,0,0,0,0,0,,,,,,,,0,0,0,0,0,0,0,0,0,0,0,0,0,,,,,,,,20260706
,,,12200219625M,Vardag Summer Shorts M,FRV,0,0,0,0,0,0,0,0,0,0,0,0,0,0,0,,,,,,,,0,1,0,0,1,0,0,0,0,0,1,1,0,,,,,,,,0,0,0,0,0,0,0,0,0,0,0,0,0,,,,,,,,20260706
,,,12200219625S,Vardag Summer Shorts M,FRV,1,0,0,0,0,0,0,0,0,0,0,0,0,0,0,,,,,,,,0,1,0,1,1,1,0,0,0,0,1,1,0,,,,,,,,0,0,0,0,0,0,0,0,0,0,0,0,0,,,,,,,,20260706
,,,1220022962046,Vardag Relaxed Trousers M,FRV,0,0,0,0,0,0,0,0,0,0,0,0,0,0,0,,,,,,,,0,0,0,1,0,0,0,0,0,0,0,0,0,,,,,,,,0,0,0,0,0,0,0,0,0,0,0,0,0,,,,,,,,20260706
,,,1220022962048,Vardag Relaxed Trousers M,FRV,0,0,0,0,0,0,0,0,0,0,0,0,0,0,0,,,,,,,,0,0,0,1,0,0,0,0,0,0,0,0,0,,,,,,,,0,0,0,0,0,0,0,0,0,0,0,0,0,,,,,,,,20260706
,,,12500156550L,Bergtagen GTX Pro Jacket M,FRV,0,0,0,0,0,0,0,0,0,0,0,0,0,0,0,,,,,,,,0,0,0,1,0,0,1,0,0,0,0,0,0,,,,,,,,0,0,0,0,0,0,0,0,0,0,0,0,0,,,,,,,,20260706
,,,12500156550M,Bergtagen GTX Pro Jacket M,FRV,4,0,0,0,0,0,0,0,0,0,0,0,0,0,0,,,,,,,,0,0,0,1,1,0,1,0,0,0,0,0,0,,,,,,,,0,0,0,0,0,0,0,0,0,0,0,0,0,,,,,,,,20260706
,,,12500156550S,Bergtagen GTX Pro Jacket M,FRV,1,0,0,0,0,0,0,0,0,0,0,0,0,0,0,,,,,,,,0,0,0,1,1,0,1,0,0,0,0,0,0,,,,,,,,0,0,0,0,0,0,0,0,0,0,0,0,0,,,,,,,,20260706
,,,12500156550XL,Bergtagen GTX Pro Jacket M,FRV,0,0,0,0,0,0,0,0,0,0,0,0,0,0,0,,,,,,,,0,0,0,1,0,0,0,0,0,0,0,0,0,,,,,,,,0,0,0,0,0,0,0,0,0,0,0,0,0,,,,,,,,20260706
,,,12500156550XS,Bergtagen GTX Pro Jacket M,FRV,0,0,0,0,0,0,0,0,0,0,0,0,0,0,0,,,,,,,,0,0,0,1,0,0,0,0,0,0,0,0,0,,,,,,,,0,0,0,0,0,0,0,0,0,0,0,0,0,,,,,,,,20260706
,,,12500157550L,Expedition X-Latt Hoodie M,FRV,2,0,0,0,0,0,0,0,0,0,0,0,0,0,0,,,,,,,,0,0,0,1,0,0,0,0,0,0,0,0,0,,,,,,,,0,0,0,0,0,0,0,0,0,0,0,0,0,,,,,,,,20260706
,,,12500157550M,Expedition X-Latt Hoodie M,FRV,5,0,0,0,0,0,0,0,0,0,0,0,0,0,0,,,,,,,,0,0,0,1,0,0,1,0,1,0,0,0,0,,,,,,,,0,0,0,0,0,0,0,0,0,0,0,0,0,,,,,,,,20260706
,,,12500157550S,Expedition X-Latt Hoodie M,FRV,9,0,0,0,0,0,0,0,0,0,0,0,0,0,0,,,,,,,,0,0,0,2,0,0,1,0,1,0,0,0,0,,,,,,,,0,0,0,0,0,0,0,0,0,0,0,0,0,,,,,,,,20260706
,,,12500157550XS,Expedition X-Latt Hoodie M,FRV,4,0,0,0,0,0,0,0,0,0,0,0,0,0,0,,,,,,,,0,0,0,2,0,0,1,0,0,0,0,0,0,,,,,,,,0,0,0,0,0,0,0,0,0,0,0,0,0,,,,,,,,20260706
,,,12500157662L,Expedition X-Latt Hoodie M,FRV,2,0,0,0,0,0,0,0,0,0,0,0,0,0,0,,,,,,,,0,0,0,1,0,0,0,0,0,0,0,0,0,,,,,,,,0,0,0,0,0,0,0,0,0,0,0,0,0,,,,,,,,20260706
,,,12500157662M,Expedition X-Latt Hoodie M,FRV,5,0,0,0,0,0,0,0,0,0,0,0,0,0,0,,,,,,,,0,0,0,1,0,0,1,0,1,0,0,0,0,,,,,,,,0,0,0,0,0,0,0,0,0,0,0,0,0,,,,,,,,20260706
,,,12500157662S,Expedition X-Latt Hoodie M,FRV,8,0,0,0,0,0,0,0,0,0,0,0,0,0,0,,,,,,,,0,0,0,2,0,0,1,0,1,0,0,0,0,,,,,,,,0,0,0,0,0,0,0,0,0,0,0,0,0,,,,,,,,20260706
,,,12500157662XS,Expedition X-Latt Hoodie M,FRV,5,0,0,0,0,0,0,0,0,0,0,0,0,0,0,,,,,,,,0,0,0,2,0,0,1,0,0,0,0,0,0,,,,,,,,0,0,0,0,0,0,0,0,0,0,0,0,0,,,,,,,,20260706
,,,12500158633L,Barents 3 in 1 Hydratic Jacket M,FRV,1,0,0,0,0,0,0,0,0,0,0,0,0,0,0,,,,,,,,0,0,0,0,0,0,0,0,0,0,0,0,0,,,,,,,,0,0,0,0,0,0,0,0,0,0,0,0,0,,,,,,,,20260706
,,,12500158633M,Barents 3 in 1 Hydratic Jacket M,FRV,2,0,0,0,0,0,0,0,0,0,0,0,0,0,0,,,,,,,,0,0,0,0,0,0,0,0,1,0,0,0,0,,,,,,,,0,0,0,0,0,0,0,0,0,0,0,0,0,,,,,,,,20260706
,,,12500158633S,Barents 3 in 1 Hydratic Jacket M,FRV,2,0,0,0,0,0,0,0,0,0,0,0,0,0,0,,,,,,,,0,0,0,0,0,0,0,0,0,0,0,0,0,,,,,,,,0,0,0,0,0,0,0,0,0,0,0,0,0,,,,,,,,20260706
,,,12500169550M,Bergtagen Stretch Jacket M,FRV,0,3,0,0,0,0,0,0,0,0,0,0,0,0,0,,,,,,,,0,1,0,1,1,1,1,1,0,1,0,1,0,,,,,,,,0,0,0,0,0,0,0,0,0,0,0,0,0,,,,,,,,20260706
,,,12500169550S,Bergtagen Stretch Jacket M,FRV,0,3,0,0,0,0,0,0,0,0,0,0,0,0,0,,,,,,,,0,1,0,1,1,1,1,0,0,1,0,1,0,,,,,,,,0,0,0,0,0,0,0,0,0,0,0,0,0,,,,,,,,20260706
,,,12500170118L,Hoja Rider's Wind Jacket M,FRV,0,0,0,0,0,0,0,0,0,0,0,0,0,0,0,,,,,,,,0,1,0,1,0,1,0,1,0,1,0,1,0,,,,,,,,0,0,0,0,0,0,0,0,0,0,0,0,0,,,,,,,,20260706
,,,12500170118M,Hoja Rider's Wind Jacket M,FRV,0,2,0,0,0,0,0,0,0,0,0,0,0,0,0,,,,,,,,0,1,0,1,1,1,1,1,0,1,0,1,0,,,,,,,,0,0,0,0,0,0,0,0,0,0,0,0,0,,,,,,,,20260706
,,,12500170118S,Hoja Rider's Wind Jacket M,FRV,0,0,0,0,0,0,0,0,0,0,0,0,0,0,0,,,,,,,,0,1,0,1,1,1,1,1,0,1,0,2,0,,,,,,,,0,0,0,0,0,0,0,0,0,0,0,0,0,,,,,,,,20260706
,,,12500170550L,Hoja Rider's Wind Jacket M,FRV,0,0,0,0,0,0,0,0,0,0,0,0,0,0,0,,,,,,,,0,1,0,1,1,1,0,1,0,1,0,1,0,,,,,,,,0,0,0,0,0,0,0,0,0,0,0,0,0,,,,,,,,20260706
,,,12500170550M,Hoja Rider's Wind Jacket M,FRV,1,0,0,0,0,0,0,0,0,0,0,0,0,0,0,,,,,,,,0,1,0,1,1,1,1,1,0,1,0,1,0,,,,,,,,0,0,0,0,0,0,0,0,0,0,0,0,0,,,,,,,,20260706
,,,12500170550S,Hoja Rider's Wind Jacket M,FRV,1,0,0,0,0,0,0,0,0,0,0,0,0,0,0,,,,,,,,0,1,0,1,1,1,1,1,0,1,0,2,0,,,,,,,,0,0,0,0,0,0,0,0,0,0,0,0,0,,,,,,,,20260706
,,,12500171550M,Bergtagen Windshell Jacket M,FRV,0,0,0,0,0,0,0,0,0,0,0,0,0,0,0,,,,,,,,0,0,0,1,0,1,0,0,0,0,0,1,0,,,,,,,,0,0,0,0,0,0,0,0,0,0,0,0,0,,,,,,,,20260706
,,,12500171550S,Bergtagen Windshell Jacket M,FRV,0,0,0,0,0,0,0,0,0,0,0,0,0,0,0,,,,,,,,0,1,0,0,1,1,1,0,0,0,0,1,0,,,,,,,,0,0,0,0,0,0,0,0,0,0,0,0,0,,,,,,,,20260706
,,,12500171577M,Bergtagen Windshell Jacket M,FRV,0,0,0,0,0,0,0,0,0,0,0,0,0,0,0,,,,,,,,0,1,0,1,1,1,1,1,0,1,0,1,0,,,,,,,,0,0,0,0,0,0,0,0,0,0,0,0,0,,,,,,,,20260706
,,,12500171577S,Bergtagen Windshell Jacket M,FRV,0,0,0,0,0,0,0,0,0,0,0,0,0,0,0,,,,,,,,0,1,0,1,0,0,1,0,0,1,0,1,0,,,,,,,,0,0,0,0,0,0,0,0,0,0,0,0,0,,,,,,,,20260706
,,,12500174550L,Keb Agile Winter Jacket M,FRV,3,0,0,0,0,0,0,0,0,0,0,0,0,0,0,,,,,,,,0,0,0,1,0,0,0,0,0,0,0,0,0,,,,,,,,0,0,0,0,0,0,0,0,0,0,0,0,0,,,,,,,,20260706
,,,12500174550M,Keb Agile Winter Jacket M,FRV,5,0,0,0,0,0,0,0,0,0,0,0,0,0,0,,,,,,,,0,0,0,1,0,0,0,0,0,0,0,0,0,,,,,,,,0,0,0,0,0,0,0,0,0,0,0,0,0,,,,,,,,20260706
,,,12500174550S,Keb Agile Winter Jacket M,FRV,7,0,0,0,0,0,0,0,0,0,0,0,0,0,0,,,,,,,,0,0,0,2,0,0,0,0,0,0,0,0,0,,,,,,,,0,0,0,0,0,0,0,0,0,0,0,0,0,,,,,,,,20260706
,,,12500174550XS,Keb Agile Winter Jacket M,FRV,1,0,0,0,0,0,0,0,0,0,0,0,0,0,0,,,,,,,,0,0,0,2,0,0,0,0,0,0,0,0,0,,,,,,,,0,0,0,0,0,0,0,0,0,0,0,0,0,,,,,,,,20260706
,,,12500174633L,Keb Agile Winter Jacket M,FRV,5,0,0,0,0,0,0,0,0,0,0,0,0,0,0,,,,,,,,0,0,0,0,0,0,0,0,0,0,0,0,0,,,,,,,,0,0,0,0,0,0,0,0,0,0,0,0,0,,,,,,,,20260706
,,,12500174633M,Keb Agile Winter Jacket M,FRV,8,0,0,0,0,0,0,0,0,0,0,0,0,0,0,,,,,,,,0,0,0,1,0,0,0,0,0,0,0,0,0,,,,,,,,0,0,0,0,0,0,0,0,0,0,0,0,0,,,,,,,,20260706
,,,12500174633S,Keb Agile Winter Jacket M,FRV,4,0,0,0,0,0,0,0,0,0,0,0,0,0,0,,,,,,,,0,0,0,1,0,0,0,0,0,0,0,0,0,,,,,,,,0,0,0,0,0,0,0,0,0,0,0,0,0,,,,,,,,20260706
,,,12500174633XS,Keb Agile Winter Jacket M,FRV,5,0,0,0,0,0,0,0,0,0,0,0,0,0,0,,,,,,,,0,0,0,1,0,0,0,0,0,0,0,0,0,,,,,,,,0,0,0,0,0,0,0,0,0,0,0,0,0,,,,,,,,20260706
,,,12500181550L,Keb Thermal Wind Jacket M,FRV,3,0,0,0,0,0,0,0,0,0,0,0,0,0,0,,,,,,,,0,0,0,1,0,0,0,0,0,0,0,0,0,,,,,,,,0,0,0,0,0,0,0,0,0,0,0,0,0,,,,,,,,20260706
,,,12500181550M,Keb Thermal Wind Jacket M,FRV,8,0,0,0,0,0,0,0,0,0,0,0,0,0,0,,,,,,,,0,0,0,1,0,0,0,0,0,0,0,0,0,,,,,,,,0,0,0,0,0,0,0,0,0,0,0,0,0,,,,,,,,20260706
,,,12500181550S,Keb Thermal Wind Jacket M,FRV,7,0,0,0,0,0,0,0,0,0,0,0,0,0,0,,,,,,,,0,0,0,1,0,0,0,0,0,0,0,0,0,,,,,,,,0,0,0,0,0,0,0,0,0,0,0,0,0,,,,,,,,20260706
,,,12500181550XS,Keb Thermal Wind Jacket M,FRV,4,0,0,0,0,0,0,0,0,0,0,0,0,0,0,,,,,,,,0,0,0,2,0,0,0,0,0,0,0,0,0,,,,,,,,0,0,0,0,0,0,0,0,0,0,0,0,0,,,,,,,,20260706
,,,12500181570L,Keb Thermal Wind Jacket M,FRV,4,0,0,0,0,0,0,0,0,0,0,0,0,0,0,,,,,,,,0,0,0,1,0,0,0,0,0,0,0,0,0,,,,,,,,0,0,0,0,0,0,0,0,0,0,0,0,0,,,,,,,,20260706
,,,12500181570M,Keb Thermal Wind Jacket M,FRV,8,0,0,0,0,0,0,0,0,0,0,0,0,0,0,,,,,,,,0,0,0,1,0,0,0,0,0,0,0,0,0,,,,,,,,0,0,0,0,0,0,0,0,0,0,0,0,0,,,,,,,,20260706
,,,12500181570S,Keb Thermal Wind Jacket M,FRV,5,0,0,0,0,0,0,0,0,0,0,0,0,0,0,,,,,,,,0,0,0,1,0,0,0,0,0,0,0,0,0,,,,,,,,0,0,0,0,0,0,0,0,0,0,0,0,0,,,,,,,,20260706
,,,12500181570XS,Keb Thermal Wind Jacket M,FRV,3,0,0,0,0,0,0,0,0,0,0,0,0,0,0,,,,,,,,0,0,0,2,0,0,0,0,0,0,0,0,0,,,,,,,,0,0,0,0,0,0,0,0,0,0,0,0,0,,,,,,,,20260706
,,,12500182550L,Keb GTX Jacket M,FRV,0,0,0,0,0,0,0,0,0,0,0,0,0,0,0,,,,,,,,0,0,0,1,0,1,0,0,0,0,0,0,0,,,,,,,,0,0,0,0,0,0,0,0,0,0,0,0,0,,,,,,,,20260706
,,,12500182550M,Keb GTX Jacket M,FRV,0,0,0,0,0,0,0,0,0,0,0,0,0,0,0,,,,,,,,0,0,0,1,0,0,1,1,0,0,0,0,0,,,,,,,,0,0,0,0,0,0,0,0,0,0,0,0,0,,,,,,,,20260706
,,,12500182550S,Keb GTX Jacket M,FRV,0,0,0,0,0,0,0,0,0,0,0,0,0,0,0,,,,,,,,0,1,0,0,1,0,0,1,0,1,0,0,0,,,,,,,,0,0,0,0,0,0,0,0,0,0,0,0,0,,,,,,,,20260706
,,,12500182550XS,Keb GTX Jacket M,FRV,0,0,0,0,0,0,0,0,0,0,0,0,0,0,0,,,,,,,,0,1,0,1,1,1,0,0,0,0,0,0,0,,,,,,,,0,0,0,0,0,0,0,0,0,0,0,0,0,,,,,,,,20260706
,,,12500184265L,Ovik Padded Jacket M,FRV,1,0,0,0,0,0,0,0,0,0,0,0,0,0,0,,,,,,,,0,0,0,1,0,0,0,0,0,0,0,0,0,,,,,,,,0,0,0,0,0,0,0,0,0,0,0,0,0,,,,,,,,20260706
,,,12500184265M,Ovik Padded Jacket M,FRV,3,0,0,0,0,0,0,0,0,0,0,0,0,0,0,,,,,,,,0,0,0,1,0,0,0,0,0,0,0,0,0,,,,,,,,0,0,0,0,0,0,0,0,0,0,0,0,0,,,,,,,,20260706
,,,12500184265S,Ovik Padded Jacket M,FRV,1,0,0,0,0,0,0,0,0,0,0,0,0,0,0,,,,,,,,0,0,0,1,0,0,0,0,0,0,0,0,0,,,,,,,,0,0,0,0,0,0,0,0,0,0,0,0,0,,,,,,,,20260706
,,,12500184625L,Ovik Padded Jacket M,FRV,1,0,0,0,0,0,0,0,0,0,0,0,0,0,0,,,,,,,,0,0,0,0,0,0,0,0,0,0,0,0,0,,,,,,,,0,0,0,0,0,0,0,0,0,0,0,0,0,,,,,,,,20260706
,,,12500184625M,Ovik Padded Jacket M,FRV,3,0,0,0,0,0,0,0,0,0,0,0,0,0,0,,,,,,,,0,0,0,1,0,0,0,0,0,0,0,0,0,,,,,,,,0,0,0,0,0,0,0,0,0,0,0,0,0,,,,,,,,20260706
,,,12500184625S,Ovik Padded Jacket M,FRV,3,0,0,0,0,0,0,0,0,0,0,0,0,0,0,,,,,,,,0,0,0,1,0,0,0,0,0,0,0,0,0,,,,,,,,0,0,0,0,0,0,0,0,0,0,0,0,0,,,,,,,,20260706
,,,12500188550M,Bergtagen GTX lite Jacket M,FRV,0,3,0,0,0,0,0,0,0,0,0,0,0,0,0,,,,,,,,0,1,0,0,1,0,1,0,0,0,0,0,0,,,,,,,,0,0,0,0,0,0,0,0,0,0,0,0,0,,,,,,,,20260706
,,,12500188550S,Bergtagen GTX lite Jacket M,FRV,0,0,0,0,0,0,0,0,0,0,0,0,0,0,0,,,,,,,,0,1,0,0,1,0,1,0,0,0,0,0,0,,,,,,,,0,0,0,0,0,0,0,0,0,0,0,0,0,,,,,,,,20260706
,,,12500188577M,Bergtagen GTX lite Jacket M,FRV,0,2,0,0,0,0,0,0,0,0,0,0,0,0,0,,,,,,,,0,1,0,0,1,0,1,0,0,0,0,0,0,,,,,,,,0,0,0,0,0,0,0,0,0,0,0,0,0,,,,,,,,20260706
,,,12500188577S,Bergtagen GTX lite Jacket M,FRV,0,2,0,0,0,0,0,0,0,0,0,0,0,0,0,,,,,,,,0,1,0,0,1,0,1,0,0,0,0,0,0,,,,,,,,0,0,0,0,0,0,0,0,0,0,0,0,0,,,,,,,,20260706
,,,12500195118L,Vardag Vindby Jacket M,FRV,0,0,0,0,0,0,0,0,0,0,0,0,0,0,0,,,,,,,,0,0,0,0,1,0,0,0,0,0,0,0,0,,,,,,,,0,0,0,0,0,0,0,0,0,0,0,0,0,,,,,,,,20260706
,,,12500195118M,Vardag Vindby Jacket M,FRV,0,0,0,0,0,0,0,0,0,0,0,0,0,0,0,,,,,,,,0,0,0,0,1,0,0,0,0,0,0,0,0,,,,,,,,0,0,0,0,0,0,0,0,0,0,0,0,0,,,,,,,,20260706
,,,12500195118S,Vardag Vindby Jacket M,FRV,0,0,0,0,0,0,0,0,0,0,0,0,0,0,0,,,,,,,,0,0,0,0,1,0,0,0,0,0,0,0,0,,,,,,,,0,0,0,0,0,0,0,0,0,0,0,0,0,,,,,,,,20260706
,,,12500195620L,Vardag Vindby Jacket M,FRV,0,0,0,0,0,0,0,0,0,0,0,0,0,0,0,,,,,,,,0,0,0,0,1,0,0,0,0,0,0,0,0,,,,,,,,0,0,0,0,0,0,0,0,0,0,0,0,0,,,,,,,,20260706
,,,12500195620M,Vardag Vindby Jacket M,FRV,0,0,0,0,0,0,0,0,0,0,0,0,0,0,0,,,,,,,,0,0,0,0,1,0,0,0,0,0,1,0,0,,,,,,,,0,0,0,0,0,0,0,0,0,0,0,0,0,,,,,,,,20260706
,,,12500195620S,Vardag Vindby Jacket M,FRV,1,0,0,0,0,0,0,0,0,0,0,0,0,0,0,,,,,,,,0,0,0,0,1,0,0,0,0,0,1,0,0,,,,,,,,0,0,0,0,0,0,0,0,0,0,0,0,0,,,,,,,,20260706
,,,12600194030L,Abisko Trail Shirt LS M,FRV,0,0,0,0,0,0,0,0,0,0,0,0,0,0,0,,,,,,,,0,1,0,1,1,1,0,1,0,1,0,0,0,,,,,,,,0,0,0,0,0,0,0,0,0,0,0,0,0,,,,,,,,20260706
,,,12600194030M,Abisko Trail Shirt LS M,FRV,0,2,0,0,0,0,0,0,0,0,0,0,0,0,0,,,,,,,,0,1,0,1,1,1,1,1,1,1,0,1,0,,,,,,,,0,0,0,0,0,0,0,0,0,0,0,0,0,,,,,,,,20260706
,,,12600194030S,Abisko Trail Shirt LS M,FRV,0,4,0,0,0,0,0,0,0,0,0,0,0,0,0,,,,,,,,0,1,0,1,1,1,1,1,1,1,0,1,0,,,,,,,,0,0,0,0,0,0,0,0,0,0,0,0,0,,,,,,,,20260706
,,,12600194118M,Abisko Trail Shirt LS M,FRV,1,0,0,0,0,0,0,0,0,0,0,0,0,0,0,,,,,,,,0,0,0,0,1,0,1,0,0,1,0,0,0,,,,,,,,0,0,0,0,0,0,0,0,0,0,0,0,0,,,,,,,,20260706
,,,12600194118S,Abisko Trail Shirt LS M,FRV,0,0,0,0,0,0,0,0,0,0,0,0,0,0,0,,,,,,,,0,0,0,0,1,1,1,0,0,1,0,1,0,,,,,,,,0,0,0,0,0,0,0,0,0,0,0,0,0,,,,,,,,20260706
,,,12600194620L,Abisko Trail Shirt LS M,FRV,0,2,0,0,0,0,0,0,0,0,0,0,0,0,0,,,,,,,,0,1,0,1,1,1,0,1,1,1,0,1,0,,,,,,,,0,0,0,0,0,0,0,0,0,0,0,0,0,,,,,,,,20260706
,,,12600194620M,Abisko Trail Shirt LS M,FRV,0,3,0,0,0,0,0,0,0,0,0,0,0,0,0,,,,,,,,0,1,0,1,1,1,0,1,1,1,0,1,0,,,,,,,,0,0,0,0,0,0,0,0,0,0,0,0,0,,,,,,,,20260706
,,,12600194620S,Abisko Trail Shirt LS M,FRV,0,1,0,0,0,0,0,0,0,0,0,0,0,0,0,,,,,,,,0,1,0,1,1,1,1,1,1,1,0,1,0,,,,,,,,0,0,0,0,0,0,0,0,0,0,0,0,0,,,,,,,,20260706
,,,12600215113L,Hemp Blend T-shirt M,FRV,0,4,0,0,0,0,0,0,0,0,0,0,0,0,0,,,,,,,,0,1,0,2,1,1,0,1,0,1,1,1,0,,,,,,,,0,0,0,0,0,0,0,0,0,0,0,0,0,,,,,,,,20260706
,,,12600215113M,Hemp Blend T-shirt M,FRV,1,2,0,0,0,0,0,0,0,0,0,0,0,0,0,,,,,,,,0,1,0,2,1,1,1,1,0,1,1,1,0,,,,,,,,0,0,0,0,0,0,0,0,0,0,0,0,0,,,,,,,,20260706
,,,12600215113S,Hemp Blend T-shirt M,FRV,0,3,0,0,0,0,0,0,0,0,0,0,0,0,0,,,,,,,,0,1,0,2,1,1,0,1,0,1,1,1,0,,,,,,,,0,0,0,0,0,0,0,0,0,0,0,0,0,,,,,,,,20260706
,,,12600215244L,Hemp Blend T-shirt M,FRV,0,1,0,0,0,0,0,0,0,0,0,0,0,0,0,,,,,,,,0,1,0,2,1,1,1,1,0,1,1,1,0,,,,,,,,0,0,0,0,0,0,0,0,0,0,0,0,0,,,,,,,,20260706
,,,12600215244M,Hemp Blend T-shirt M,FRV,0,1,0,0,0,0,0,0,0,0,0,0,0,0,0,,,,,,,,0,0,0,1,1,1,1,1,0,1,0,1,0,,,,,,,,0,0,0,0,0,0,0,0,0,0,0,0,0,,,,,,,,20260706
,,,12600215244S,Hemp Blend T-shirt M,FRV,0,0,0,0,0,0,0,0,0,0,0,0,0,0,0,,,,,,,,0,1,0,1,0,0,1,1,0,1,1,1,0,,,,,,,,0,0,0,0,0,0,0,0,0,0,0,0,0,,,,,,,,20260706
,,,12600215302L,Hemp Blend T-shirt M,FRV,0,0,0,0,0,0,0,0,0,0,0,0,0,0,0,,,,,,,,0,1,0,0,1,1,0,1,0,1,0,2,0,,,,,,,,0,0,0,0,0,0,0,0,0,0,0,0,0,,,,,,,,20260706
,,,12600215302M,Hemp Blend T-shirt M,FRV,0,0,0,0,0,0,0,0,0,0,0,0,0,0,0,,,,,,,,0,0,0,1,1,1,0,1,0,1,1,0,0,,,,,,,,0,0,0,0,0,0,0,0,0,0,0,0,0,,,,,,,,20260706
,,,12600215302S,Hemp Blend T-shirt M,FRV,0,0,0,0,0,0,0,0,0,0,0,0,0,0,0,,,,,,,,0,0,0,1,0,0,0,1,0,0,0,0,0,,,,,,,,0,0,0,0,0,0,0,0,0,0,0,0,0,,,,,,,,20260706
,,,12600215302XS,Hemp Blend T-shirt M,FRV,0,0,0,0,0,0,0,0,0,0,0,0,0,0,0,,,,,,,,0,0,0,1,0,0,0,0,0,0,0,1,0,,,,,,,,0,0,0,0,0,0,0,0,0,0,0,0,0,,,,,,,,20260706
,,,12600215543L,Hemp Blend T-shirt M,FRV,0,3,0,0,0,0,0,0,0,0,0,0,0,0,0,,,,,,,,0,1,0,1,1,1,1,1,0,1,1,1,0,,,,,,,,0,0,0,0,0,0,0,0,0,0,0,0,0,,,,,,,,20260706
,,,12600215543M,Hemp Blend T-shirt M,FRV,0,0,0,0,0,0,0,0,0,0,0,0,0,0,0,,,,,,,,0,2,0,2,1,1,1,1,0,1,1,1,0,,,,,,,,0,0,0,0,0,0,0,0,0,0,0,0,0,,,,,,,,20260706
,,,12600215543S,Hemp Blend T-shirt M,FRV,0,1,0,0,0,0,0,0,0,0,0,0,0,0,0,,,,,,,,0,1,0,2,1,1,0,1,0,1,1,1,0,,,,,,,,0,0,0,0,0,0,0,0,0,0,0,0,0,,,,,,,,20260706
,,,12600215550L,Hemp Blend T-shirt M,FRV,0,0,0,0,0,0,0,0,0,0,0,0,0,0,0,,,,,,,,0,0,0,1,0,0,0,0,0,0,0,0,0,,,,,,,,0,0,0,0,0,0,0,0,0,0,0,0,0,,,,,,,,20260706
,,,12600215550S,Hemp Blend T-shirt M,FRV,0,0,0,0,0,0,0,0,0,0,0,0,0,0,0,,,,,,,,0,0,0,1,0,0,0,0,0,0,0,0,0,,,,,,,,0,0,0,0,0,0,0,0,0,0,0,0,0,,,,,,,,20260706
,,,12600215620L,Hemp Blend T-shirt M,FRV,0,0,0,0,0,0,0,0,0,0,0,0,0,0,0,,,,,,,,0,0,0,1,0,0,0,0,0,1,0,0,0,,,,,,,,0,0,0,0,0,0,0,0,0,0,0,0,0,,,,,,,,20260706
,,,12600215620M,Hemp Blend T-shirt M,FRV,0,0,0,0,0,0,0,0,0,0,0,0,0,0,0,,,,,,,,0,0,0,1,0,0,0,0,0,1,1,2,0,,,,,,,,0,0,0,0,0,0,0,0,0,0,0,0,0,,,,,,,,20260706
,,,12600215620S,Hemp Blend T-shirt M,FRV,0,0,0,0,0,0,0,0,0,0,0,0,0,0,0,,,,,,,,0,0,0,1,0,0,0,0,0,1,1,1,0,,,,,,,,0,0,0,0,0,0,0,0,0,0,0,0,0,,,,,,,,20260706
,,,12600216113L,Walk With Nature T-shirt M,FRV,0,0,0,0,0,0,0,0,0,0,0,0,0,0,0,,,,,,,,0,1,0,1,1,0,1,1,0,1,1,1,1,,,,,,,,0,0,0,0,0,0,0,0,0,0,0,0,0,,,,,,,,20260706
,,,12600216113M,Walk With Nature T-shirt M,FRV,0,0,0,0,0,0,0,0,0,0,0,0,0,0,0,,,,,,,,0,0,0,1,0,0,1,1,0,1,1,1,1,,,,,,,,0,0,0,0,0,0,0,0,0,0,0,0,0,,,,,,,,20260706
,,,12600216113S,Walk With Nature T-shirt M,FRV,0,0,0,0,0,0,0,0,0,0,0,0,0,0,0,,,,,,,,0,1,0,1,0,0,1,0,0,1,1,1,1,,,,,,,,0,0,0,0,0,0,0,0,0,0,0,0,0,,,,,,,,20260706
,,,12600216214M,Walk With Nature T-shirt M,FRV,0,0,0,0,0,0,0,0,0,0,0,0,0,0,0,,,,,,,,0,0,0,1,0,0,0,0,0,0,0,0,0,,,,,,,,0,0,0,0,0,0,0,0,0,0,0,0,0,,,,,,,,20260706
,,,12600216244L,Walk With Nature T-shirt M,FRV,0,3,0,0,0,0,0,0,0,0,0,0,0,0,0,,,,,,,,0,1,0,1,1,1,0,1,0,1,1,1,1,,,,,,,,0,0,0,0,0,0,0,0,0,0,0,0,0,,,,,,,,20260706
,,,12600216244M,Walk With Nature T-shirt M,FRV,0,0,0,0,0,0,0,0,0,0,0,0,0,0,0,,,,,,,,0,0,0,1,1,1,0,1,0,1,1,1,1,,,,,,,,0,0,0,0,0,0,0,0,0,0,0,0,0,,,,,,,,20260706
,,,12600216244S,Walk With Nature T-shirt M,FRV,0,0,0,0,0,0,0,0,0,0,0,0,0,0,0,,,,,,,,0,1,0,1,1,1,1,1,0,1,1,1,1,,,,,,,,0,0,0,0,0,0,0,0,0,0,0,0,0,,,,,,,,20260706
,,,12600216555M,Walk With Nature T-shirt M,FRV,0,0,0,0,0,0,0,0,0,0,0,0,0,0,0,,,,,,,,0,0,0,1,0,0,0,0,0,0,0,0,0,,,,,,,,0,0,0,0,0,0,0,0,0,0,0,0,0,,,,,,,,20260706
,,,12600216555S,Walk With Nature T-shirt M,FRV,0,0,0,0,0,0,0,0,0,0,0,0,0,0,0,,,,,,,,0,0,0,1,0,0,0,0,0,0,0,0,0,,,,,,,,0,0,0,0,0,0,0,0,0,0,0,0,0,,,,,,,,20260706
,,,12600216620L,Walk With Nature T-shirt M,FRV,0,0,0,0,0,0,0,0,0,0,0,0,0,0,0,,,,,,,,0,0,0,1,0,0,0,0,0,0,0,0,0,,,,,,,,0,0,0,0,0,0,0,0,0,0,0,0,0,,,,,,,,20260706
,,,12600216620M,Walk With Nature T-shirt M,FRV,0,0,0,0,0,0,0,0,0,0,0,0,0,0,0,,,,,,,,0,0,0,1,0,0,0,0,0,0,0,0,0,,,,,,,,0,0,0,0,0,0,0,0,0,0,0,0,0,,,,,,,,20260706
,,,12600216620S,Walk With Nature T-shirt M,FRV,0,0,0,0,0,0,0,0,0,0,0,0,0,0,0,,,,,,,,0,0,0,0,1,0,0,0,0,0,0,0,0,,,,,,,,0,0,0,0,0,0,0,0,0,0,0,0,0,,,,,,,,20260706
,,,12600217550M,Ovik Lite Fleece Jacket M,FRV,1,0,0,0,0,0,0,0,0,0,0,0,0,0,0,,,,,,,,0,0,0,1,0,0,0,0,0,0,0,0,0,,,,,,,,0,0,0,0,0,0,0,0,0,0,0,0,0,,,,,,,,20260706
,,,12600217550S,Ovik Lite Fleece Jacket M,FRV,1,0,0,0,0,0,0,0,0,0,0,0,0,0,0,,,,,,,,0,0,0,1,0,0,0,0,0,0,0,0,0,,,,,,,,0,0,0,0,0,0,0,0,0,0,0,0,0,,,,,,,,20260706
,,,12600217550XS,Ovik Lite Fleece Jacket M,FRV,3,0,0,0,0,0,0,0,0,0,0,0,0,0,0,,,,,,,,0,0,0,1,0,0,0,0,0,0,0,0,0,,,,,,,,0,0,0,0,0,0,0,0,0,0,0,0,0,,,,,,,,20260706
,,,12600219113L,Lush Logo T-shirt M,FRV,0,0,0,0,0,0,0,0,0,0,0,0,0,0,0,,,,,,,,0,0,0,1,0,0,0,0,0,0,0,0,0,,,,,,,,0,0,0,0,0,0,0,0,0,0,0,0,0,,,,,,,,20260706
,,,12600219113M,Lush Logo T-shirt M,FRV,0,0,0,0,0,0,0,0,0,0,0,0,0,0,0,,,,,,,,0,0,0,0,0,1,0,0,0,0,0,1,0,,,,,,,,0,0,0,0,0,0,0,0,0,0,0,0,0,,,,,,,,20260706
,,,12600219113S,Lush Logo T-shirt M,FRV,0,0,0,0,0,0,0,0,0,0,0,0,0,0,0,,,,,,,,0,0,0,0,0,1,0,0,0,1,1,2,0,,,,,,,,0,0,0,0,0,0,0,0,0,0,0,0,0,,,,,,,,20260706
,,,12600219118M,Lush Logo T-shirt M,FRV,0,0,0,0,0,0,0,0,0,0,0,0,0,0,0,,,,,,,,0,0,0,1,0,0,0,0,0,0,0,0,0,,,,,,,,0,0,0,0,0,0,0,0,0,0,0,0,0,,,,,,,,20260706
,,,12600219166L,Lush Logo T-shirt M,FRV,0,0,0,0,0,0,0,0,0,0,0,0,0,0,0,,,,,,,,0,0,0,0,0,0,0,0,0,0,1,0,0,,,,,,,,0,0,0,0,0,0,0,0,0,0,0,0,0,,,,,,,,20260706
,,,12600219166M,Lush Logo T-shirt M,FRV,0,0,0,0,0,0,0,0,0,0,0,0,0,0,0,,,,,,,,0,0,0,1,0,0,0,0,0,0,0,0,0,,,,,,,,0,0,0,0,0,0,0,0,0,0,0,0,0,,,,,,,,20260706
,,,12600219166S,Lush Logo T-shirt M,FRV,0,0,0,0,0,0,0,0,0,0,0,0,0,0,0,,,,,,,,0,0,0,0,0,0,0,1,0,0,1,0,0,,,,,,,,0,0,0,0,0,0,0,0,0,0,0,0,0,,,,,,,,20260706
,,,12600219625L,Lush Logo T-shirt M,FRV,0,0,0,0,0,0,0,0,0,0,0,0,0,0,0,,,,,,,,0,0,0,0,0,1,0,0,0,0,0,0,0,,,,,,,,0,0,0,0,0,0,0,0,0,0,0,0,0,,,,,,,,20260706
,,,12600219625M,Lush Logo T-shirt M,FRV,0,0,0,0,0,0,0,0,0,0,0,0,0,0,0,,,,,,,,0,0,0,1,0,0,0,0,0,0,0,1,0,,,,,,,,0,0,0,0,0,0,0,0,0,0,0,0,0,,,,,,,,20260706
,,,12600219625S,Lush Logo T-shirt M,FRV,0,0,0,0,0,0,0,0,0,0,0,0,0,0,0,,,,,,,,0,0,0,0,0,0,0,0,0,0,0,2,0,,,,,,,,0,0,0,0,0,0,0,0,0,0,0,0,0,,,,,,,,20260706
,,,12600230020-999L,Fjallraven Classic Sweater M,FRV,0,0,0,0,0,0,0,0,0,0,0,0,0,0,0,,,,,,,,0,0,0,1,0,1,0,0,0,0,0,0,0,,,,,,,,0,0,0,0,0,0,0,0,0,0,0,0,0,,,,,,,,20260706
,,,12600230020-999M,Fjallraven Classic Sweater M,FRV,3,0,0,0,0,0,0,0,0,0,0,0,0,0,0,,,,,,,,0,1,0,1,1,1,2,1,1,0,1,1,0,,,,,,,,0,0,0,0,0,0,0,0,0,0,0,0,0,,,,,,,,20260706
,,,12600230020-999S,Fjallraven Classic Sweater M,FRV,0,0,0,0,0,0,0,0,0,0,0,0,0,0,0,,,,,,,,0,0,0,0,0,1,0,0,0,0,0,0,0,,,,,,,,0,0,0,0,0,0,0,0,0,0,0,0,0,,,,,,,,20260706
,,,12600230020-999XS,Fjallraven Classic Sweater M,FRV,0,0,0,0,0,0,0,0,0,0,0,0,0,0,0,,,,,,,,0,0,0,0,0,0,0,0,0,0,0,1,0,,,,,,,,0,0,0,0,0,0,0,0,0,0,0,0,0,,,,,,,,20260706
,,,12600230555M,Fjallraven Classic Sweater M,FRV,0,0,0,0,0,0,0,0,0,0,0,0,0,0,0,,,,,,,,0,0,0,0,0,1,1,0,0,0,0,0,0,,,,,,,,0,0,0,0,0,0,0,0,0,0,0,0,0,,,,,,,,20260706
,,,12600230555S,Fjallraven Classic Sweater M,FRV,1,0,0,0,0,0,0,0,0,0,0,0,0,0,0,,,,,,,,0,1,0,0,1,1,0,1,1,0,1,0,0,,,,,,,,0,0,0,0,0,0,0,0,0,0,0,0,0,,,,,,,,20260706
,,,12600230555XS,Fjallraven Classic Sweater M,FRV,0,0,0,0,0,0,0,0,0,0,0,0,0,0,0,,,,,,,,0,0,0,0,1,0,0,0,0,0,0,0,0,,,,,,,,0,0,0,0,0,0,0,0,0,0,0,0,0,,,,,,,,20260706
,,,12600231020-999L,Fjallraven Classic Hoodie M,FRV,0,0,0,0,0,0,0,0,0,0,0,0,0,0,0,,,,,,,,0,0,0,0,1,0,0,0,0,0,0,0,0,,,,,,,,0,0,0,0,0,0,0,0,0,0,0,0,0,,,,,,,,20260706
,,,12600231020-999M,Fjallraven Classic Hoodie M,FRV,1,0,0,0,0,0,0,0,0,0,0,0,0,0,0,,,,,,,,0,0,0,0,1,1,0,0,0,0,0,0,0,,,,,,,,0,0,0,0,0,0,0,0,0,0,0,0,0,,,,,,,,20260706
,,,12600231020-999S,Fjallraven Classic Hoodie M,FRV,1,0,0,0,0,0,0,0,0,0,0,0,0,0,0,,,,,,,,0,0,0,1,0,2,0,0,0,0,0,0,0,,,,,,,,0,0,0,0,0,0,0,0,0,0,0,0,0,,,,,,,,20260706
,,,12600231020-999XS,Fjallraven Classic Hoodie M,FRV,1,0,0,0,0,0,0,0,0,0,0,0,0,0,0,,,,,,,,0,1,0,1,0,1,0,0,0,0,0,0,0,,,,,,,,0,0,0,0,0,0,0,0,0,0,0,0,0,,,,,,,,20260706
,,,12600231555M,Fjallraven Classic Hoodie M,FRV,0,0,0,0,0,0,0,0,0,0,0,0,0,0,0,,,,,,,,0,1,0,1,1,1,0,0,0,0,1,0,0,,,,,,,,0,0,0,0,0,0,0,0,0,0,0,0,0,,,,,,,,20260706
,,,12600231555S,Fjallraven Classic Hoodie M,FRV,1,0,0,0,0,0,0,0,0,0,0,0,0,0,0,,,,,,,,0,1,0,1,0,1,1,1,0,0,1,0,0,,,,,,,,0,0,0,0,0,0,0,0,0,0,0,0,0,,,,,,,,20260706
,,,12600231555XS,Fjallraven Classic Hoodie M,FRV,2,0,0,0,0,0,0,0,0,0,0,0,0,0,0,,,,,,,,0,1,0,1,1,2,2,1,1,0,1,1,0,,,,,,,,0,0,0,0,0,0,0,0,0,0,0,0,0,,,,,,,,20260706
,,,12600232113L,Fjallraven Heavy Classic T-shirt M,FRV,0,5,0,0,0,0,0,0,0,0,0,0,0,0,0,,,,,,,,0,1,0,1,1,1,1,1,0,1,1,1,0,,,,,,,,0,0,0,0,0,0,0,0,0,0,0,0,0,,,,,,,,20260706
,,,12600232113M,Fjallraven Heavy Classic T-shirt M,FRV,0,0,0,0,0,0,0,0,0,0,0,0,0,0,0,,,,,,,,0,1,0,1,1,1,0,1,0,1,1,1,0,,,,,,,,0,0,0,0,0,0,0,0,0,0,0,0,0,,,,,,,,20260706
,,,12600232113S,Fjallraven Heavy Classic T-shirt M,FRV,1,0,0,0,0,0,0,0,0,0,0,0,0,0,0,,,,,,,,0,1,0,1,1,1,1,1,0,1,1,1,0,,,,,,,,0,0,0,0,0,0,0,0,0,0,0,0,0,,,,,,,,20260706
,,,12600232113XL,Fjallraven Heavy Classic T-shirt M,FRV,0,1,0,0,0,0,0,0,0,0,0,0,0,0,0,,,,,,,,0,1,0,1,1,1,1,1,0,1,1,1,0,,,,,,,,0,0,0,0,0,0,0,0,0,0,0,0,0,,,,,,,,20260706
,,,12600232113XS,Fjallraven Heavy Classic T-shirt M,FRV,0,0,0,0,0,0,0,0,0,0,0,0,0,0,0,,,,,,,,0,0,0,1,0,0,0,0,0,0,0,0,0,,,,,,,,0,0,0,0,0,0,0,0,0,0,0,0,0,,,,,,,,20260706
,,,12600232550L,Fjallraven Heavy Classic T-shirt M,FRV,0,1,0,0,0,0,0,0,0,0,0,0,0,0,0,,,,,,,,0,1,0,0,1,1,1,1,0,1,1,1,0,,,,,,,,0,0,0,0,0,0,0,0,0,0,0,0,0,,,,,,,,20260706
,,,12600232550M,Fjallraven Heavy Classic T-shirt M,FRV,0,0,0,0,0,0,0,0,0,0,0,0,0,0,0,,,,,,,,0,1,0,1,1,1,1,0,0,1,1,1,0,,,,,,,,0,0,0,0,0,0,0,0,0,0,0,0,0,,,,,,,,20260706
,,,12600232550S,Fjallraven Heavy Classic T-shirt M,FRV,1,2,0,0,0,0,0,0,0,0,0,0,0,0,0,,,,,,,,0,1,0,1,0,1,1,1,0,1,1,1,0,,,,,,,,0,0,0,0,0,0,0,0,0,0,0,0,0,,,,,,,,20260706
,,,12600232550XL,Fjallraven Heavy Classic T-shirt M,FRV,0,0,0,0,0,0,0,0,0,0,0,0,0,0,0,,,,,,,,0,1,0,1,1,1,0,0,0,0,1,1,0,,,,,,,,0,0,0,0,0,0,0,0,0,0,0,0,0,,,,,,,,20260706
,,,12600232550XS,Fjallraven Heavy Classic T-shirt M,FRV,0,0,0,0,0,0,0,0,0,0,0,0,0,0,0,,,,,,,,0,0,0,1,0,0,0,0,0,1,1,0,0,,,,,,,,0,0,0,0,0,0,0,0,0,0,0,0,0,,,,,,,,20260706
,,,12600232625L,Fjallraven Heavy Classic T-shirt M,FRV,0,0,0,0,0,0,0,0,0,0,0,0,0,0,0,,,,,,,,0,1,0,1,0,0,0,0,0,1,0,0,0,,,,,,,,0,0,0,0,0,0,0,0,0,0,0,0,0,,,,,,,,20260706
,,,12600232625M,Fjallraven Heavy Classic T-shirt M,FRV,1,0,0,0,0,0,0,0,0,0,0,0,0,0,0,,,,,,,,0,1,0,1,0,1,0,1,0,1,1,1,0,,,,,,,,0,0,0,0,0,0,0,0,0,0,0,0,0,,,,,,,,20260706
,,,12600232625S,Fjallraven Heavy Classic T-shirt M,FRV,1,0,0,0,0,0,0,0,0,0,0,0,0,0,0,,,,,,,,0,1,0,1,0,1,0,1,0,1,1,0,0,,,,,,,,0,0,0,0,0,0,0,0,0,0,0,0,0,,,,,,,,20260706
,,,12600232625XS,Fjallraven Heavy Classic T-shirt M,FRV,0,0,0,0,0,0,0,0,0,0,0,0,0,0,0,,,,,,,,0,0,0,0,0,1,0,0,0,1,1,1,0,,,,,,,,0,0,0,0,0,0,0,0,0,0,0,0,0,,,,,,,,20260706
,,,12600244550XS,Ovik Lite Fleece Vest M,FRV,1,0,0,0,0,0,0,0,0,0,0,0,0,0,0,,,,,,,,0,0,0,1,0,1,1,0,0,0,0,0,0,,,,,,,,0,0,0,0,0,0,0,0,0,0,0,0,0,,,,,,,,20260706
,,,12600249555L,High Coast Pack Shirt SS M,FRV,0,0,0,0,0,0,0,0,0,0,0,0,0,0,0,,,,,,,,0,1,0,1,1,1,1,1,0,1,1,1,0,,,,,,,,0,0,0,0,0,0,0,0,0,0,0,0,0,,,,,,,,20260706
,,,12600249555M,High Coast Pack Shirt SS M,FRV,0,2,0,0,0,0,0,0,0,0,0,0,0,0,0,,,,,,,,0,1,0,1,1,1,1,0,1,1,1,1,0,,,,,,,,0,0,0,0,0,0,0,0,0,0,0,0,0,,,,,,,,20260706
,,,12600249555S,High Coast Pack Shirt SS M,FRV,0,0,0,0,0,0,0,0,0,0,0,0,0,0,0,,,,,,,,0,1,0,1,0,1,1,1,1,1,1,1,0,,,,,,,,0,0,0,0,0,0,0,0,0,0,0,0,0,,,,,,,,20260706
,,,12600249625L,High Coast Pack Shirt SS M,FRV,0,0,0,0,0,0,0,0,0,0,0,0,0,0,0,,,,,,,,0,1,0,1,1,1,1,1,1,1,1,1,0,,,,,,,,0,0,0,0,0,0,0,0,0,0,0,0,0,,,,,,,,20260706
,,,12600249625M,High Coast Pack Shirt SS M,FRV,3,2,0,0,0,0,0,0,0,0,0,0,0,0,0,,,,,,,,0,1,0,1,1,1,1,0,1,1,1,1,0,,,,,,,,0,0,0,0,0,0,0,0,0,0,0,0,0,,,,,,,,20260706
,,,12600249625S,High Coast Pack Shirt SS M,FRV,1,2,0,0,0,0,0,0,0,0,0,0,0,0,0,,,,,,,,0,1,0,1,1,1,1,1,1,1,1,1,0,,,,,,,,0,0,0,0,0,0,0,0,0,0,0,0,0,,,,,,,,20260706
,,,12600257020-999L,Abisko Lite SS M,FRV,0,0,0,0,0,0,0,0,0,0,0,0,0,0,0,,,,,,,,0,0,0,1,0,0,0,0,0,0,0,1,0,,,,,,,,0,0,0,0,0,0,0,0,0,0,0,0,0,,,,,,,,20260706
,,,12600257020-999M,Abisko Lite SS M,FRV,3,0,0,0,0,0,0,0,0,0,0,0,0,0,0,,,,,,,,0,1,0,1,1,1,0,1,1,1,1,1,0,,,,,,,,0,0,0,0,0,0,0,0,0,0,0,0,0,,,,,,,,20260706
,,,12600257020-999S,Abisko Lite SS M,FRV,2,1,0,0,0,0,0,0,0,0,0,0,0,0,0,,,,,,,,0,1,0,1,1,0,0,0,1,1,1,1,0,,,,,,,,0,0,0,0,0,0,0,0,0,0,0,0,0,,,,,,,,20260706
,,,12600257550L,Abisko Lite SS M,FRV,0,0,0,0,0,0,0,0,0,0,0,0,0,0,0,,,,,,,,0,1,0,1,0,1,0,0,0,1,0,0,0,,,,,,,,0,0,0,0,0,0,0,0,0,0,0,0,0,,,,,,,,20260706
,,,12600257550M,Abisko Lite SS M,FRV,6,1,0,0,0,0,0,0,0,0,0,0,0,0,0,,,,,,,,0,1,0,1,1,1,0,1,1,1,1,1,0,,,,,,,,0,0,0,0,0,0,0,0,0,0,0,0,0,,,,,,,,20260706
,,,12600257550S,Abisko Lite SS M,FRV,6,3,0,0,0,0,0,0,0,0,0,0,0,0,0,,,,,,,,0,1,0,1,1,1,0,1,1,1,1,1,0,,,,,,,,0,0,0,0,0,0,0,0,0,0,0,0,0,,,,,,,,20260706
,,,12600257555S,Abisko Lite SS M,FRV,0,0,0,0,0,0,0,0,0,0,0,0,0,0,0,,,,,,,,0,0,0,0,1,0,0,0,0,0,0,0,0,,,,,,,,0,0,0,0,0,0,0,0,0,0,0,0,0,,,,,,,,20260706
,,,12600265113L,Hemp Blend Out Here T-shirt M,FRV,0,0,0,0,0,0,0,0,0,0,0,0,0,0,0,,,,,,,,0,1,0,0,0,1,0,0,0,1,1,1,0,,,,,,,,0,0,0,0,0,0,0,0,0,0,0,0,0,,,,,,,,20260706
,,,12600265113M,Hemp Blend Out Here T-shirt M,FRV,0,0,0,0,0,0,0,0,0,0,0,0,0,0,0,,,,,,,,0,1,0,1,1,1,0,0,0,1,1,1,1,,,,,,,,0,0,0,0,0,0,0,0,0,0,0,0,0,,,,,,,,20260706
,,,12600265113S,Hemp Blend Out Here T-shirt M,FRV,1,0,0,0,0,0,0,0,0,0,0,0,0,0,0,,,,,,,,0,1,0,1,1,1,0,0,0,1,1,1,1,,,,,,,,0,0,0,0,0,0,0,0,0,0,0,0,0,,,,,,,,20260706
,,,12600265113XS,Hemp Blend Out Here T-shirt M,FRV,0,0,0,0,0,0,0,0,0,0,0,0,0,0,0,,,,,,,,0,0,0,1,0,0,0,0,0,0,1,1,0,,,,,,,,0,0,0,0,0,0,0,0,0,0,0,0,0,,,,,,,,20260706
,,,12600265160M,Hemp Blend Out Here T-shirt M,FRV,0,0,0,0,0,0,0,0,0,0,0,0,0,0,0,,,,,,,,0,0,0,1,0,0,0,0,0,0,1,0,0,,,,,,,,0,0,0,0,0,0,0,0,0,0,0,0,0,,,,,,,,20260706
,,,12600265620L,Hemp Blend Out Here T-shirt M,FRV,0,0,0,0,0,0,0,0,0,0,0,0,0,0,0,,,,,,,,0,0,0,1,0,0,0,0,0,1,0,0,0,,,,,,,,0,0,0,0,0,0,0,0,0,0,0,0,0,,,,,,,,20260706
,,,12600265620M,Hemp Blend Out Here T-shirt M,FRV,0,0,0,0,0,0,0,0,0,0,0,0,0,0,0,,,,,,,,0,0,0,1,1,1,0,0,0,1,1,1,1,,,,,,,,0,0,0,0,0,0,0,0,0,0,0,0,0,,,,,,,,20260706
,,,12600265620S,Hemp Blend Out Here T-shirt M,FRV,1,0,0,0,0,0,0,0,0,0,0,0,0,0,0,,,,,,,,0,1,0,1,1,1,0,0,0,1,1,1,1,,,,,,,,0,0,0,0,0,0,0,0,0,0,0,0,0,,,,,,,,20260706
,,,12600265620XS,Hemp Blend Out Here T-shirt M,FRV,0,0,0,0,0,0,0,0,0,0,0,0,0,0,0,,,,,,,,0,0,0,1,0,0,0,0,0,0,0,1,0,,,,,,,,0,0,0,0,0,0,0,0,0,0,0,0,0,,,,,,,,20260706
,,,12600268113L,Multicolor Logo T-shirt M,FRV,0,0,0,0,0,0,0,0,0,0,0,0,0,0,0,,,,,,,,0,1,0,1,0,0,1,0,0,1,1,1,0,,,,,,,,0,0,0,0,0,0,0,0,0,0,0,0,0,,,,,,,,20260706
,,,12600268113M,Multicolor Logo T-shirt M,FRV,0,0,0,0,0,0,0,0,0,0,0,0,0,0,0,,,,,,,,0,1,0,1,1,1,0,1,0,1,1,1,0,,,,,,,,0,0,0,0,0,0,0,0,0,0,0,0,0,,,,,,,,20260706
,,,12600268113S,Multicolor Logo T-shirt M,FRV,0,0,0,0,0,0,0,0,0,0,0,0,0,0,0,,,,,,,,0,1,0,0,1,0,1,0,0,1,0,0,0,,,,,,,,0,0,0,0,0,0,0,0,0,0,0,0,0,,,,,,,,20260706
,,,12600268244L,Multicolor Logo T-shirt M,FRV,0,0,0,0,0,0,0,0,0,0,0,0,0,0,0,,,,,,,,0,1,0,1,1,0,1,0,0,1,1,1,0,,,,,,,,0,0,0,0,0,0,0,0,0,0,0,0,0,,,,,,,,20260706
,,,12600268244M,Multicolor Logo T-shirt M,FRV,0,1,0,0,0,0,0,0,0,0,0,0,0,0,0,,,,,,,,0,1,0,0,1,1,1,1,0,1,1,1,0,,,,,,,,0,0,0,0,0,0,0,0,0,0,0,0,0,,,,,,,,20260706
,,,12600268244S,Multicolor Logo T-shirt M,FRV,0,0,0,0,0,0,0,0,0,0,0,0,0,0,0,,,,,,,,0,1,0,1,1,0,1,0,0,1,1,1,0,,,,,,,,0,0,0,0,0,0,0,0,0,0,0,0,0,,,,,,,,20260706
,,,12600268625L,Multicolor Logo T-shirt M,FRV,0,0,0,0,0,0,0,0,0,0,0,0,0,0,0,,,,,,,,0,1,0,0,1,1,1,0,0,1,1,1,0,,,,,,,,0,0,0,0,0,0,0,0,0,0,0,0,0,,,,,,,,20260706
,,,12600268625M,Multicolor Logo T-shirt M,FRV,0,0,0,0,0,0,0,0,0,0,0,0,0,0,0,,,,,,,,0,1,0,1,1,1,0,1,0,1,1,1,0,,,,,,,,0,0,0,0,0,0,0,0,0,0,0,0,0,,,,,,,,20260706
,,,12600268625S,Multicolor Logo T-shirt M,FRV,0,0,0,0,0,0,0,0,0,0,0,0,0,0,0,,,,,,,,0,1,0,1,1,1,1,0,0,1,1,1,0,,,,,,,,0,0,0,0,0,0,0,0,0,0,0,0,0,,,,,,,,20260706
,,,12600301244L,Keb Fleece Crew Neck M,FRV,1,0,0,0,0,0,0,0,0,0,0,0,0,0,0,,,,,,,,0,0,0,1,0,0,0,0,0,0,0,0,0,,,,,,,,0,0,0,0,0,0,0,0,0,0,0,0,0,,,,,,,,20260706
,,,12600301244M,Keb Fleece Crew Neck M,FRV,3,0,0,0,0,0,0,0,0,0,0,0,0,0,0,,,,,,,,0,0,0,1,0,0,0,0,0,0,0,0,0,,,,,,,,0,0,0,0,0,0,0,0,0,0,0,0,0,,,,,,,,20260706
,,,12600301244S,Keb Fleece Crew Neck M,FRV,1,0,0,0,0,0,0,0,0,0,0,0,0,0,0,,,,,,,,0,0,0,1,0,0,0,0,0,0,0,0,0,,,,,,,,0,0,0,0,0,0,0,0,0,0,0,0,0,,,,,,,,20260706
,,,12600301550L,Keb Fleece Crew Neck M,FRV,1,0,0,0,0,0,0,0,0,0,0,0,0,0,0,,,,,,,,0,0,0,1,0,0,0,0,0,0,0,0,0,,,,,,,,0,0,0,0,0,0,0,0,0,0,0,0,0,,,,,,,,20260706
,,,12600301550M,Keb Fleece Crew Neck M,FRV,3,0,0,0,0,0,0,0,0,0,0,0,0,0,0,,,,,,,,0,0,0,1,0,0,0,0,0,0,0,0,0,,,,,,,,0,0,0,0,0,0,0,0,0,0,0,0,0,,,,,,,,20260706
,,,12600301550S,Keb Fleece Crew Neck M,FRV,1,0,0,0,0,0,0,0,0,0,0,0,0,0,0,,,,,,,,0,0,0,1,0,0,0,0,0,0,0,0,0,,,,,,,,0,0,0,0,0,0,0,0,0,0,0,0,0,,,,,,,,20260706
,,,12600304191L,Ovik Waffle Knit M,FRV,1,0,0,0,0,0,0,0,0,0,0,0,0,0,0,,,,,,,,0,0,0,0,0,0,0,0,0,0,0,0,0,,,,,,,,0,0,0,0,0,0,0,0,0,0,0,0,0,,,,,,,,20260706
,,,12600304191M,Ovik Waffle Knit M,FRV,1,0,0,0,0,0,0,0,0,0,0,0,0,0,0,,,,,,,,0,0,0,0,0,0,0,0,0,0,0,0,0,,,,,,,,0,0,0,0,0,0,0,0,0,0,0,0,0,,,,,,,,20260706
,,,12600304191XL,Ovik Waffle Knit M,FRV,1,0,0,0,0,0,0,0,0,0,0,0,0,0,0,,,,,,,,0,0,0,0,0,0,0,0,0,0,0,0,0,,,,,,,,0,0,0,0,0,0,0,0,0,0,0,0,0,,,,,,,,20260706
,,,12600311625-113L,Ovik Lite Flannel Shirt M,FRV,0,0,0,0,0,0,0,0,0,0,0,0,0,0,0,,,,,,,,0,0,0,0,0,0,1,0,0,0,0,0,0,,,,,,,,0,0,0,0,0,0,0,0,0,0,0,0,0,,,,,,,,20260706
,,,12600311625-113M,Ovik Lite Flannel Shirt M,FRV,2,0,0,0,0,0,0,0,0,0,0,0,0,0,0,,,,,,,,0,0,0,0,0,0,1,0,0,0,0,0,0,,,,,,,,0,0,0,0,0,0,0,0,0,0,0,0,0,,,,,,,,20260706
,,,12600311625-113S,Ovik Lite Flannel Shirt M,FRV,2,0,0,0,0,0,0,0,0,0,0,0,0,0,0,,,,,,,,0,0,0,0,0,0,1,0,0,0,0,0,0,,,,,,,,0,0,0,0,0,0,0,0,0,0,0,0,0,,,,,,,,20260706
,,,12600317114M,Abisko Wool Hoodie M,FRV,1,1,0,0,0,0,0,0,0,0,0,0,0,0,0,,,,,,,,0,0,0,2,1,1,1,0,0,1,0,1,0,,,,,,,,0,0,0,0,0,0,0,0,0,0,0,0,0,,,,,,,,20260706
,,,12600317114S,Abisko Wool Hoodie M,FRV,1,0,0,0,0,0,0,0,0,0,0,0,0,0,0,,,,,,,,0,0,0,2,1,1,1,0,0,1,0,1,0,,,,,,,,0,0,0,0,0,0,0,0,0,0,0,0,0,,,,,,,,20260706
,,,12600317555L,Abisko Wool Hoodie M,FRV,0,0,0,0,0,0,0,0,0,0,0,0,0,0,0,,,,,,,,0,0,0,1,0,1,0,0,0,0,0,0,0,,,,,,,,0,0,0,0,0,0,0,0,0,0,0,0,0,,,,,,,,20260706
,,,12600317555M,Abisko Wool Hoodie M,FRV,0,0,0,0,0,0,0,0,0,0,0,0,0,0,0,,,,,,,,0,0,0,1,1,1,0,0,0,0,0,0,0,,,,,,,,0,0,0,0,0,0,0,0,0,0,0,0,0,,,,,,,,20260706
,,,12600317555S,Abisko Wool Hoodie M,FRV,0,0,0,0,0,0,0,0,0,0,0,0,0,0,0,,,,,,,,0,1,0,0,0,1,0,0,0,0,0,0,0,,,,,,,,0,0,0,0,0,0,0,0,0,0,0,0,0,,,,,,,,20260706
,,,12600317625M,Abisko Wool Hoodie M,FRV,0,0,0,0,0,0,0,0,0,0,0,0,0,0,0,,,,,,,,0,1,0,1,1,1,1,0,0,1,0,1,0,,,,,,,,0,0,0,0,0,0,0,0,0,0,0,0,0,,,,,,,,20260706
,,,12600317625S,Abisko Wool Hoodie M,FRV,0,1,0,0,0,0,0,0,0,0,0,0,0,0,0,,,,,,,,0,0,0,1,1,1,1,0,0,1,0,1,0,,,,,,,,0,0,0,0,0,0,0,0,0,0,0,0,0,,,,,,,,20260706
,,,12600320113M,Fjallraven Relaxed T-Shirt M,FRV,0,0,0,0,0,0,0,0,0,0,0,0,0,0,0,,,,,,,,0,0,0,1,0,0,0,0,0,0,0,0,0,,,,,,,,0,0,0,0,0,0,0,0,0,0,0,0,0,,,,,,,,20260706
,,,12600320555L,Fjallraven Relaxed T-Shirt M,FRV,0,0,0,0,0,0,0,0,0,0,0,0,0,0,0,,,,,,,,0,0,0,1,0,0,0,0,0,0,0,0,0,,,,,,,,0,0,0,0,0,0,0,0,0,0,0,0,0,,,,,,,,20260706
,,,12600320555M,Fjallraven Relaxed T-Shirt M,FRV,0,0,0,0,0,0,0,0,0,0,0,0,0,0,0,,,,,,,,0,0,0,1,1,0,0,0,0,0,0,0,0,,,,,,,,0,0,0,0,0,0,0,0,0,0,0,0,0,,,,,,,,20260706
,,,12600320555S,Fjallraven Relaxed T-Shirt M,FRV,0,0,0,0,0,0,0,0,0,0,0,0,0,0,0,,,,,,,,0,0,0,1,1,0,0,0,0,0,0,0,0,,,,,,,,0,0,0,0,0,0,0,0,0,0,0,0,0,,,,,,,,20260706
,,,12600320620L,Fjallraven Relaxed T-Shirt M,FRV,0,1,0,0,0,0,0,0,0,0,0,0,0,0,0,,,,,,,,0,1,0,1,1,1,1,1,0,1,0,1,0,,,,,,,,0,0,0,0,0,0,0,0,0,0,0,0,0,,,,,,,,20260706
,,,12600320620M,Fjallraven Relaxed T-Shirt M,FRV,0,0,0,0,0,0,0,0,0,0,0,0,0,0,0,,,,,,,,0,1,0,1,1,1,1,1,0,1,1,1,0,,,,,,,,0,0,0,0,0,0,0,0,0,0,0,0,0,,,,,,,,20260706
,,,12600320620S,Fjallraven Relaxed T-Shirt M,FRV,0,0,0,0,0,0,0,0,0,0,0,0,0,0,0,,,,,,,,0,0,0,1,1,1,1,1,0,1,1,0,0,,,,,,,,0,0,0,0,0,0,0,0,0,0,0,0,0,,,,,,,,20260706
,,,12600327113L,Swedish Forest T-Shirt M,FRV,0,0,0,0,0,0,0,0,0,0,0,0,0,0,0,,,,,,,,0,0,0,1,0,0,0,0,0,0,0,0,0,,,,,,,,0,0,0,0,0,0,0,0,0,0,0,0,0,,,,,,,,20260706
,,,12600327113M,Swedish Forest T-Shirt M,FRV,0,0,0,0,0,0,0,0,0,0,0,0,0,0,0,,,,,,,,0,0,0,1,0,0,0,0,0,0,0,0,1,,,,,,,,0,0,0,0,0,0,0,0,0,0,0,0,0,,,,,,,,20260706
,,,12600327113S,Swedish Forest T-Shirt M,FRV,0,0,0,0,0,0,0,0,0,0,0,0,0,0,0,,,,,,,,0,0,0,1,0,0,0,0,0,0,0,0,0,,,,,,,,0,0,0,0,0,0,0,0,0,0,0,0,0,,,,,,,,20260706
,,,12600327244L,Swedish Forest T-Shirt M,FRV,0,0,0,0,0,0,0,0,0,0,0,0,0,0,0,,,,,,,,0,0,0,1,0,0,0,0,0,0,0,0,0,,,,,,,,0,0,0,0,0,0,0,0,0,0,0,0,0,,,,,,,,20260706
,,,12600327244M,Swedish Forest T-Shirt M,FRV,0,0,0,0,0,0,0,0,0,0,0,0,0,0,0,,,,,,,,0,0,0,1,0,0,0,0,0,0,0,0,1,,,,,,,,0,0,0,0,0,0,0,0,0,0,0,0,0,,,,,,,,20260706
,,,12600327244S,Swedish Forest T-Shirt M,FRV,0,0,0,0,0,0,0,0,0,0,0,0,0,0,0,,,,,,,,0,0,0,1,0,0,0,0,0,0,0,0,0,,,,,,,,0,0,0,0,0,0,0,0,0,0,0,0,0,,,,,,,,20260706
,,,12600328111L,Archive Logo T-Shirt M,FRV,0,0,0,0,0,0,0,0,0,0,0,0,0,0,0,,,,,,,,0,0,0,1,1,0,1,1,0,1,1,1,0,,,,,,,,0,0,0,0,0,0,0,0,0,0,0,0,0,,,,,,,,20260706
,,,12600328111M,Archive Logo T-Shirt M,FRV,0,0,0,0,0,0,0,0,0,0,0,0,0,0,0,,,,,,,,0,1,0,1,1,1,1,0,0,1,0,1,1,,,,,,,,0,0,0,0,0,0,0,0,0,0,0,0,0,,,,,,,,20260706
,,,12600328111S,Archive Logo T-Shirt M,FRV,0,0,0,0,0,0,0,0,0,0,0,0,0,0,0,,,,,,,,0,1,0,1,1,0,0,1,0,1,0,1,1,,,,,,,,0,0,0,0,0,0,0,0,0,0,0,0,0,,,,,,,,20260706
,,,12600390550L,Kanken Sweatshirt Tokyo M,FRV,0,4,0,0,0,0,0,0,0,0,0,0,0,0,0,,,,,,,,0,0,0,0,2,0,0,2,0,2,2,0,0,,,,,,,,0,0,0,0,0,0,0,0,0,0,0,0,0,,,,,,,,20260706
,,,12600390550M,Kanken Sweatshirt Tokyo M,FRV,0,3,0,0,0,0,0,0,0,0,0,0,0,0,0,,,,,,,,0,0,0,0,2,0,0,2,0,2,2,0,0,,,,,,,,0,0,0,0,0,0,0,0,0,0,0,0,0,,,,,,,,20260706
,,,12600390550S,Kanken Sweatshirt Tokyo M,FRV,0,0,0,0,0,0,0,0,0,0,0,0,0,0,0,,,,,,,,0,0,0,0,2,0,0,2,0,2,2,0,0,,,,,,,,0,0,0,0,0,0,0,0,0,0,0,0,0,,,,,,,,20260706
,,,12600390550XL,Kanken Sweatshirt Tokyo M,FRV,1,0,0,0,0,0,0,0,0,0,0,0,0,0,0,,,,,,,,0,0,0,0,2,0,0,2,0,2,2,0,0,,,,,,,,0,0,0,0,0,0,0,0,0,0,0,0,0,,,,,,,,20260706
,,,13100179633X,Sormland Reversible Beanie,FRV,1,0,0,0,0,0,0,0,0,0,0,0,0,0,0,,,,,,,,0,0,0,2,0,0,0,0,0,0,0,0,0,,,,,,,,0,0,0,0,0,0,0,0,0,0,0,0,0,,,,,,,,20260706
,,,13100181030L/XL,Fjallraven Logo Cap,FRV,0,10,0,0,0,0,0,0,0,0,0,0,0,0,0,,,,,,,,0,1,0,2,2,3,1,1,3,1,2,3,0,,,,,,,,0,0,0,0,0,0,0,0,0,0,0,0,0,,,,,,,,20260706
,,,13100181030S/M,Fjallraven Logo Cap,FRV,0,0,0,0,0,0,0,0,0,0,0,0,0,0,0,,,,,,,,0,1,0,4,1,4,1,1,2,2,2,3,0,,,,,,,,0,0,0,0,0,0,0,0,0,0,0,0,0,,,,,,,,20260706
,,,13100181161L/XL,Fjallraven Logo Cap,FRV,0,0,0,0,0,0,0,0,0,0,0,0,0,0,0,,,,,,,,0,0,0,2,0,0,0,0,0,0,0,0,0,,,,,,,,0,0,0,0,0,0,0,0,0,0,0,0,0,,,,,,,,20260706
,,,13100181161S/M,Fjallraven Logo Cap,FRV,0,0,0,0,0,0,0,0,0,0,0,0,0,0,0,,,,,,,,0,0,0,2,1,0,0,0,0,0,0,0,0,,,,,,,,0,0,0,0,0,0,0,0,0,0,0,0,0,,,,,,,,20260706
,,,13100181232L/XL,Fjallraven Logo Cap,FRV,0,1,0,0,0,0,0,0,0,0,0,0,0,0,0,,,,,,,,0,1,0,2,3,1,1,1,2,1,4,2,0,,,,,,,,0,0,0,0,0,0,0,0,0,0,0,0,0,,,,,,,,20260706
,,,13100181232S/M,Fjallraven Logo Cap,FRV,0,7,0,0,0,0,0,0,0,0,0,0,0,0,0,,,,,,,,0,1,0,2,1,3,1,1,2,1,2,2,0,,,,,,,,0,0,0,0,0,0,0,0,0,0,0,0,0,,,,,,,,20260706
,,,13100181550L/XL,Fjallraven Logo Cap,FRV,0,0,0,0,0,0,0,0,0,0,0,0,0,0,0,,,,,,,,0,1,0,3,3,0,0,1,0,2,0,2,0,,,,,,,,0,0,0,0,0,0,0,0,0,0,0,0,0,,,,,,,,20260706
,,,13100181550S/M,Fjallraven Logo Cap,FRV,0,0,0,0,0,0,0,0,0,0,0,0,0,0,0,,,,,,,,0,1,0,2,1,3,1,0,1,2,2,2,0,,,,,,,,0,0,0,0,0,0,0,0,0,0,0,0,0,,,,,,,,20260706
,,,13100181555L/XL,Fjallraven Logo Cap,FRV,0,0,0,0,0,0,0,0,0,0,0,0,0,0,0,,,,,,,,0,0,0,1,0,0,0,0,0,0,0,0,0,,,,,,,,0,0,0,0,0,0,0,0,0,0,0,0,0,,,,,,,,20260706
,,,13100181555S/M,Fjallraven Logo Cap,FRV,0,0,0,0,0,0,0,0,0,0,0,0,0,0,0,,,,,,,,0,0,0,1,0,0,0,0,0,0,1,0,0,,,,,,,,0,0,0,0,0,0,0,0,0,0,0,0,0,,,,,,,,20260706
,,,13100182118L/XL,Fjallraven Langtradarkeps,FRV,0,0,0,0,0,0,0,0,0,0,0,0,0,0,0,,,,,,,,0,1,0,1,0,0,1,1,0,1,1,0,0,,,,,,,,0,0,0,0,0,0,0,0,0,0,0,0,0,,,,,,,,20260706
,,,13100182118S/M,Fjallraven Langtradarkeps,FRV,0,0,0,0,0,0,0,0,0,0,0,0,0,0,0,,,,,,,,0,1,0,1,1,1,1,1,0,1,1,1,0,,,,,,,,0,0,0,0,0,0,0,0,0,0,0,0,0,,,,,,,,20260706
,,,13100182452L/XL,Fjallraven Langtradarkeps,FRV,0,3,0,0,0,0,0,0,0,0,0,0,0,0,0,,,,,,,,0,1,0,1,1,1,1,1,1,1,1,1,0,,,,,,,,0,0,0,0,0,0,0,0,0,0,0,0,0,,,,,,,,20260706
,,,13100182452S/M,Fjallraven Langtradarkeps,FRV,0,3,0,0,0,0,0,0,0,0,0,0,0,0,0,,,,,,,,0,1,0,1,1,1,1,1,1,1,1,1,0,,,,,,,,0,0,0,0,0,0,0,0,0,0,0,0,0,,,,,,,,20260706
,,,13100182550L/XL,Fjallraven Langtradarkeps,FRV,0,8,0,0,0,0,0,0,0,0,0,0,0,0,0,,,,,,,,0,1,0,1,1,1,1,1,1,1,1,1,0,,,,,,,,0,0,0,0,0,0,0,0,0,0,0,0,0,,,,,,,,20260706
,,,13100182550S/M,Fjallraven Langtradarkeps,FRV,0,5,0,0,0,0,0,0,0,0,0,0,0,0,0,,,,,,,,0,1,0,2,1,1,1,1,0,2,1,1,0,,,,,,,,0,0,0,0,0,0,0,0,0,0,0,0,0,,,,,,,,20260706
,,,13100182620L/XL,Fjallraven Langtradarkeps,FRV,0,0,0,0,0,0,0,0,0,0,0,0,0,0,0,,,,,,,,0,1,0,0,0,0,0,0,0,0,0,0,0,,,,,,,,0,0,0,0,0,0,0,0,0,0,0,0,0,,,,,,,,20260706
,,,13100182620S/M,Fjallraven Langtradarkeps,FRV,0,0,0,0,0,0,0,0,0,0,0,0,0,0,0,,,,,,,,0,1,0,0,0,1,0,2,0,0,0,0,0,,,,,,,,0,0,0,0,0,0,0,0,0,0,0,0,0,,,,,,,,20260706
,,,13100184020X,Fjallraven Rib Hat,FRV,0,0,0,0,0,0,0,0,0,0,0,0,0,0,0,,,,,,,,0,0,0,1,0,0,0,0,0,0,0,0,0,,,,,,,,0,0,0,0,0,0,0,0,0,0,0,0,0,,,,,,,,20260706
,,,13100184210X,Fjallraven Rib Hat,FRV,0,0,0,0,0,0,0,0,0,0,0,0,0,0,0,,,,,,,,0,0,0,2,0,0,0,0,2,0,0,0,0,,,,,,,,0,0,0,0,0,0,0,0,0,0,0,0,0,,,,,,,,20260706
,,,13100184214X,Fjallraven Rib Hat,FRV,0,0,0,0,0,0,0,0,0,0,0,0,0,0,0,,,,,,,,0,0,0,1,0,0,0,0,0,0,0,0,0,,,,,,,,0,0,0,0,0,0,0,0,0,0,0,0,0,,,,,,,,20260706
,,,13100184357X,Fjallraven Rib Hat,FRV,0,0,0,0,0,0,0,0,0,0,0,0,0,0,0,,,,,,,,0,0,0,2,0,0,0,0,2,0,0,0,0,,,,,,,,0,0,0,0,0,0,0,0,0,0,0,0,0,,,,,,,,20260706
,,,13100184555X,Fjallraven Rib Hat,FRV,0,0,0,0,0,0,0,0,0,0,0,0,0,0,0,,,,,,,,0,0,0,0,0,0,0,0,1,0,0,0,0,,,,,,,,0,0,0,0,0,0,0,0,0,0,0,0,0,,,,,,,,20260706
,,,13100184662X,Fjallraven Rib Hat,FRV,0,0,0,0,0,0,0,0,0,0,0,0,0,0,0,,,,,,,,0,0,0,1,0,0,0,0,0,0,0,0,0,,,,,,,,0,0,0,0,0,0,0,0,0,0,0,0,0,,,,,,,,20260706
,,,13100187113X,Bergtagen Forever Wool Beanie,FRV,1,0,0,0,0,0,0,0,0,0,0,0,0,0,0,,,,,,,,0,0,0,1,0,0,0,0,0,0,0,0,0,,,,,,,,0,0,0,0,0,0,0,0,0,0,0,0,0,,,,,,,,20260706
,,,13100187161X,Bergtagen Forever Wool Beanie,FRV,2,0,0,0,0,0,0,0,0,0,0,0,0,0,0,,,,,,,,0,0,0,1,0,0,0,0,0,0,0,0,0,,,,,,,,0,0,0,0,0,0,0,0,0,0,0,0,0,,,,,,,,20260706
,,,13100187550X,Bergtagen Forever Wool Beanie,FRV,2,0,0,0,0,0,0,0,0,0,0,0,0,0,0,,,,,,,,0,0,0,1,0,0,0,0,0,0,0,0,0,,,,,,,,0,0,0,0,0,0,0,0,0,0,0,0,0,,,,,,,,20260706
,,,13100187555X,Bergtagen Forever Wool Beanie,FRV,0,0,0,0,0,0,0,0,0,0,0,0,0,0,0,,,,,,,,0,0,0,1,0,0,0,0,0,0,0,0,0,,,,,,,,0,0,0,0,0,0,0,0,0,0,0,0,0,,,,,,,,20260706
,,,13100187662X,Bergtagen Forever Wool Beanie,FRV,2,0,0,0,0,0,0,0,0,0,0,0,0,0,0,,,,,,,,0,0,0,2,0,0,0,0,0,0,0,0,0,,,,,,,,0,0,0,0,0,0,0,0,0,0,0,0,0,,,,,,,,20260706
,,,13100189161-555L/XL,Bergtagen Mountain Cap,FRV,0,0,0,0,0,0,0,0,0,0,0,0,0,0,0,,,,,,,,0,0,0,1,0,0,0,0,0,0,0,0,0,,,,,,,,0,0,0,0,0,0,0,0,0,0,0,0,0,,,,,,,,20260706
,,,13100189161-555S/M,Bergtagen Mountain Cap,FRV,0,0,0,0,0,0,0,0,0,0,0,0,0,0,0,,,,,,,,0,0,0,1,0,0,0,0,0,0,0,0,0,,,,,,,,0,0,0,0,0,0,0,0,0,0,0,0,0,,,,,,,,20260706
,,,13100189265-555L/XL,Bergtagen Mountain Cap,FRV,1,0,0,0,0,0,0,0,0,0,0,0,0,0,0,,,,,,,,0,0,0,1,0,0,0,0,0,0,0,0,0,,,,,,,,0,0,0,0,0,0,0,0,0,0,0,0,0,,,,,,,,20260706
,,,13100189265-555S/M,Bergtagen Mountain Cap,FRV,1,0,0,0,0,0,0,0,0,0,0,0,0,0,0,,,,,,,,0,0,0,1,0,0,0,0,0,0,0,0,0,,,,,,,,0,0,0,0,0,0,0,0,0,0,0,0,0,,,,,,,,20260706
,,,13100189550-555L/XL,Bergtagen Mountain Cap,FRV,0,0,0,0,0,0,0,0,0,0,0,0,0,0,0,,,,,,,,0,0,0,1,0,0,0,0,0,0,0,0,0,,,,,,,,0,0,0,0,0,0,0,0,0,0,0,0,0,,,,,,,,20260706
,,,13100189570-555S/M,Bergtagen Mountain Cap,FRV,3,0,0,0,0,0,0,0,0,0,0,0,0,0,0,,,,,,,,0,0,0,1,0,0,0,0,0,0,0,0,0,,,,,,,,0,0,0,0,0,0,0,0,0,0,0,0,0,,,,,,,,20260706
,,,13100192118L/XL,Hoja Cap,FRV,0,0,0,0,0,0,0,0,0,0,0,0,0,0,0,,,,,,,,0,0,0,0,0,1,1,1,0,2,0,0,0,,,,,,,,0,0,0,0,0,0,0,0,0,0,0,0,0,,,,,,,,20260706
,,,13100192118S/M,Hoja Cap,FRV,0,0,0,0,0,0,0,0,0,0,0,0,0,0,0,,,,,,,,0,1,0,1,0,2,1,1,0,2,0,0,0,,,,,,,,0,0,0,0,0,0,0,0,0,0,0,0,0,,,,,,,,20260706
,,,13100192550L/XL,Hoja Cap,FRV,0,0,0,0,0,0,0,0,0,0,0,0,0,0,0,,,,,,,,0,0,0,0,0,1,1,0,0,1,0,0,0,,,,,,,,0,0,0,0,0,0,0,0,0,0,0,0,0,,,,,,,,20260706
,,,13100192550S/M,Hoja Cap,FRV,0,0,0,0,0,0,0,0,0,0,0,0,0,0,0,,,,,,,,0,1,0,1,0,0,0,1,0,1,0,0,0,,,,,,,,0,0,0,0,0,0,0,0,0,0,0,0,0,,,,,,,,20260706
,,,13100193550L/XL,Bergtagen Merino Headband,FRV,0,1,0,0,0,0,0,0,0,0,0,0,0,0,0,,,,,,,,0,0,0,1,0,0,0,0,0,0,0,0,0,,,,,,,,0,0,0,0,0,0,0,0,0,0,0,0,0,,,,,,,,20260706
,,,13100193550S/M,Bergtagen Merino Headband,FRV,2,1,0,0,0,0,0,0,0,0,0,0,0,0,0,,,,,,,,0,0,0,1,0,0,0,0,0,0,0,0,0,,,,,,,,0,0,0,0,0,0,0,0,0,0,0,0,0,,,,,,,,20260706
,,,13100193570L/XL,Bergtagen Merino Headband,FRV,0,0,0,0,0,0,0,0,0,0,0,0,0,0,0,,,,,,,,0,0,0,1,0,0,0,0,0,0,0,0,0,,,,,,,,0,0,0,0,0,0,0,0,0,0,0,0,0,,,,,,,,20260706
,,,13100193570S/M,Bergtagen Merino Headband,FRV,2,1,0,0,0,0,0,0,0,0,0,0,0,0,0,,,,,,,,0,0,0,1,0,0,0,0,0,0,0,0,0,,,,,,,,0,0,0,0,0,0,0,0,0,0,0,0,0,,,,,,,,20260706
,,,13100194633L/XL,Lappland Pintail Cap,FRV,12,0,0,0,0,0,0,0,0,0,0,0,0,0,0,,,,,,,,0,0,0,3,0,0,0,0,2,0,0,0,0,,,,,,,,0,0,0,0,0,0,0,0,0,0,0,0,0,,,,,,,,20260706
,,,13100194633S/M,Lappland Pintail Cap,FRV,22,0,0,0,0,0,0,0,0,0,0,0,0,0,0,,,,,,,,0,1,0,1,0,0,0,0,2,0,0,0,0,,,,,,,,0,0,0,0,0,0,0,0,0,0,0,0,0,,,,,,,,20260706
,,,13100211111L,Fjallraven Wool Sock,FRV,9,0,0,0,0,0,0,0,0,0,0,0,0,0,0,,,,,,,,1,2,0,4,2,2,1,2,1,2,1,2,0,,,,,,,,0,0,0,0,0,0,0,0,0,0,0,0,0,,,,,,,,20260706
,,,13100211111M,Fjallraven Wool Sock,FRV,2,0,0,0,0,0,0,0,0,0,0,0,0,0,0,,,,,,,,1,3,0,4,4,2,1,2,1,2,2,2,0,,,,,,,,0,0,0,0,0,0,0,0,0,0,0,0,0,,,,,,,,20260706
,,,13100211111S,Fjallraven Wool Sock,FRV,3,0,0,0,0,0,0,0,0,0,0,0,0,0,0,,,,,,,,1,2,0,4,3,4,1,2,1,2,2,3,0,,,,,,,,0,0,0,0,0,0,0,0,0,0,0,0,0,,,,,,,,20260706
,,,13100211550L,Fjallraven Wool Sock,FRV,2,0,0,0,0,0,0,0,0,0,0,0,0,0,0,,,,,,,,1,2,0,3,3,2,1,2,1,2,2,2,0,,,,,,,,0,0,0,0,0,0,0,0,0,0,0,0,0,,,,,,,,20260706
,,,13100211550M,Fjallraven Wool Sock,FRV,10,0,0,0,0,0,0,0,0,0,0,0,0,0,0,,,,,,,,1,3,0,4,3,2,1,2,1,2,2,2,0,,,,,,,,0,0,0,0,0,0,0,0,0,0,0,0,0,,,,,,,,20260706
,,,13100211550S,Fjallraven Wool Sock,FRV,16,0,0,0,0,0,0,0,0,0,0,0,0,0,0,,,,,,,,1,2,0,4,2,2,1,2,1,2,2,2,0,,,,,,,,0,0,0,0,0,0,0,0,0,0,0,0,0,,,,,,,,20260706
,,,13100211560L,Fjallraven Wool Sock,FRV,0,0,0,0,0,0,0,0,0,0,0,0,0,0,0,,,,,,,,0,0,0,3,0,0,0,0,0,0,0,0,0,,,,,,,,0,0,0,0,0,0,0,0,0,0,0,0,0,,,,,,,,20260706
,,,13100211560M,Fjallraven Wool Sock,FRV,3,0,0,0,0,0,0,0,0,0,0,0,0,0,0,,,,,,,,0,1,0,2,1,1,0,0,0,0,0,0,0,,,,,,,,0,0,0,0,0,0,0,0,0,0,0,0,0,,,,,,,,20260706
,,,13100211560S,Fjallraven Wool Sock,FRV,1,0,0,0,0,0,0,0,0,0,0,0,0,0,0,,,,,,,,0,1,0,2,1,1,0,0,0,0,0,0,0,,,,,,,,0,0,0,0,0,0,0,0,0,0,0,0,0,,,,,,,,20260706
,,,13100213030L/XL,Abisko Trekking Cap,FRV,0,0,0,0,0,0,0,0,0,0,0,0,0,0,0,,,,,,,,0,1,0,0,1,0,1,0,0,1,0,0,0,,,,,,,,0,0,0,0,0,0,0,0,0,0,0,0,0,,,,,,,,20260706
,,,13100213030S/M,Abisko Trekking Cap,FRV,0,0,0,0,0,0,0,0,0,0,0,0,0,0,0,,,,,,,,0,1,0,0,0,0,0,0,0,1,0,0,0,,,,,,,,0,0,0,0,0,0,0,0,0,0,0,0,0,,,,,,,,20260706
,,,13100213118L/XL,Abisko Trekking Cap,FRV,0,0,0,0,0,0,0,0,0,0,0,0,0,0,0,,,,,,,,0,1,0,1,1,0,1,0,0,1,0,1,0,,,,,,,,0,0,0,0,0,0,0,0,0,0,0,0,0,,,,,,,,20260706
,,,13100213118S/M,Abisko Trekking Cap,FRV,0,0,0,0,0,0,0,0,0,0,0,0,0,0,0,,,,,,,,0,1,0,0,0,0,0,0,0,1,0,1,0,,,,,,,,0,0,0,0,0,0,0,0,0,0,0,0,0,,,,,,,,20260706
,,,13100213300L/XL,Abisko Trekking Cap,FRV,0,0,0,0,0,0,0,0,0,0,0,0,0,0,0,,,,,,,,0,1,0,1,1,0,1,1,0,1,0,1,0,,,,,,,,0,0,0,0,0,0,0,0,0,0,0,0,0,,,,,,,,20260706
,,,13100213300S/M,Abisko Trekking Cap,FRV,0,0,0,0,0,0,0,0,0,0,0,0,0,0,0,,,,,,,,0,1,0,0,0,0,1,1,0,1,0,1,0,,,,,,,,0,0,0,0,0,0,0,0,0,0,0,0,0,,,,,,,,20260706
,,,13100226550X,Bergtagen Merino Neck Gaiter,FRV,2,0,0,0,0,0,0,0,0,0,0,0,0,0,0,,,,,,,,0,0,0,1,0,0,0,0,0,0,0,0,0,,,,,,,,0,0,0,0,0,0,0,0,0,0,0,0,0,,,,,,,,20260706
,,,13100230030X,Kaitum Beanie,FRV,2,0,0,0,0,0,0,0,0,0,0,0,0,0,0,,,,,,,,0,0,0,0,0,0,0,0,0,0,0,0,0,,,,,,,,0,0,0,0,0,0,0,0,0,0,0,0,0,,,,,,,,20260706
,,,13100230113X,Kaitum Beanie,FRV,1,0,0,0,0,0,0,0,0,0,0,0,0,0,0,,,,,,,,0,0,0,0,0,0,0,0,0,0,0,0,0,,,,,,,,0,0,0,0,0,0,0,0,0,0,0,0,0,,,,,,,,20260706
,,,13100230555X,Kaitum Beanie,FRV,4,0,0,0,0,0,0,0,0,0,0,0,0,0,0,,,,,,,,0,0,0,1,0,0,0,0,0,0,0,0,0,,,,,,,,0,0,0,0,0,0,0,0,0,0,0,0,0,,,,,,,,20260706
,,,13100231113X,Kaitum Neck Gaiter,FRV,4,0,0,0,0,0,0,0,0,0,0,0,0,0,0,,,,,,,,0,0,0,1,0,0,0,0,0,0,0,0,0,,,,,,,,0,0,0,0,0,0,0,0,0,0,0,0,0,,,,,,,,20260706
,,,13100231555X,Kaitum Neck Gaiter,FRV,1,0,0,0,0,0,0,0,0,0,0,0,0,0,0,,,,,,,,0,0,0,1,0,0,0,0,0,0,0,0,0,,,,,,,,0,0,0,0,0,0,0,0,0,0,0,0,0,,,,,,,,20260706
,,,13100232020X,Snow Beanie,FRV,1,0,0,0,0,0,0,0,0,0,0,0,0,0,0,,,,,,,,0,0,0,0,0,0,0,0,2,0,0,0,0,,,,,,,,0,0,0,0,0,0,0,0,0,0,0,0,0,,,,,,,,20260706
,,,13100232555X,Snow Beanie,FRV,1,0,0,0,0,0,0,0,0,0,0,0,0,0,0,,,,,,,,0,0,0,0,0,0,0,0,0,0,0,0,0,,,,,,,,0,0,0,0,0,0,0,0,0,0,0,0,0,,,,,,,,20260706
,,,13100232662X,Snow Beanie,FRV,1,0,0,0,0,0,0,0,0,0,0,0,0,0,0,,,,,,,,0,0,0,0,0,0,0,0,1,0,0,0,0,,,,,,,,0,0,0,0,0,0,0,0,0,0,0,0,0,,,,,,,,20260706
,,,13100233020X,Ovik 365 Hat,FRV,8,0,0,0,0,0,0,0,0,0,0,0,0,0,0,,,,,,,,0,0,0,2,0,0,0,0,0,0,0,0,0,,,,,,,,0,0,0,0,0,0,0,0,0,0,0,0,0,,,,,,,,20260706
,,,13100233357X,Ovik 365 Hat,FRV,10,0,0,0,0,0,0,0,0,0,0,0,0,0,0,,,,,,,,0,0,0,2,0,0,0,0,0,0,0,0,0,,,,,,,,0,0,0,0,0,0,0,0,0,0,0,0,0,,,,,,,,20260706
,,,13100233550X,Ovik 365 Hat,FRV,0,0,0,0,0,0,0,0,0,0,0,0,0,0,0,,,,,,,,0,0,0,1,0,0,0,0,1,0,0,0,0,,,,,,,,0,0,0,0,0,0,0,0,0,0,0,0,0,,,,,,,,20260706
,,,13100233555X,Ovik 365 Hat,FRV,2,0,0,0,0,0,0,0,0,0,0,0,0,0,0,,,,,,,,0,0,0,1,0,0,0,0,0,0,0,0,0,,,,,,,,0,0,0,0,0,0,0,0,0,0,0,0,0,,,,,,,,20260706
,,,13100233662X,Ovik 365 Hat,FRV,8,0,0,0,0,0,0,0,0,0,0,0,0,0,0,,,,,,,,0,1,0,1,0,0,0,0,0,0,0,0,0,,,,,,,,0,0,0,0,0,0,0,0,0,0,0,0,0,,,,,,,,20260706
,,,13100234020X,1960 Lite Logo Hat,FRV,3,0,0,0,0,0,0,0,0,0,0,0,0,0,0,,,,,,,,0,0,0,1,0,0,0,0,0,0,0,0,0,,,,,,,,0,0,0,0,0,0,0,0,0,0,0,0,0,,,,,,,,20260706
,,,13100234334X,1960 Lite Logo Hat,FRV,10,0,0,0,0,0,0,0,0,0,0,0,0,0,0,,,,,,,,0,0,0,1,0,0,0,0,1,0,0,0,0,,,,,,,,0,0,0,0,0,0,0,0,0,0,0,0,0,,,,,,,,20260706
,,,13100234534X,1960 Lite Logo Hat,FRV,4,0,0,0,0,0,0,0,0,0,0,0,0,0,0,,,,,,,,0,0,0,2,0,0,0,0,0,0,0,0,0,,,,,,,,0,0,0,0,0,0,0,0,0,0,0,0,0,,,,,,,,20260706
,,,13100234662X,1960 Lite Logo Hat,FRV,6,0,0,0,0,0,0,0,0,0,0,0,0,0,0,,,,,,,,0,0,0,2,0,0,0,0,2,0,0,0,0,,,,,,,,0,0,0,0,0,0,0,0,0,0,0,0,0,,,,,,,,20260706
,,,13100235030L/XL,Fjallraven Lite Cap,FRV,0,0,0,0,0,0,0,0,0,0,0,0,0,0,0,,,,,,,,0,0,0,2,0,0,1,0,0,1,0,0,0,,,,,,,,0,0,0,0,0,0,0,0,0,0,0,0,0,,,,,,,,20260706
,,,13100235030S/M,Fjallraven Lite Cap,FRV,0,0,0,0,0,0,0,0,0,0,0,0,0,0,0,,,,,,,,0,0,0,2,0,0,0,1,0,2,0,0,0,,,,,,,,0,0,0,0,0,0,0,0,0,0,0,0,0,,,,,,,,20260706
,,,13100235118L/XL,Fjallraven Lite Cap,FRV,0,0,0,0,0,0,0,0,0,0,0,0,0,0,0,,,,,,,,0,0,0,2,0,0,0,1,0,0,0,0,0,,,,,,,,0,0,0,0,0,0,0,0,0,0,0,0,0,,,,,,,,20260706
,,,13100235118S/M,Fjallraven Lite Cap,FRV,0,0,0,0,0,0,0,0,0,0,0,0,0,0,0,,,,,,,,0,0,0,2,0,0,1,1,0,0,0,0,0,,,,,,,,0,0,0,0,0,0,0,0,0,0,0,0,0,,,,,,,,20260706
,,,13100235357L/XL,Fjallraven Lite Cap,FRV,0,0,0,0,0,0,0,0,0,0,0,0,0,0,0,,,,,,,,0,0,0,2,0,0,1,0,0,1,0,0,0,,,,,,,,0,0,0,0,0,0,0,0,0,0,0,0,0,,,,,,,,20260706
,,,13100235357S/M,Fjallraven Lite Cap,FRV,0,0,0,0,0,0,0,0,0,0,0,0,0,0,0,,,,,,,,0,0,0,1,0,0,1,0,0,0,0,0,0,,,,,,,,0,0,0,0,0,0,0,0,0,0,0,0,0,,,,,,,,20260706
,,,13100235555L/XL,Fjallraven Lite Cap,FRV,0,0,0,0,0,0,0,0,0,0,0,0,0,0,0,,,,,,,,0,0,0,1,0,1,0,1,0,1,0,0,0,,,,,,,,0,0,0,0,0,0,0,0,0,0,0,0,0,,,,,,,,20260706
,,,13100235555S/M,Fjallraven Lite Cap,FRV,0,0,0,0,0,0,0,0,0,0,0,0,0,0,0,,,,,,,,0,0,0,0,0,0,1,1,0,2,0,0,0,,,,,,,,0,0,0,0,0,0,0,0,0,0,0,0,0,,,,,,,,20260706
,,,13100236555X,Fjallblomster Bandana,FRV,0,0,0,0,0,0,0,0,0,0,0,0,0,0,0,,,,,,,,0,0,0,2,2,1,0,2,2,2,2,2,0,,,,,,,,0,0,0,0,0,0,0,0,0,0,0,0,0,,,,,,,,20260706
,,,13100237550L/XL,Vardag Bucket Hat,FRV,0,0,0,0,0,0,0,0,0,0,0,0,0,0,0,,,,,,,,0,1,0,0,0,0,1,0,0,0,0,0,0,,,,,,,,0,0,0,0,0,0,0,0,0,0,0,0,0,,,,,,,,20260706
,,,13100237550S/M,Vardag Bucket Hat,FRV,0,0,0,0,0,0,0,0,0,0,0,0,0,0,0,,,,,,,,0,1,0,0,0,0,1,0,0,0,1,0,0,,,,,,,,0,0,0,0,0,0,0,0,0,0,0,0,0,,,,,,,,20260706
,,,13100237577-118L/XL,Vardag Bucket Hat,FRV,0,0,0,0,0,0,0,0,0,0,0,0,0,0,0,,,,,,,,0,1,0,0,0,0,1,0,0,0,0,0,3,,,,,,,,0,0,0,0,0,0,0,0,0,0,0,0,0,,,,,,,,20260706
,,,13100237577-118S/M,Vardag Bucket Hat,FRV,0,0,0,0,0,0,0,0,0,0,0,0,0,0,0,,,,,,,,0,0,0,0,0,0,0,0,0,0,0,1,0,,,,,,,,0,0,0,0,0,0,0,0,0,0,0,0,0,,,,,,,,20260706
,,,13100237625L/XL,Vardag Bucket Hat,FRV,0,0,0,0,0,0,0,0,0,0,0,0,0,0,0,,,,,,,,0,0,0,1,0,0,0,1,0,0,1,0,0,,,,,,,,0,0,0,0,0,0,0,0,0,0,0,0,0,,,,,,,,20260706
,,,13100237625S/M,Vardag Bucket Hat,FRV,0,0,0,0,0,0,0,0,0,0,0,0,0,0,0,,,,,,,,0,0,0,0,0,0,0,0,0,1,1,1,1,,,,,,,,0,0,0,0,0,0,0,0,0,0,0,0,0,,,,,,,,20260706
,,,13100238191X,Fjallraven Structure Hat,FRV,9,0,0,0,0,0,0,0,0,0,0,0,0,0,0,,,,,,,,0,0,0,0,0,0,0,0,0,0,0,0,0,,,,,,,,0,0,0,0,0,0,0,0,0,0,0,0,0,,,,,,,,20260706
,,,13100238357X,Fjallraven Structure Hat,FRV,16,6,0,0,0,0,0,0,0,0,0,0,0,0,0,,,,,,,,0,0,0,2,0,0,0,0,0,0,0,0,0,,,,,,,,0,0,0,0,0,0,0,0,0,0,0,0,0,,,,,,,,20260706
,,,13100238555X,Fjallraven Structure Hat,FRV,8,0,0,0,0,0,0,0,0,0,0,0,0,0,0,,,,,,,,0,0,0,0,0,0,0,0,0,0,0,0,0,,,,,,,,0,0,0,0,0,0,0,0,0,0,0,0,0,,,,,,,,20260706
,,,13100238625X,Fjallraven Structure Hat,FRV,20,0,0,0,0,0,0,0,0,0,0,0,0,0,0,,,,,,,,0,0,0,0,0,0,0,0,0,0,0,0,0,,,,,,,,0,0,0,0,0,0,0,0,0,0,0,0,0,,,,,,,,20260706
,,,13100239514L/XL,Vardag Lite Cap,FRV,0,0,0,0,0,0,0,0,0,0,0,0,0,0,0,,,,,,,,0,0,0,1,1,0,0,0,0,0,0,0,0,,,,,,,,0,0,0,0,0,0,0,0,0,0,0,0,0,,,,,,,,20260706
,,,13100239514S/M,Vardag Lite Cap,FRV,0,0,0,0,0,0,0,0,0,0,0,0,0,0,0,,,,,,,,0,0,0,1,0,0,0,0,0,0,0,0,0,,,,,,,,0,0,0,0,0,0,0,0,0,0,0,0,0,,,,,,,,20260706
,,,13100239550L/XL,Vardag Lite Cap,FRV,0,0,0,0,0,0,0,0,0,0,0,0,0,0,0,,,,,,,,0,0,0,0,1,0,0,0,0,0,0,0,0,,,,,,,,0,0,0,0,0,0,0,0,0,0,0,0,0,,,,,,,,20260706
,,,13100239550S/M,Vardag Lite Cap,FRV,0,0,0,0,0,0,0,0,0,0,0,0,0,0,0,,,,,,,,0,0,0,1,0,0,0,0,0,0,0,0,0,,,,,,,,0,0,0,0,0,0,0,0,0,0,0,0,0,,,,,,,,20260706
,,,13100239555L/XL,Vardag Lite Cap,FRV,0,0,0,0,0,0,0,0,0,0,0,0,0,0,0,,,,,,,,0,0,0,1,0,0,0,0,0,0,0,0,0,,,,,,,,0,0,0,0,0,0,0,0,0,0,0,0,0,,,,,,,,20260706
,,,13100239555S/M,Vardag Lite Cap,FRV,0,0,0,0,0,0,0,0,0,0,0,0,0,0,0,,,,,,,,0,0,0,1,1,0,0,0,0,0,0,0,0,,,,,,,,0,0,0,0,0,0,0,0,0,0,0,0,0,,,,,,,,20260706
,,,13100239625L/XL,Vardag Lite Cap,FRV,0,0,0,0,0,0,0,0,0,0,0,0,0,0,0,,,,,,,,0,0,0,1,1,0,0,0,0,0,0,0,0,,,,,,,,0,0,0,0,0,0,0,0,0,0,0,0,0,,,,,,,,20260706
,,,13100239625S/M,Vardag Lite Cap,FRV,0,0,0,0,0,0,0,0,0,0,0,0,0,0,0,,,,,,,,0,0,0,1,1,0,0,0,0,0,0,0,0,,,,,,,,0,0,0,0,0,0,0,0,0,0,0,0,0,,,,,,,,20260706
,,,13100240244L/XL,Fjallraven Flat Brim Cap,FRV,2,0,0,0,0,0,0,0,0,0,0,0,0,0,0,,,,,,,,0,1,0,1,1,1,1,1,1,1,1,1,0,,,,,,,,0,0,0,0,0,0,0,0,0,0,0,0,0,,,,,,,,20260706
,,,13100240244S/M,Fjallraven Flat Brim Cap,FRV,0,0,0,0,0,0,0,0,0,0,0,0,0,0,0,,,,,,,,0,1,0,1,1,1,1,1,1,1,1,1,0,,,,,,,,0,0,0,0,0,0,0,0,0,0,0,0,0,,,,,,,,20260706
,,,13100240550L/XL,Fjallraven Flat Brim Cap,FRV,1,2,0,0,0,0,0,0,0,0,0,0,0,0,0,,,,,,,,0,0,0,1,1,1,1,1,1,1,1,1,0,,,,,,,,0,0,0,0,0,0,0,0,0,0,0,0,0,,,,,,,,20260706
,,,13100240550S/M,Fjallraven Flat Brim Cap,FRV,2,6,0,0,0,0,0,0,0,0,0,0,0,0,0,,,,,,,,0,1,0,1,1,1,1,1,1,1,1,1,0,,,,,,,,0,0,0,0,0,0,0,0,0,0,0,0,0,,,,,,,,20260706
,,,13100240625L/XL,Fjallraven Flat Brim Cap,FRV,0,0,0,0,0,0,0,0,0,0,0,0,0,0,0,,,,,,,,0,1,0,1,1,1,1,1,1,1,1,1,0,,,,,,,,0,0,0,0,0,0,0,0,0,0,0,0,0,,,,,,,,20260706
,,,13100240625S/M,Fjallraven Flat Brim Cap,FRV,0,0,0,0,0,0,0,0,0,0,0,0,0,0,0,,,,,,,,0,1,0,1,1,1,1,1,1,1,1,1,0,,,,,,,,0,0,0,0,0,0,0,0,0,0,0,0,0,,,,,,,,20260706
,,,13100241214L/XL,Hoja Lugnt Cap,FRV,0,0,0,0,0,0,0,0,0,0,0,0,0,0,0,,,,,,,,0,0,0,1,0,0,1,0,0,0,0,0,0,,,,,,,,0,0,0,0,0,0,0,0,0,0,0,0,0,,,,,,,,20260706
,,,13100241214S/M,Hoja Lugnt Cap,FRV,0,0,0,0,0,0,0,0,0,0,0,0,0,0,0,,,,,,,,0,0,0,1,0,0,1,0,0,0,0,0,0,,,,,,,,0,0,0,0,0,0,0,0,0,0,0,0,0,,,,,,,,20260706
,,,13100241452L/XL,Hoja Lugnt Cap,FRV,0,0,0,0,0,0,0,0,0,0,0,0,0,0,0,,,,,,,,0,0,0,1,0,0,1,0,0,0,0,0,0,,,,,,,,0,0,0,0,0,0,0,0,0,0,0,0,0,,,,,,,,20260706
,,,13100241452S/M,Hoja Lugnt Cap,FRV,0,0,0,0,0,0,0,0,0,0,0,0,0,0,0,,,,,,,,0,0,0,1,0,0,1,0,0,0,0,0,0,,,,,,,,0,0,0,0,0,0,0,0,0,0,0,0,0,,,,,,,,20260706
,,,13100241620S/M,Hoja Lugnt Cap,FRV,0,0,0,0,0,0,0,0,0,0,0,0,0,0,0,,,,,,,,0,0,0,1,0,0,0,0,0,0,0,0,0,,,,,,,,0,0,0,0,0,0,0,0,0,0,0,0,0,,,,,,,,20260706
,,,13100267260L/XL,Samlaren Bucket Hat,FRV,0,0,0,0,0,0,0,0,0,0,0,0,0,0,0,,,,,,,,0,2,0,2,2,2,1,1,0,1,2,2,0,,,,,,,,0,0,0,0,0,0,0,0,0,0,0,0,0,,,,,,,,20260706
,,,13100267260S/M,Samlaren Bucket Hat,FRV,0,0,0,0,0,0,0,0,0,0,0,0,0,0,0,,,,,,,,0,1,0,2,1,2,1,1,0,2,2,2,0,,,,,,,,0,0,0,0,0,0,0,0,0,0,0,0,0,,,,,,,,20260706
,,,13100267570L/XL,Samlaren Bucket Hat,FRV,0,0,0,0,0,0,0,0,0,0,0,0,0,0,0,,,,,,,,0,3,0,4,2,1,1,1,0,2,1,2,0,,,,,,,,0,0,0,0,0,0,0,0,0,0,0,0,0,,,,,,,,20260706
,,,13100267570S/M,Samlaren Bucket Hat,FRV,0,3,0,0,0,0,0,0,0,0,0,0,0,0,0,,,,,,,,0,2,0,2,2,2,1,2,0,2,2,2,0,,,,,,,,0,0,0,0,0,0,0,0,0,0,0,0,0,,,,,,,,20260706
,,,13100301550X,Kanken Beanie Tokyo,FRV,0,21,0,0,0,0,0,0,0,0,0,0,0,0,0,,,,,,,,0,0,0,0,2,0,0,2,0,2,2,0,0,,,,,,,,0,0,0,0,0,0,0,0,0,0,0,0,0,,,,,,,,20260706
,,,13100314550L/XL,Kanken Cap Tokyo,FRV,0,4,0,0,0,0,0,0,0,0,0,0,0,0,0,,,,,,,,0,0,0,0,4,0,0,4,0,2,4,0,0,,,,,,,,0,0,0,0,0,0,0,0,0,0,0,0,0,,,,,,,,20260706
,,,13100314550S/M,Kanken Cap Tokyo,FRV,0,6,0,0,0,0,0,0,0,0,0,0,0,0,0,,,,,,,,0,0,0,0,4,0,0,4,0,2,4,0,0,,,,,,,,0,0,0,0,0,0,0,0,0,0,0,0,0,,,,,,,,20260706
,,,13600016113L,Rainbow T-shirt,FRV,0,0,0,0,0,0,0,0,0,0,0,0,0,0,0,,,,,,,,0,1,0,1,2,2,1,0,0,1,1,0,0,,,,,,,,0,0,0,0,0,0,0,0,0,0,0,0,0,,,,,,,,20260706
,,,13600016113M,Rainbow T-shirt,FRV,0,0,0,0,0,0,0,0,0,0,0,0,0,0,0,,,,,,,,0,2,0,2,2,3,1,2,0,2,1,2,0,,,,,,,,0,0,0,0,0,0,0,0,0,0,0,0,0,,,,,,,,20260706
,,,13600016113S,Rainbow T-shirt,FRV,0,0,0,0,0,0,0,0,0,0,0,0,0,0,0,,,,,,,,0,2,0,2,1,2,1,2,0,2,2,2,0,,,,,,,,0,0,0,0,0,0,0,0,0,0,0,0,0,,,,,,,,20260706
,,,13600016550L,Rainbow T-shirt,FRV,0,0,0,0,0,0,0,0,0,0,0,0,0,0,0,,,,,,,,0,1,0,1,1,2,0,0,0,1,0,1,0,,,,,,,,0,0,0,0,0,0,0,0,0,0,0,0,0,,,,,,,,20260706
,,,13600016550M,Rainbow T-shirt,FRV,0,0,0,0,0,0,0,0,0,0,0,0,0,0,0,,,,,,,,0,1,0,1,3,3,1,0,0,0,0,2,0,,,,,,,,0,0,0,0,0,0,0,0,0,0,0,0,0,,,,,,,,20260706
,,,13600016550S,Rainbow T-shirt,FRV,0,0,0,0,0,0,0,0,0,0,0,0,0,0,0,,,,,,,,0,1,0,1,3,3,1,1,0,1,2,1,0,,,,,,,,0,0,0,0,0,0,0,0,0,0,0,0,0,,,,,,,,20260706
,,,13600033550-113L,Kanken T-Shirt Tokyo,FRV,0,0,0,0,0,0,0,0,0,0,0,0,0,0,0,,,,,,,,0,0,0,0,4,0,0,4,0,2,4,0,0,,,,,,,,0,0,0,0,0,0,0,0,0,0,0,0,0,,,,,,,,20260706
,,,13600033550-113M,Kanken T-Shirt Tokyo,FRV,0,0,0,0,0,0,0,0,0,0,0,0,0,0,0,,,,,,,,0,0,0,0,3,0,0,3,0,2,3,0,0,,,,,,,,0,0,0,0,0,0,0,0,0,0,0,0,0,,,,,,,,20260706
,,,13600033550-113S,Kanken T-Shirt Tokyo,FRV,0,0,0,0,0,0,0,0,0,0,0,0,0,0,0,,,,,,,,0,0,0,0,3,0,0,2,0,2,2,0,0,,,,,,,,0,0,0,0,0,0,0,0,0,0,0,0,0,,,,,,,,20260706
,,,13600033550-113XL,Kanken T-Shirt Tokyo,FRV,0,0,0,0,0,0,0,0,0,0,0,0,0,0,0,,,,,,,,0,0,0,0,3,0,0,2,0,2,2,0,0,,,,,,,,0,0,0,0,0,0,0,0,0,0,0,0,0,,,,,,,,20260706
,,,1420014155034/S,Keb Agile Trousers W,FRV,0,1,0,0,0,0,0,0,0,0,0,0,0,0,0,,,,,,,,0,1,0,1,1,1,1,0,0,0,0,1,0,,,,,,,,0,0,0,0,0,0,0,0,0,0,0,0,0,,,,,,,,20260706
,,,1420014155036/S,Keb Agile Trousers W,FRV,0,0,0,0,0,0,0,0,0,0,0,0,0,0,0,,,,,,,,0,0,0,1,1,1,1,0,0,0,0,1,0,,,,,,,,0,0,0,0,0,0,0,0,0,0,0,0,0,,,,,,,,20260706
,,,1420014155038/S,Keb Agile Trousers W,FRV,0,0,0,0,0,0,0,0,0,0,0,0,0,0,0,,,,,,,,0,1,0,1,1,1,1,0,0,0,0,1,0,,,,,,,,0,0,0,0,0,0,0,0,0,0,0,0,0,,,,,,,,20260706
,,,14200182662L,Bergtagen GTX Touring Trs W,FRV,1,0,0,0,0,0,0,0,0,0,0,0,0,0,0,,,,,,,,0,0,0,1,0,0,0,0,0,0,0,0,0,,,,,,,,0,0,0,0,0,0,0,0,0,0,0,0,0,,,,,,,,20260706
,,,14200182662M,Bergtagen GTX Touring Trs W,FRV,3,0,0,0,0,0,0,0,0,0,0,0,0,0,0,,,,,,,,0,0,0,1,0,0,0,0,0,0,0,0,0,,,,,,,,0,0,0,0,0,0,0,0,0,0,0,0,0,,,,,,,,20260706
,,,14200182662S,Bergtagen GTX Touring Trs W,FRV,2,0,0,0,0,0,0,0,0,0,0,0,0,0,0,,,,,,,,0,0,0,1,0,0,1,0,0,0,0,0,0,,,,,,,,0,0,0,0,0,0,0,0,0,0,0,0,0,,,,,,,,20260706
,,,14200182662XL,Bergtagen GTX Touring Trs W,FRV,0,0,0,0,0,0,0,0,0,0,0,0,0,0,0,,,,,,,,0,0,0,1,0,0,0,0,0,0,0,0,0,,,,,,,,0,0,0,0,0,0,0,0,0,0,0,0,0,,,,,,,,20260706
,,,14200182662XS,Bergtagen GTX Touring Trs W,FRV,4,0,0,0,0,0,0,0,0,0,0,0,0,0,0,,,,,,,,0,0,0,1,0,0,1,0,0,0,0,0,0,,,,,,,,0,0,0,0,0,0,0,0,0,0,0,0,0,,,,,,,,20260706
,,,14200197550M,Keb Agile Tights W,FRV,2,0,0,0,0,0,0,0,0,0,0,0,0,0,0,,,,,,,,0,0,0,0,0,0,0,0,0,0,0,0,0,,,,,,,,0,0,0,0,0,0,0,0,0,0,0,0,0,,,,,,,,20260706
,,,14200197550S,Keb Agile Tights W,FRV,2,0,0,0,0,0,0,0,0,0,0,0,0,0,0,,,,,,,,0,0,0,0,0,0,0,0,0,0,0,0,0,,,,,,,,0,0,0,0,0,0,0,0,0,0,0,0,0,,,,,,,,20260706
,,,14200197550XS,Keb Agile Tights W,FRV,2,0,0,0,0,0,0,0,0,0,0,0,0,0,0,,,,,,,,0,0,0,0,0,0,0,0,0,0,0,0,0,,,,,,,,0,0,0,0,0,0,0,0,0,0,0,0,0,,,,,,,,20260706
,,,14200209550L,Keb GTX Trousers W,FRV,0,0,0,0,0,0,0,0,0,0,0,0,0,0,0,,,,,,,,0,0,0,1,0,0,0,0,0,0,0,0,0,,,,,,,,0,0,0,0,0,0,0,0,0,0,0,0,0,,,,,,,,20260706
,,,14200209550M,Keb GTX Trousers W,FRV,0,0,0,0,0,0,0,0,0,0,0,0,0,0,0,,,,,,,,0,0,0,1,0,0,1,1,0,0,1,1,0,,,,,,,,0,0,0,0,0,0,0,0,0,0,0,0,0,,,,,,,,20260706
,,,14200209550S,Keb GTX Trousers W,FRV,0,0,0,0,0,0,0,0,0,0,0,0,0,0,0,,,,,,,,0,1,0,1,1,1,1,1,0,1,0,0,0,,,,,,,,0,0,0,0,0,0,0,0,0,0,0,0,0,,,,,,,,20260706
,,,14200209550XS,Keb GTX Trousers W,FRV,0,0,0,0,0,0,0,0,0,0,0,0,0,0,0,,,,,,,,0,1,0,1,1,1,1,0,0,0,1,0,0,,,,,,,,0,0,0,0,0,0,0,0,0,0,0,0,0,,,,,,,,20260706
,,,14200222118M,Vardag Skirt W,FRV,0,0,0,0,0,0,0,0,0,0,0,0,0,0,0,,,,,,,,0,0,0,1,1,0,0,1,0,1,1,1,0,,,,,,,,0,0,0,0,0,0,0,0,0,0,0,0,0,,,,,,,,20260706
,,,14200222118S,Vardag Skirt W,FRV,0,0,0,0,0,0,0,0,0,0,0,0,0,0,0,,,,,,,,0,0,0,1,1,0,0,1,0,1,1,1,0,,,,,,,,0,0,0,0,0,0,0,0,0,0,0,0,0,,,,,,,,20260706
,,,14200222620M,Vardag Skirt W,FRV,0,0,0,0,0,0,0,0,0,0,0,0,0,0,0,,,,,,,,0,1,0,1,0,1,1,1,0,1,1,1,0,,,,,,,,0,0,0,0,0,0,0,0,0,0,0,0,0,,,,,,,,20260706
,,,14200222620S,Vardag Skirt W,FRV,0,0,0,0,0,0,0,0,0,0,0,0,0,0,0,,,,,,,,0,0,0,1,0,0,0,1,0,1,0,1,0,,,,,,,,0,0,0,0,0,0,0,0,0,0,0,0,0,,,,,,,,20260706
,,,1420022911834,Vardag Relaxed Trousers W,FRV,0,0,0,0,0,0,0,0,0,0,0,0,0,0,0,,,,,,,,0,0,0,1,1,1,0,0,0,1,1,1,0,,,,,,,,0,0,0,0,0,0,0,0,0,0,0,0,0,,,,,,,,20260706
,,,1420022911836,Vardag Relaxed Trousers W,FRV,1,0,0,0,0,0,0,0,0,0,0,0,0,0,0,,,,,,,,0,1,0,1,1,1,1,0,0,1,1,1,0,,,,,,,,0,0,0,0,0,0,0,0,0,0,0,0,0,,,,,,,,20260706
,,,1420022911838,Vardag Relaxed Trousers W,FRV,0,0,0,0,0,0,0,0,0,0,0,0,0,0,0,,,,,,,,0,1,0,0,1,1,1,0,0,1,1,1,0,,,,,,,,0,0,0,0,0,0,0,0,0,0,0,0,0,,,,,,,,20260706
,,,1420022962034,Vardag Relaxed Trousers W,FRV,0,0,0,0,0,0,0,0,0,0,0,0,0,0,0,,,,,,,,0,0,0,1,1,1,0,0,0,1,1,1,0,,,,,,,,0,0,0,0,0,0,0,0,0,0,0,0,0,,,,,,,,20260706
,,,1420022962036,Vardag Relaxed Trousers W,FRV,1,0,0,0,0,0,0,0,0,0,0,0,0,0,0,,,,,,,,0,1,0,1,1,1,1,0,0,1,1,1,0,,,,,,,,0,0,0,0,0,0,0,0,0,0,0,0,0,,,,,,,,20260706
,,,1420022962038,Vardag Relaxed Trousers W,FRV,0,0,0,0,0,0,0,0,0,0,0,0,0,0,0,,,,,,,,0,1,0,1,1,1,1,0,0,1,1,1,0,,,,,,,,0,0,0,0,0,0,0,0,0,0,0,0,0,,,,,,,,20260706
,,,14300010550M,Abisko Fjall Dress W,FRV,0,1,0,0,0,0,0,0,0,0,0,0,0,0,0,,,,,,,,0,1,0,1,1,1,1,1,1,1,1,1,0,,,,,,,,0,0,0,0,0,0,0,0,0,0,0,0,0,,,,,,,,20260706
,,,14300010550S,Abisko Fjall Dress W,FRV,0,1,0,0,0,0,0,0,0,0,0,0,0,0,0,,,,,,,,0,1,0,1,1,1,1,1,1,1,1,0,0,,,,,,,,0,0,0,0,0,0,0,0,0,0,0,0,0,,,,,,,,20260706
,,,14300010550XS,Abisko Fjall Dress W,FRV,0,0,0,0,0,0,0,0,0,0,0,0,0,0,0,,,,,,,,0,1,0,1,1,0,1,1,0,1,0,1,0,,,,,,,,0,0,0,0,0,0,0,0,0,0,0,0,0,,,,,,,,20260706
,,,14300010620M,Abisko Fjall Dress W,FRV,0,0,0,0,0,0,0,0,0,0,0,0,0,0,0,,,,,,,,0,0,0,1,0,1,0,0,0,0,0,1,0,,,,,,,,0,0,0,0,0,0,0,0,0,0,0,0,0,,,,,,,,20260706
,,,14300010620S,Abisko Fjall Dress W,FRV,0,0,0,0,0,0,0,0,0,0,0,0,0,0,0,,,,,,,,0,0,0,1,1,0,0,0,0,0,0,0,0,,,,,,,,0,0,0,0,0,0,0,0,0,0,0,0,0,,,,,,,,20260706
,,,14300010620XS,Abisko Fjall Dress W,FRV,0,0,0,0,0,0,0,0,0,0,0,0,0,0,0,,,,,,,,0,0,0,1,1,0,0,0,0,0,0,0,0,,,,,,,,0,0,0,0,0,0,0,0,0,0,0,0,0,,,,,,,,20260706
,,,14300012537M,Abisko Sun-hoodie Dress W,FRV,8,3,0,0,0,0,0,0,0,0,0,0,0,0,0,,,,,,,,0,1,0,1,1,1,0,1,1,1,0,1,0,,,,,,,,0,0,0,0,0,0,0,0,0,0,0,0,0,,,,,,,,20260706
,,,14300012537S,Abisko Sun-hoodie Dress W,FRV,8,3,0,0,0,0,0,0,0,0,0,0,0,0,0,,,,,,,,0,1,0,1,1,1,0,1,1,1,0,1,0,,,,,,,,0,0,0,0,0,0,0,0,0,0,0,0,0,,,,,,,,20260706
,,,14300012614M,Abisko Sun-hoodie Dress W,FRV,6,3,0,0,0,0,0,0,0,0,0,0,0,0,0,,,,,,,,0,1,0,1,1,1,0,1,1,1,0,1,0,,,,,,,,0,0,0,0,0,0,0,0,0,0,0,0,0,,,,,,,,20260706
,,,14300012614S,Abisko Sun-hoodie Dress W,FRV,6,4,0,0,0,0,0,0,0,0,0,0,0,0,0,,,,,,,,0,1,0,1,1,1,0,1,1,1,0,1,0,,,,,,,,0,0,0,0,0,0,0,0,0,0,0,0,0,,,,,,,,20260706
,,,14300013030M,ovik Hemp Dress W,FRV,0,0,0,0,0,0,0,0,0,0,0,0,0,0,0,,,,,,,,0,0,0,1,0,0,0,0,0,0,0,0,0,,,,,,,,0,0,0,0,0,0,0,0,0,0,0,0,0,,,,,,,,20260706
,,,14300013030XS,ovik Hemp Dress W,FRV,0,0,0,0,0,0,0,0,0,0,0,0,0,0,0,,,,,,,,0,0,0,1,0,0,0,0,0,0,0,0,0,,,,,,,,0,0,0,0,0,0,0,0,0,0,0,0,0,,,,,,,,20260706
,,,14300013300M,ovik Hemp Dress W,FRV,0,0,0,0,0,0,0,0,0,0,0,0,0,0,0,,,,,,,,0,0,0,1,0,0,0,0,0,0,0,0,0,,,,,,,,0,0,0,0,0,0,0,0,0,0,0,0,0,,,,,,,,20260706
,,,14300013300S,ovik Hemp Dress W,FRV,0,0,0,0,0,0,0,0,0,0,0,0,0,0,0,,,,,,,,0,0,0,1,0,0,1,0,0,0,0,0,0,,,,,,,,0,0,0,0,0,0,0,0,0,0,0,0,0,,,,,,,,20260706
,,,14300013300XS,ovik Hemp Dress W,FRV,0,0,0,0,0,0,0,0,0,0,0,0,0,0,0,,,,,,,,0,0,0,1,0,0,0,0,0,0,0,0,0,,,,,,,,0,0,0,0,0,0,0,0,0,0,0,0,0,,,,,,,,20260706
,,,14500149357M,Expedition X-latt Hoodie W,FRV,0,0,0,0,0,0,0,0,0,0,0,0,0,0,0,,,,,,,,0,0,0,1,0,0,1,0,0,0,0,0,0,,,,,,,,0,0,0,0,0,0,0,0,0,0,0,0,0,,,,,,,,20260706
,,,14500149357S,Expedition X-latt Hoodie W,FRV,2,0,0,0,0,0,0,0,0,0,0,0,0,0,0,,,,,,,,0,0,0,1,0,0,1,0,0,0,0,0,0,,,,,,,,0,0,0,0,0,0,0,0,0,0,0,0,0,,,,,,,,20260706
,,,14500149550M,Expedition X-latt Hoodie W,FRV,5,0,0,0,0,0,0,0,0,0,0,0,0,0,0,,,,,,,,0,0,0,1,0,0,0,0,0,0,0,0,0,,,,,,,,0,0,0,0,0,0,0,0,0,0,0,0,0,,,,,,,,20260706
,,,14500149550S,Expedition X-latt Hoodie W,FRV,7,0,0,0,0,0,0,0,0,0,0,0,0,0,0,,,,,,,,0,0,0,1,0,0,0,0,0,0,0,0,0,,,,,,,,0,0,0,0,0,0,0,0,0,0,0,0,0,,,,,,,,20260706
,,,14500149550XS,Expedition X-latt Hoodie W,FRV,6,0,0,0,0,0,0,0,0,0,0,0,0,0,0,,,,,,,,0,0,0,1,0,0,0,0,0,0,0,0,0,,,,,,,,0,0,0,0,0,0,0,0,0,0,0,0,0,,,,,,,,20260706
,,,14500149662M,Expedition X-latt Hoodie W,FRV,2,0,0,0,0,0,0,0,0,0,0,0,0,0,0,,,,,,,,0,0,0,1,0,0,0,0,0,0,0,0,0,,,,,,,,0,0,0,0,0,0,0,0,0,0,0,0,0,,,,,,,,20260706
,,,14500149662S,Expedition X-latt Hoodie W,FRV,4,0,0,0,0,0,0,0,0,0,0,0,0,0,0,,,,,,,,0,0,0,1,0,0,0,0,0,0,0,0,0,,,,,,,,0,0,0,0,0,0,0,0,0,0,0,0,0,,,,,,,,20260706
,,,14500149662XS,Expedition X-latt Hoodie W,FRV,5,0,0,0,0,0,0,0,0,0,0,0,0,0,0,,,,,,,,0,0,0,1,0,0,0,0,0,0,0,0,0,,,,,,,,0,0,0,0,0,0,0,0,0,0,0,0,0,,,,,,,,20260706
,,,14500150662L,Bergtagen GTX Touring Jacket W,FRV,0,0,0,0,0,0,0,0,0,0,0,0,0,0,0,,,,,,,,0,0,0,1,1,0,0,0,0,0,0,0,0,,,,,,,,0,0,0,0,0,0,0,0,0,0,0,0,0,,,,,,,,20260706
,,,14500150662M,Bergtagen GTX Touring Jacket W,FRV,0,0,0,0,0,0,0,0,0,0,0,0,0,0,0,,,,,,,,0,0,0,1,1,0,0,0,0,0,0,0,0,,,,,,,,0,0,0,0,0,0,0,0,0,0,0,0,0,,,,,,,,20260706
,,,14500150662S,Bergtagen GTX Touring Jacket W,FRV,0,0,0,0,0,0,0,0,0,0,0,0,0,0,0,,,,,,,,0,0,0,1,1,0,1,0,0,0,0,0,0,,,,,,,,0,0,0,0,0,0,0,0,0,0,0,0,0,,,,,,,,20260706
,,,14500150662XL,Bergtagen GTX Touring Jacket W,FRV,0,0,0,0,0,0,0,0,0,0,0,0,0,0,0,,,,,,,,0,0,0,1,0,0,0,0,0,0,0,0,0,,,,,,,,0,0,0,0,0,0,0,0,0,0,0,0,0,,,,,,,,20260706
,,,14500150662XS,Bergtagen GTX Touring Jacket W,FRV,3,0,0,0,0,0,0,0,0,0,0,0,0,0,0,,,,,,,,0,0,0,1,1,0,1,0,0,0,0,0,0,,,,,,,,0,0,0,0,0,0,0,0,0,0,0,0,0,,,,,,,,20260706
,,,14500153302M,High Coast Wind Hoodie W,FRV,0,0,0,0,0,0,0,0,0,0,0,0,0,0,0,,,,,,,,0,1,0,1,1,0,0,0,0,1,1,1,0,,,,,,,,0,0,0,0,0,0,0,0,0,0,0,0,0,,,,,,,,20260706
,,,14500153302S,High Coast Wind Hoodie W,FRV,0,4,0,0,0,0,0,0,0,0,0,0,0,0,0,,,,,,,,0,1,0,1,1,1,1,1,0,1,1,1,0,,,,,,,,0,0,0,0,0,0,0,0,0,0,0,0,0,,,,,,,,20260706
,,,14500153302XS,High Coast Wind Hoodie W,FRV,0,0,0,0,0,0,0,0,0,0,0,0,0,0,0,,,,,,,,0,0,0,0,0,1,0,1,0,0,0,1,0,,,,,,,,0,0,0,0,0,0,0,0,0,0,0,0,0,,,,,,,,20260706
,,,14500153550M,High Coast Wind Hoodie W,FRV,0,0,0,0,0,0,0,0,0,0,0,0,0,0,0,,,,,,,,0,0,0,1,0,1,0,0,0,0,0,0,0,,,,,,,,0,0,0,0,0,0,0,0,0,0,0,0,0,,,,,,,,20260706
,,,14500153550S,High Coast Wind Hoodie W,FRV,0,0,0,0,0,0,0,0,0,0,0,0,0,0,0,,,,,,,,0,0,0,2,0,0,1,1,0,0,1,1,0,,,,,,,,0,0,0,0,0,0,0,0,0,0,0,0,0,,,,,,,,20260706
,,,14500153550XS,High Coast Wind Hoodie W,FRV,0,0,0,0,0,0,0,0,0,0,0,0,0,0,0,,,,,,,,0,0,0,2,0,1,1,1,0,0,1,1,0,,,,,,,,0,0,0,0,0,0,0,0,0,0,0,0,0,,,,,,,,20260706
,,,14500153637M,High Coast Wind Hoodie W,FRV,0,0,0,0,0,0,0,0,0,0,0,0,0,0,0,,,,,,,,0,0,0,1,1,1,1,1,0,1,0,1,0,,,,,,,,0,0,0,0,0,0,0,0,0,0,0,0,0,,,,,,,,20260706
,,,14500153637S,High Coast Wind Hoodie W,FRV,0,1,0,0,0,0,0,0,0,0,0,0,0,0,0,,,,,,,,0,1,0,1,1,1,1,1,0,1,1,1,0,,,,,,,,0,0,0,0,0,0,0,0,0,0,0,0,0,,,,,,,,20260706
,,,14500164550M,Bergtagen Windshell Jacket W,FRV,0,0,0,0,0,0,0,0,0,0,0,0,0,0,0,,,,,,,,0,0,0,1,1,0,0,0,0,0,0,0,0,,,,,,,,0,0,0,0,0,0,0,0,0,0,0,0,0,,,,,,,,20260706
,,,14500164550S,Bergtagen Windshell Jacket W,FRV,0,0,0,0,0,0,0,0,0,0,0,0,0,0,0,,,,,,,,0,0,0,1,1,0,0,0,0,0,0,0,0,,,,,,,,0,0,0,0,0,0,0,0,0,0,0,0,0,,,,,,,,20260706
,,,14500170118L,Stina Padded Jacket W,FRV,0,0,0,0,0,0,0,0,0,0,0,0,0,0,0,,,,,,,,0,0,0,1,0,0,0,0,0,0,0,0,0,,,,,,,,0,0,0,0,0,0,0,0,0,0,0,0,0,,,,,,,,20260706
,,,14500170118S,Stina Padded Jacket W,FRV,0,0,0,0,0,0,0,0,0,0,0,0,0,0,0,,,,,,,,0,0,0,1,0,0,0,0,0,0,0,0,0,,,,,,,,0,0,0,0,0,0,0,0,0,0,0,0,0,,,,,,,,20260706
,,,14500171550M,HC hydratic Padded Parka W,FRV,2,0,0,0,0,0,0,0,0,0,0,0,0,0,0,,,,,,,,0,0,0,1,0,0,0,0,0,0,0,0,0,,,,,,,,0,0,0,0,0,0,0,0,0,0,0,0,0,,,,,,,,20260706
,,,14500171550XS,HC hydratic Padded Parka W,FRV,1,0,0,0,0,0,0,0,0,0,0,0,0,0,0,,,,,,,,0,0,0,0,0,0,0,0,0,0,0,0,0,,,,,,,,0,0,0,0,0,0,0,0,0,0,0,0,0,,,,,,,,20260706
,,,14500171625M,HC hydratic Padded Parka W,FRV,1,0,0,0,0,0,0,0,0,0,0,0,0,0,0,,,,,,,,0,0,0,0,0,0,0,0,0,0,0,0,0,,,,,,,,0,0,0,0,0,0,0,0,0,0,0,0,0,,,,,,,,20260706
,,,14500171625S,HC hydratic Padded Parka W,FRV,0,0,0,0,0,0,0,0,0,0,0,0,0,0,0,,,,,,,,0,0,0,1,0,0,0,0,0,0,0,0,0,,,,,,,,0,0,0,0,0,0,0,0,0,0,0,0,0,,,,,,,,20260706
,,,14500174550M,Keb Thermal Wind Jacket W,FRV,8,0,0,0,0,0,0,0,0,0,0,0,0,0,0,,,,,,,,0,0,0,1,0,0,0,0,0,0,0,0,0,,,,,,,,0,0,0,0,0,0,0,0,0,0,0,0,0,,,,,,,,20260706
,,,14500174550S,Keb Thermal Wind Jacket W,FRV,8,0,0,0,0,0,0,0,0,0,0,0,0,0,0,,,,,,,,0,0,0,1,0,0,0,0,0,0,0,0,0,,,,,,,,0,0,0,0,0,0,0,0,0,0,0,0,0,,,,,,,,20260706
,,,14500174550XS,Keb Thermal Wind Jacket W,FRV,1,0,0,0,0,0,0,0,0,0,0,0,0,0,0,,,,,,,,0,0,0,1,0,0,0,0,0,0,0,0,0,,,,,,,,0,0,0,0,0,0,0,0,0,0,0,0,0,,,,,,,,20260706
,,,14500174570M,Keb Thermal Wind Jacket W,FRV,7,0,0,0,0,0,0,0,0,0,0,0,0,0,0,,,,,,,,0,0,0,1,0,0,0,0,0,0,0,0,0,,,,,,,,0,0,0,0,0,0,0,0,0,0,0,0,0,,,,,,,,20260706
,,,14500174570S,Keb Thermal Wind Jacket W,FRV,7,0,0,0,0,0,0,0,0,0,0,0,0,0,0,,,,,,,,0,0,0,1,0,0,0,0,0,0,0,0,0,,,,,,,,0,0,0,0,0,0,0,0,0,0,0,0,0,,,,,,,,20260706
,,,14500174570XS,Keb Thermal Wind Jacket W,FRV,1,0,0,0,0,0,0,0,0,0,0,0,0,0,0,,,,,,,,0,0,0,1,0,0,0,0,0,0,0,0,0,,,,,,,,0,0,0,0,0,0,0,0,0,0,0,0,0,,,,,,,,20260706
,,,14500177118L,Keb GTX Jacket W,FRV,0,0,0,0,0,0,0,0,0,0,0,0,0,0,0,,,,,,,,0,1,0,1,0,0,0,0,0,0,0,0,0,,,,,,,,0,0,0,0,0,0,0,0,0,0,0,0,0,,,,,,,,20260706
,,,14500177118M,Keb GTX Jacket W,FRV,0,0,0,0,0,0,0,0,0,0,0,0,0,0,0,,,,,,,,0,1,0,1,0,0,1,0,0,0,0,1,0,,,,,,,,0,0,0,0,0,0,0,0,0,0,0,0,0,,,,,,,,20260706
,,,14500177118S,Keb GTX Jacket W,FRV,0,0,0,0,0,0,0,0,0,0,0,0,0,0,0,,,,,,,,0,0,0,1,1,0,1,0,0,0,0,0,0,,,,,,,,0,0,0,0,0,0,0,0,0,0,0,0,0,,,,,,,,20260706
,,,14500177118XS,Keb GTX Jacket W,FRV,0,0,0,0,0,0,0,0,0,0,0,0,0,0,0,,,,,,,,0,0,0,1,0,1,1,1,0,0,0,0,0,,,,,,,,0,0,0,0,0,0,0,0,0,0,0,0,0,,,,,,,,20260706
,,,14500177550XXS,Keb GTX Jacket W,FRV,0,0,0,0,0,0,0,0,0,0,0,0,0,0,0,,,,,,,,0,0,0,1,0,0,0,0,0,0,0,0,0,,,,,,,,0,0,0,0,0,0,0,0,0,0,0,0,0,,,,,,,,20260706
,,,14500179118M,HC Insulated Jacket W,FRV,0,0,0,0,0,0,0,0,0,0,0,0,0,0,0,,,,,,,,0,0,0,1,0,0,0,0,0,0,0,0,0,,,,,,,,0,0,0,0,0,0,0,0,0,0,0,0,0,,,,,,,,20260706
,,,14500179118S,HC Insulated Jacket W,FRV,0,0,0,0,0,0,0,0,0,0,0,0,0,0,0,,,,,,,,0,0,0,1,1,0,1,0,0,0,1,0,0,,,,,,,,0,0,0,0,0,0,0,0,0,0,0,0,0,,,,,,,,20260706
,,,14500179118XS,HC Insulated Jacket W,FRV,0,0,0,0,0,0,0,0,0,0,0,0,0,0,0,,,,,,,,0,0,0,1,1,0,0,1,0,0,0,0,0,,,,,,,,0,0,0,0,0,0,0,0,0,0,0,0,0,,,,,,,,20260706
,,,14500179550M,HC Insulated Jacket W,FRV,0,0,0,0,0,0,0,0,0,0,0,0,0,0,0,,,,,,,,0,1,0,1,1,1,0,1,0,0,0,0,0,,,,,,,,0,0,0,0,0,0,0,0,0,0,0,0,0,,,,,,,,20260706
,,,14500179550S,HC Insulated Jacket W,FRV,2,0,0,0,0,0,0,0,0,0,0,0,0,0,0,,,,,,,,0,1,0,1,1,1,0,1,0,0,0,0,0,,,,,,,,0,0,0,0,0,0,0,0,0,0,0,0,0,,,,,,,,20260706
,,,14500179550XS,HC Insulated Jacket W,FRV,0,0,0,0,0,0,0,0,0,0,0,0,0,0,0,,,,,,,,0,0,0,1,1,0,0,1,0,0,1,0,0,,,,,,,,0,0,0,0,0,0,0,0,0,0,0,0,0,,,,,,,,20260706
,,,14500180452M,Vardag Vindby Jacket W,FRV,0,0,0,0,0,0,0,0,0,0,0,0,0,0,0,,,,,,,,0,0,0,1,1,0,0,0,0,0,0,0,0,,,,,,,,0,0,0,0,0,0,0,0,0,0,0,0,0,,,,,,,,20260706
,,,14500180452S,Vardag Vindby Jacket W,FRV,2,0,0,0,0,0,0,0,0,0,0,0,0,0,0,,,,,,,,0,0,0,1,1,0,0,0,0,0,0,0,0,,,,,,,,0,0,0,0,0,0,0,0,0,0,0,0,0,,,,,,,,20260706
,,,14500180452XS,Vardag Vindby Jacket W,FRV,0,0,0,0,0,0,0,0,0,0,0,0,0,0,0,,,,,,,,0,0,0,1,0,0,0,0,0,0,0,0,0,,,,,,,,0,0,0,0,0,0,0,0,0,0,0,0,0,,,,,,,,20260706
,,,14500183550S,Bergtagen GTX Lite Jacket W,FRV,0,2,0,0,0,0,0,0,0,0,0,0,0,0,0,,,,,,,,0,1,0,1,1,0,0,0,0,0,0,0,0,,,,,,,,0,0,0,0,0,0,0,0,0,0,0,0,0,,,,,,,,20260706
,,,14500183550XS,Bergtagen GTX Lite Jacket W,FRV,0,2,0,0,0,0,0,0,0,0,0,0,0,0,0,,,,,,,,0,1,0,1,1,0,0,0,0,0,0,0,0,,,,,,,,0,0,0,0,0,0,0,0,0,0,0,0,0,,,,,,,,20260706
,,,14600149113M,Ovik Hemp Shirt LS W,FRV,0,0,0,0,0,0,0,0,0,0,0,0,0,0,0,,,,,,,,0,0,0,1,0,1,0,0,0,1,0,0,0,,,,,,,,0,0,0,0,0,0,0,0,0,0,0,0,0,,,,,,,,20260706
,,,14600149113S,Ovik Hemp Shirt LS W,FRV,0,0,0,0,0,0,0,0,0,0,0,0,0,0,0,,,,,,,,0,0,0,1,0,1,0,0,0,1,1,2,0,,,,,,,,0,0,0,0,0,0,0,0,0,0,0,0,0,,,,,,,,20260706
,,,14600149113XS,Ovik Hemp Shirt LS W,FRV,0,0,0,0,0,0,0,0,0,0,0,0,0,0,0,,,,,,,,0,0,0,1,0,0,0,0,0,0,0,0,0,,,,,,,,0,0,0,0,0,0,0,0,0,0,0,0,0,,,,,,,,20260706
,,,14600149244M,Ovik Hemp Shirt LS W,FRV,0,0,0,0,0,0,0,0,0,0,0,0,0,0,0,,,,,,,,0,0,0,1,0,0,0,0,0,0,0,1,0,,,,,,,,0,0,0,0,0,0,0,0,0,0,0,0,0,,,,,,,,20260706
,,,14600149244S,Ovik Hemp Shirt LS W,FRV,0,0,0,0,0,0,0,0,0,0,0,0,0,0,0,,,,,,,,0,0,0,1,0,0,0,0,0,0,0,0,0,,,,,,,,0,0,0,0,0,0,0,0,0,0,0,0,0,,,,,,,,20260706
,,,14600149244XS,Ovik Hemp Shirt LS W,FRV,0,0,0,0,0,0,0,0,0,0,0,0,0,0,0,,,,,,,,0,0,0,1,0,0,0,0,0,0,0,0,0,,,,,,,,0,0,0,0,0,0,0,0,0,0,0,0,0,,,,,,,,20260706
,,,14600160113M,Ovik Hemp Shirt SS W,FRV,0,0,0,0,0,0,0,0,0,0,0,0,0,0,0,,,,,,,,0,0,0,1,0,0,0,0,0,0,0,0,0,,,,,,,,0,0,0,0,0,0,0,0,0,0,0,0,0,,,,,,,,20260706
,,,14600160113S,Ovik Hemp Shirt SS W,FRV,0,0,0,0,0,0,0,0,0,0,0,0,0,0,0,,,,,,,,0,0,0,1,0,1,0,0,0,0,0,1,0,,,,,,,,0,0,0,0,0,0,0,0,0,0,0,0,0,,,,,,,,20260706
,,,14600160244M,Ovik Hemp Shirt SS W,FRV,0,0,0,0,0,0,0,0,0,0,0,0,0,0,0,,,,,,,,0,0,0,1,0,1,0,0,0,0,0,0,0,,,,,,,,0,0,0,0,0,0,0,0,0,0,0,0,0,,,,,,,,20260706
,,,14600160244S,Ovik Hemp Shirt SS W,FRV,0,0,0,0,0,0,0,0,0,0,0,0,0,0,0,,,,,,,,0,0,0,1,0,0,0,0,0,0,0,0,0,,,,,,,,0,0,0,0,0,0,0,0,0,0,0,0,0,,,,,,,,20260706
,,,14600165113M,Lush Logo T-shirt W,FRV,0,0,0,0,0,0,0,0,0,0,0,0,0,0,0,,,,,,,,0,0,0,0,0,0,0,1,0,0,1,1,0,,,,,,,,0,0,0,0,0,0,0,0,0,0,0,0,0,,,,,,,,20260706
,,,14600165113S,Lush Logo T-shirt W,FRV,0,0,0,0,0,0,0,0,0,0,0,0,0,0,0,,,,,,,,0,0,0,1,0,0,0,1,0,0,0,1,0,,,,,,,,0,0,0,0,0,0,0,0,0,0,0,0,0,,,,,,,,20260706
,,,14600165113XS,Lush Logo T-shirt W,FRV,0,0,0,0,0,0,0,0,0,0,0,0,0,0,0,,,,,,,,0,0,0,1,0,0,0,0,0,0,0,0,0,,,,,,,,0,0,0,0,0,0,0,0,0,0,0,0,0,,,,,,,,20260706
,,,14600165302M,Lush Logo T-shirt W,FRV,0,0,0,0,0,0,0,0,0,0,0,0,0,0,0,,,,,,,,0,0,0,0,0,0,0,0,0,0,1,0,0,,,,,,,,0,0,0,0,0,0,0,0,0,0,0,0,0,,,,,,,,20260706
,,,14600165302S,Lush Logo T-shirt W,FRV,0,0,0,0,0,0,0,0,0,0,0,0,0,0,0,,,,,,,,0,0,0,1,0,0,0,0,0,0,0,0,0,,,,,,,,0,0,0,0,0,0,0,0,0,0,0,0,0,,,,,,,,20260706
,,,14600165302XS,Lush Logo T-shirt W,FRV,0,0,0,0,0,0,0,0,0,0,0,0,0,0,0,,,,,,,,0,0,0,1,0,0,0,0,0,0,0,0,0,,,,,,,,0,0,0,0,0,0,0,0,0,0,0,0,0,,,,,,,,20260706
,,,14600167302M,Abisko Hike Shirt W,FRV,0,0,0,0,0,0,0,0,0,0,0,0,0,0,0,,,,,,,,0,0,0,1,0,0,0,0,0,0,0,0,0,,,,,,,,0,0,0,0,0,0,0,0,0,0,0,0,0,,,,,,,,20260706
,,,14600167302S,Abisko Hike Shirt W,FRV,0,0,0,0,0,0,0,0,0,0,0,0,0,0,0,,,,,,,,0,0,0,0,1,1,1,1,0,1,0,1,0,,,,,,,,0,0,0,0,0,0,0,0,0,0,0,0,0,,,,,,,,20260706
,,,14600167302XS,Abisko Hike Shirt W,FRV,0,0,0,0,0,0,0,0,0,0,0,0,0,0,0,,,,,,,,0,0,0,1,0,1,1,0,0,1,0,1,0,,,,,,,,0,0,0,0,0,0,0,0,0,0,0,0,0,,,,,,,,20260706
,,,14600167560M,Abisko Hike Shirt W,FRV,0,0,0,0,0,0,0,0,0,0,0,0,0,0,0,,,,,,,,0,0,0,1,0,0,0,0,0,0,0,0,0,,,,,,,,0,0,0,0,0,0,0,0,0,0,0,0,0,,,,,,,,20260706
,,,14600167560S,Abisko Hike Shirt W,FRV,0,0,0,0,0,0,0,0,0,0,0,0,0,0,0,,,,,,,,0,1,0,0,1,1,0,0,0,1,0,1,0,,,,,,,,0,0,0,0,0,0,0,0,0,0,0,0,0,,,,,,,,20260706
,,,14600167560XS,Abisko Hike Shirt W,FRV,0,0,0,0,0,0,0,0,0,0,0,0,0,0,0,,,,,,,,0,0,0,0,0,0,0,1,0,1,0,1,0,,,,,,,,0,0,0,0,0,0,0,0,0,0,0,0,0,,,,,,,,20260706
,,,14600171614M,Walk With Nature T-shirt W,FRV,0,0,0,0,0,0,0,0,0,0,0,0,0,0,0,,,,,,,,0,0,0,0,0,0,0,0,0,0,1,0,0,,,,,,,,0,0,0,0,0,0,0,0,0,0,0,0,0,,,,,,,,20260706
,,,14600173550M,Ovik Lite Fleece Jacket W,FRV,0,0,0,0,0,0,0,0,0,0,0,0,0,0,0,,,,,,,,0,1,0,1,0,0,1,0,0,0,0,0,0,,,,,,,,0,0,0,0,0,0,0,0,0,0,0,0,0,,,,,,,,20260706
,,,14600173550S,Ovik Lite Fleece Jacket W,FRV,0,0,0,0,0,0,0,0,0,0,0,0,0,0,0,,,,,,,,0,1,0,1,0,1,1,0,0,0,0,0,0,,,,,,,,0,0,0,0,0,0,0,0,0,0,0,0,0,,,,,,,,20260706
,,,14600173550XS,Ovik Lite Fleece Jacket W,FRV,1,0,0,0,0,0,0,0,0,0,0,0,0,0,0,,,,,,,,0,1,0,1,0,1,1,0,0,0,0,0,0,,,,,,,,0,0,0,0,0,0,0,0,0,0,0,0,0,,,,,,,,20260706
,,,14600188113M,Fjallraven Heavy Classic T-shirt W,FRV,0,1,0,0,0,0,0,0,0,0,0,0,0,0,0,,,,,,,,0,1,0,1,1,1,1,1,0,1,1,1,0,,,,,,,,0,0,0,0,0,0,0,0,0,0,0,0,0,,,,,,,,20260706
,,,14600188113S,Fjallraven Heavy Classic T-shirt W,FRV,0,1,0,0,0,0,0,0,0,0,0,0,0,0,0,,,,,,,,0,0,0,1,1,1,1,1,0,1,1,1,0,,,,,,,,0,0,0,0,0,0,0,0,0,0,0,0,0,,,,,,,,20260706
,,,14600188113XS,Fjallraven Heavy Classic T-shirt W,FRV,0,0,0,0,0,0,0,0,0,0,0,0,0,0,0,,,,,,,,0,0,0,1,1,1,1,1,0,1,1,1,0,,,,,,,,0,0,0,0,0,0,0,0,0,0,0,0,0,,,,,,,,20260706
,,,14600188674M,Fjallraven Heavy Classic T-shirt W,FRV,0,0,0,0,0,0,0,0,0,0,0,0,0,0,0,,,,,,,,0,1,0,1,1,1,1,1,0,1,1,1,0,,,,,,,,0,0,0,0,0,0,0,0,0,0,0,0,0,,,,,,,,20260706
,,,14600188674S,Fjallraven Heavy Classic T-shirt W,FRV,0,2,0,0,0,0,0,0,0,0,0,0,0,0,0,,,,,,,,0,1,0,1,1,1,1,1,0,1,1,1,0,,,,,,,,0,0,0,0,0,0,0,0,0,0,0,0,0,,,,,,,,20260706
,,,14600188674XS,Fjallraven Heavy Classic T-shirt W,FRV,0,1,0,0,0,0,0,0,0,0,0,0,0,0,0,,,,,,,,0,1,0,1,1,1,1,1,0,1,1,1,0,,,,,,,,0,0,0,0,0,0,0,0,0,0,0,0,0,,,,,,,,20260706
,,,14600200030M,ovik Hemp Camp Shirt SS W,FRV,0,0,0,0,0,0,0,0,0,0,0,0,0,0,0,,,,,,,,0,1,0,1,0,1,0,0,0,0,1,1,0,,,,,,,,0,0,0,0,0,0,0,0,0,0,0,0,0,,,,,,,,20260706
,,,14600200030S,ovik Hemp Camp Shirt SS W,FRV,0,0,0,0,0,0,0,0,0,0,0,0,0,0,0,,,,,,,,0,0,0,1,0,0,1,1,0,1,1,1,0,,,,,,,,0,0,0,0,0,0,0,0,0,0,0,0,0,,,,,,,,20260706
,,,14600200244M,ovik Hemp Camp Shirt SS W,FRV,0,0,0,0,0,0,0,0,0,0,0,0,0,0,0,,,,,,,,0,0,0,1,0,0,0,0,0,0,0,0,0,,,,,,,,0,0,0,0,0,0,0,0,0,0,0,0,0,,,,,,,,20260706
,,,14600200244S,ovik Hemp Camp Shirt SS W,FRV,0,0,0,0,0,0,0,0,0,0,0,0,0,0,0,,,,,,,,0,0,0,1,0,0,0,0,0,0,0,0,0,,,,,,,,0,0,0,0,0,0,0,0,0,0,0,0,0,,,,,,,,20260706
,,,14600200244XS,ovik Hemp Camp Shirt SS W,FRV,0,0,0,0,0,0,0,0,0,0,0,0,0,0,0,,,,,,,,0,0,0,1,0,0,0,0,0,0,0,0,0,,,,,,,,0,0,0,0,0,0,0,0,0,0,0,0,0,,,,,,,,20260706
,,,14600200570M,ovik Hemp Camp Shirt SS W,FRV,0,0,0,0,0,0,0,0,0,0,0,0,0,0,0,,,,,,,,0,0,0,1,0,1,1,1,0,0,1,1,0,,,,,,,,0,0,0,0,0,0,0,0,0,0,0,0,0,,,,,,,,20260706
,,,14600200570S,ovik Hemp Camp Shirt SS W,FRV,0,0,0,0,0,0,0,0,0,0,0,0,0,0,0,,,,,,,,0,1,0,1,0,0,0,0,0,1,1,1,0,,,,,,,,0,0,0,0,0,0,0,0,0,0,0,0,0,,,,,,,,20260706
,,,14600215113M,Hemp Blend Out Here T-shirt W,FRV,0,0,0,0,0,0,0,0,0,0,0,0,0,0,0,,,,,,,,0,0,0,0,0,0,0,0,0,0,1,0,0,,,,,,,,0,0,0,0,0,0,0,0,0,0,0,0,0,,,,,,,,20260706
,,,14600215113S,Hemp Blend Out Here T-shirt W,FRV,0,0,0,0,0,0,0,0,0,0,0,0,0,0,0,,,,,,,,0,0,0,0,0,0,0,0,0,0,1,0,0,,,,,,,,0,0,0,0,0,0,0,0,0,0,0,0,0,,,,,,,,20260706
,,,14600215113XS,Hemp Blend Out Here T-shirt W,FRV,0,0,0,0,0,0,0,0,0,0,0,0,0,0,0,,,,,,,,0,0,0,1,0,0,0,0,0,0,1,0,0,,,,,,,,0,0,0,0,0,0,0,0,0,0,0,0,0,,,,,,,,20260706
,,,14600215620M,Hemp Blend Out Here T-shirt W,FRV,0,0,0,0,0,0,0,0,0,0,0,0,0,0,0,,,,,,,,0,0,0,1,0,0,0,0,0,0,1,0,0,,,,,,,,0,0,0,0,0,0,0,0,0,0,0,0,0,,,,,,,,20260706
,,,14600215620S,Hemp Blend Out Here T-shirt W,FRV,0,0,0,0,0,0,0,0,0,0,0,0,0,0,0,,,,,,,,0,0,0,1,0,0,0,0,0,0,1,0,0,,,,,,,,0,0,0,0,0,0,0,0,0,0,0,0,0,,,,,,,,20260706
,,,14600215620XS,Hemp Blend Out Here T-shirt W,FRV,0,0,0,0,0,0,0,0,0,0,0,0,0,0,0,,,,,,,,0,0,0,1,0,0,0,0,0,0,1,0,0,,,,,,,,0,0,0,0,0,0,0,0,0,0,0,0,0,,,,,,,,20260706
,,,14600261030M,Kaitum Fleece W,FRV,3,0,0,0,0,0,0,0,0,0,0,0,0,0,0,,,,,,,,0,0,0,0,0,0,0,0,0,0,0,0,0,,,,,,,,0,0,0,0,0,0,0,0,0,0,0,0,0,,,,,,,,20260706
,,,14600261030S,Kaitum Fleece W,FRV,2,0,0,0,0,0,0,0,0,0,0,0,0,0,0,,,,,,,,0,0,0,0,0,0,0,0,0,0,0,0,0,,,,,,,,0,0,0,0,0,0,0,0,0,0,0,0,0,,,,,,,,20260706
,,,14600261030XS,Kaitum Fleece W,FRV,2,0,0,0,0,0,0,0,0,0,0,0,0,0,0,,,,,,,,0,0,0,0,0,0,0,0,0,0,0,0,0,,,,,,,,0,0,0,0,0,0,0,0,0,0,0,0,0,,,,,,,,20260706
,,,14600261357M,Kaitum Fleece W,FRV,3,0,0,0,0,0,0,0,0,0,0,0,0,0,0,,,,,,,,0,0,0,0,0,0,0,0,0,0,0,0,0,,,,,,,,0,0,0,0,0,0,0,0,0,0,0,0,0,,,,,,,,20260706
,,,14600261357S,Kaitum Fleece W,FRV,3,0,0,0,0,0,0,0,0,0,0,0,0,0,0,,,,,,,,0,0,0,0,0,0,0,0,0,0,0,0,0,,,,,,,,0,0,0,0,0,0,0,0,0,0,0,0,0,,,,,,,,20260706
,,,14600261357XS,Kaitum Fleece W,FRV,2,0,0,0,0,0,0,0,0,0,0,0,0,0,0,,,,,,,,0,0,0,0,0,0,0,0,0,0,0,0,0,,,,,,,,0,0,0,0,0,0,0,0,0,0,0,0,0,,,,,,,,20260706
,,,14600264111-452M,Ovik Lite Flannel Shirt W,FRV,0,2,0,0,0,0,0,0,0,0,0,0,0,0,0,,,,,,,,0,1,0,1,1,1,1,1,0,1,1,1,0,,,,,,,,0,0,0,0,0,0,0,0,0,0,0,0,0,,,,,,,,20260706
,,,14600264111-452S,Ovik Lite Flannel Shirt W,FRV,0,0,0,0,0,0,0,0,0,0,0,0,0,0,0,,,,,,,,0,0,0,1,1,1,1,1,0,1,1,1,0,,,,,,,,0,0,0,0,0,0,0,0,0,0,0,0,0,,,,,,,,20260706
,,,14600264113-118M,Ovik Lite Flannel Shirt W,FRV,0,2,0,0,0,0,0,0,0,0,0,0,0,0,0,,,,,,,,0,1,0,1,1,1,1,1,0,1,1,1,0,,,,,,,,0,0,0,0,0,0,0,0,0,0,0,0,0,,,,,,,,20260706
,,,14600264113-118S,Ovik Lite Flannel Shirt W,FRV,0,2,0,0,0,0,0,0,0,0,0,0,0,0,0,,,,,,,,0,1,0,1,1,1,1,1,0,1,1,1,0,,,,,,,,0,0,0,0,0,0,0,0,0,0,0,0,0,,,,,,,,20260706
,,,14600265452M,Abisko Wool Hoodie W,FRV,0,0,0,0,0,0,0,0,0,0,0,0,0,0,0,,,,,,,,0,1,0,2,1,1,0,0,0,1,0,0,0,,,,,,,,0,0,0,0,0,0,0,0,0,0,0,0,0,,,,,,,,20260706
,,,14600265452S,Abisko Wool Hoodie W,FRV,0,0,0,0,0,0,0,0,0,0,0,0,0,0,0,,,,,,,,0,0,0,2,1,1,1,0,0,0,0,1,0,,,,,,,,0,0,0,0,0,0,0,0,0,0,0,0,0,,,,,,,,20260706
,,,14600265614M,Abisko Wool Hoodie W,FRV,0,0,0,0,0,0,0,0,0,0,0,0,0,0,0,,,,,,,,0,1,0,2,1,1,1,0,0,0,0,1,0,,,,,,,,0,0,0,0,0,0,0,0,0,0,0,0,0,,,,,,,,20260706
,,,14600265614S,Abisko Wool Hoodie W,FRV,1,0,0,0,0,0,0,0,0,0,0,0,0,0,0,,,,,,,,0,1,0,2,1,1,1,0,0,1,0,1,0,,,,,,,,0,0,0,0,0,0,0,0,0,0,0,0,0,,,,,,,,20260706
,,,14600270111M,Forest Walk T-shirt  W,FRV,0,0,0,0,0,0,0,0,0,0,0,0,0,0,0,,,,,,,,0,0,0,1,0,0,0,0,1,0,0,0,0,,,,,,,,0,0,0,0,0,0,0,0,0,0,0,0,0,,,,,,,,20260706
,,,14600270111S,Forest Walk T-shirt  W,FRV,1,0,0,0,0,0,0,0,0,0,0,0,0,0,0,,,,,,,,0,0,0,1,0,0,0,0,1,0,0,0,0,,,,,,,,0,0,0,0,0,0,0,0,0,0,0,0,0,,,,,,,,20260706
,,,14600270111XS,Forest Walk T-shirt  W,FRV,0,0,0,0,0,0,0,0,0,0,0,0,0,0,0,,,,,,,,0,0,0,1,0,0,0,0,1,0,0,0,0,,,,,,,,0,0,0,0,0,0,0,0,0,0,0,0,0,,,,,,,,20260706
,,,14600270637M,Forest Walk T-shirt  W,FRV,0,0,0,0,0,0,0,0,0,0,0,0,0,0,0,,,,,,,,0,0,0,1,0,0,0,0,0,0,0,0,0,,,,,,,,0,0,0,0,0,0,0,0,0,0,0,0,0,,,,,,,,20260706
,,,14600270637S,Forest Walk T-shirt  W,FRV,0,0,0,0,0,0,0,0,0,0,0,0,0,0,0,,,,,,,,0,0,0,1,0,0,0,0,1,0,0,0,0,,,,,,,,0,0,0,0,0,0,0,0,0,0,0,0,0,,,,,,,,20260706
,,,14600270637XS,Forest Walk T-shirt  W,FRV,0,0,0,0,0,0,0,0,0,0,0,0,0,0,0,,,,,,,,0,0,0,1,0,0,0,0,0,0,0,0,0,,,,,,,,0,0,0,0,0,0,0,0,0,0,0,0,0,,,,,,,,20260706
,,,22000550L,S/F Raven Anorak M,FRV,1,0,0,0,0,0,0,0,0,0,0,0,0,0,0,,,,,,,,0,0,0,1,0,0,0,0,0,0,0,0,0,,,,,,,,0,0,0,0,0,0,0,0,0,0,0,0,0,,,,,,,,20260706
,,,22000550M,S/F Raven Anorak M,FRV,6,0,0,0,0,0,0,0,0,0,0,0,0,0,0,,,,,,,,0,0,0,2,0,0,0,0,0,0,0,0,0,,,,,,,,0,0,0,0,0,0,0,0,0,0,0,0,0,,,,,,,,20260706
,,,22000550S,S/F Raven Anorak M,FRV,3,0,0,0,0,0,0,0,0,0,0,0,0,0,0,,,,,,,,0,0,0,1,0,0,0,0,0,0,0,0,0,,,,,,,,0,0,0,0,0,0,0,0,0,0,0,0,0,,,,,,,,20260706
,,,22002620L,S/F Wool T-shirt M,FRV,0,0,0,0,0,0,0,0,0,0,0,0,0,0,0,,,,,,,,0,1,0,1,0,0,0,0,0,0,0,2,0,,,,,,,,0,0,0,0,0,0,0,0,0,0,0,0,0,,,,,,,,20260706
,,,22002620M,S/F Wool T-shirt M,FRV,0,0,0,0,0,0,0,0,0,0,0,0,0,0,0,,,,,,,,0,1,0,1,1,0,0,0,0,0,0,0,0,,,,,,,,0,0,0,0,0,0,0,0,0,0,0,0,0,,,,,,,,20260706
,,,22002620S,S/F Wool T-shirt M,FRV,0,0,0,0,0,0,0,0,0,0,0,0,0,0,0,,,,,,,,0,1,0,1,0,0,0,0,0,0,0,0,0,,,,,,,,0,0,0,0,0,0,0,0,0,0,0,0,0,,,,,,,,20260706
,,,22004560-111L/XL,S/F Hat,FRV,0,0,0,0,0,0,0,0,0,0,0,0,0,0,0,,,,,,,,0,0,0,2,0,0,0,0,0,0,0,0,0,,,,,,,,0,0,0,0,0,0,0,0,0,0,0,0,0,,,,,,,,20260706
,,,22004560-111S/M,S/F Hat,FRV,0,0,0,0,0,0,0,0,0,0,0,0,0,0,0,,,,,,,,0,0,0,2,0,0,0,0,0,0,0,1,0,,,,,,,,0,0,0,0,0,0,0,0,0,0,0,0,0,,,,,,,,20260706
,,,22004620L/XL,S/F Hat,FRV,0,0,0,0,0,0,0,0,0,0,0,0,0,0,0,,,,,,,,0,0,0,2,1,0,0,0,0,0,0,1,0,,,,,,,,0,0,0,0,0,0,0,0,0,0,0,0,0,,,,,,,,20260706
,,,22004620S/M,S/F Hat,FRV,0,0,0,0,0,0,0,0,0,0,0,0,0,0,0,,,,,,,,0,0,0,2,0,0,0,1,0,0,0,2,0,,,,,,,,0,0,0,0,0,0,0,0,0,0,0,0,0,,,,,,,,20260706
,,,22005620L/XL,S/F Cap,FRV,1,0,0,0,0,0,0,0,0,0,0,0,0,0,0,,,,,,,,0,0,0,2,1,0,0,1,0,0,0,2,0,,,,,,,,0,0,0,0,0,0,0,0,0,0,0,0,0,,,,,,,,20260706
,,,22005620S/M,S/F Cap,FRV,0,0,0,0,0,0,0,0,0,0,0,0,0,0,0,,,,,,,,0,0,0,2,0,0,0,1,0,0,0,3,0,,,,,,,,0,0,0,0,0,0,0,0,0,0,0,0,0,,,,,,,,20260706
,,,22006560X,S/F Scarf,FRV,0,0,0,0,0,0,0,0,0,0,0,0,0,0,0,,,,,,,,0,0,0,0,1,2,0,2,2,0,0,0,0,,,,,,,,0,0,0,0,0,0,0,0,0,0,0,0,0,,,,,,,,20260706
,,,22016701L,S/F Rider's Flannel Shirt LS M,FRV,0,0,0,0,0,0,0,0,0,0,0,0,0,0,0,,,,,,,,0,0,0,1,0,0,0,0,0,0,0,0,0,,,,,,,,0,0,0,0,0,0,0,0,0,0,0,0,0,,,,,,,,20260706
,,,22016701M,S/F Rider's Flannel Shirt LS M,FRV,0,0,0,0,0,0,0,0,0,0,0,0,0,0,0,,,,,,,,0,0,0,2,0,0,0,0,1,0,0,0,0,,,,,,,,0,0,0,0,0,0,0,0,0,0,0,0,0,,,,,,,,20260706
,,,22016701S,S/F Rider's Flannel Shirt LS M,FRV,1,0,0,0,0,0,0,0,0,0,0,0,0,0,0,,,,,,,,0,0,0,1,0,0,0,0,1,0,0,0,0,,,,,,,,0,0,0,0,0,0,0,0,0,0,0,0,0,,,,,,,,20260706
,,,22021550M,S/F Adventure Vest M,FRV,0,0,0,0,0,0,0,0,0,0,0,0,0,0,0,,,,,,,,0,1,0,2,1,0,1,0,0,1,0,1,0,,,,,,,,0,0,0,0,0,0,0,0,0,0,0,0,0,,,,,,,,20260706
,,,22021550S,S/F Adventure Vest M,FRV,3,0,0,0,0,0,0,0,0,0,0,0,0,0,0,,,,,,,,0,1,0,1,1,0,1,0,0,1,0,1,0,,,,,,,,0,0,0,0,0,0,0,0,0,0,0,0,0,,,,,,,,20260706
,,,22024550L,S/F Thermo Anorak,FRV,5,0,0,0,0,0,0,0,0,0,0,0,0,0,0,,,,,,,,0,0,0,1,0,0,0,0,0,0,0,0,0,,,,,,,,0,0,0,0,0,0,0,0,0,0,0,0,0,,,,,,,,20260706
,,,22024550M,S/F Thermo Anorak,FRV,8,1,0,0,0,0,0,0,0,0,0,0,0,0,0,,,,,,,,0,0,0,1,0,0,0,0,0,0,0,0,0,,,,,,,,0,0,0,0,0,0,0,0,0,0,0,0,0,,,,,,,,20260706
,,,22024550S,S/F Thermo Anorak,FRV,2,0,0,0,0,0,0,0,0,0,0,0,0,0,0,,,,,,,,0,0,0,1,0,0,0,0,0,0,0,0,0,,,,,,,,0,0,0,0,0,0,0,0,0,0,0,0,0,,,,,,,,20260706
,,,22031620M,S/F Sun Field Suit M,FRV,5,2,0,0,0,0,0,0,0,0,0,0,0,0,0,,,,,,,,0,0,0,1,0,0,0,0,1,0,0,0,0,,,,,,,,0,0,0,0,0,0,0,0,0,0,0,0,0,,,,,,,,20260706
,,,22031620S,S/F Sun Field Suit M,FRV,6,2,0,0,0,0,0,0,0,0,0,0,0,0,0,,,,,,,,0,0,0,1,0,0,0,0,1,0,0,0,0,,,,,,,,0,0,0,0,0,0,0,0,0,0,0,0,0,,,,,,,,20260706
,,,23100146620X,Singi Mesh Bag,FRV,0,6,0,0,0,0,0,0,0,0,0,0,0,0,0,,,,,,,,0,4,0,2,4,4,2,1,0,3,0,4,0,,,,,,,,0,0,0,0,0,0,0,0,0,0,0,0,0,,,,,,,,20260706
,,,23100147967X,Kanken Art Bottle Pocket,FRV,0,0,0,0,0,0,0,0,0,0,0,0,0,0,0,,,,,,,,0,0,0,1,0,0,0,1,0,0,2,0,0,,,,,,,,0,0,0,0,0,0,0,0,0,0,0,0,0,,,,,,,,20260706
,,,23100147968X,Kanken Art Bottle Pocket,FRV,0,0,0,0,0,0,0,0,0,0,0,0,0,0,0,,,,,,,,0,0,0,0,0,0,0,0,1,0,1,0,0,,,,,,,,0,0,0,0,0,0,0,0,0,0,0,0,0,,,,,,,,20260706
,,,23100158525X,Kanken Rain Cover Plus,FRV,92,0,0,0,0,0,0,0,0,0,0,0,0,0,0,,,,,,,,0,1,0,3,9,3,1,3,2,2,3,2,0,,,,,,,,0,0,0,0,0,0,0,0,0,0,0,0,0,,,,,,,,20260706
,,,23100158550X,Kanken Rain Cover Plus,FRV,32,0,0,0,0,0,0,0,0,0,0,0,0,0,0,,,,,,,,0,2,0,2,1,1,1,2,2,2,2,2,0,,,,,,,,0,0,0,0,0,0,0,0,0,0,0,0,0,,,,,,,,20260706
,,,23100160037X,Farden Necessity Bag,FRV,1,17,0,0,0,0,0,0,0,0,0,0,0,0,0,,,,,,,,0,2,0,2,2,2,2,2,2,2,2,2,2,,,,,,,,0,0,0,0,0,0,0,0,0,0,0,0,0,,,,,,,,20260706
,,,23100160620X,Farden Necessity Bag,FRV,4,3,0,0,0,0,0,0,0,0,0,0,0,0,0,,,,,,,,0,3,0,2,2,2,1,2,2,1,2,2,0,,,,,,,,0,0,0,0,0,0,0,0,0,0,0,0,0,,,,,,,,20260706
,,,23100176326X,Samlaren Field Repair,FRV,0,0,0,0,0,0,0,0,0,0,0,0,0,0,0,,,,,,,,0,0,0,2,0,2,0,1,0,0,1,0,0,,,,,,,,0,0,0,0,0,0,0,0,0,0,0,0,0,,,,,,,,20260706
,,,23100176580X,Samlaren Field Repair,FRV,0,0,0,0,0,0,0,0,0,0,0,0,0,0,0,,,,,,,,0,0,0,0,0,0,1,0,0,0,0,0,0,,,,,,,,0,0,0,0,0,0,0,0,0,0,0,0,0,,,,,,,,20260706
,,,23100176X,Samlaren Field Repair,FRV,0,39,0,0,0,0,0,0,0,0,0,0,0,0,0,,,,,,,,0,3,0,3,2,5,2,2,2,2,2,2,0,,,,,,,,0,0,0,0,0,0,0,0,0,0,0,0,0,,,,,,,,20260706
,,,23100177161X,Abisko Bottle Pocket,FRV,0,2,0,0,0,0,0,0,0,0,0,0,0,0,0,,,,,,,,0,2,0,2,2,2,1,1,1,1,1,1,0,,,,,,,,0,0,0,0,0,0,0,0,0,0,0,0,0,,,,,,,,20260706
,,,23100177221X,Abisko Bottle Pocket,FRV,0,2,0,0,0,0,0,0,0,0,0,0,0,0,0,,,,,,,,0,1,0,2,2,2,1,1,1,0,1,1,0,,,,,,,,0,0,0,0,0,0,0,0,0,0,0,0,0,,,,,,,,20260706
,,,23100177550X,Abisko Bottle Pocket,FRV,0,18,0,0,0,0,0,0,0,0,0,0,0,0,0,,,,,,,,0,1,0,2,2,2,1,1,1,2,1,0,0,,,,,,,,0,0,0,0,0,0,0,0,0,0,0,0,0,,,,,,,,20260706
,,,23100184525X,Rain Cover Latt 45-50,FRV,7,4,0,0,0,0,0,0,0,0,0,0,0,0,0,,,,,,,,0,1,0,1,0,1,0,0,0,1,0,1,0,,,,,,,,0,0,0,0,0,0,0,0,0,0,0,0,0,,,,,,,,20260706
,,,23100210550-550X,Kanken Keyring Tokyo,FRV,0,129,0,0,0,0,0,0,0,0,0,0,0,0,0,,,,,,,,0,0,0,0,30,0,0,30,0,30,30,0,0,,,,,,,,0,0,0,0,0,0,0,0,0,0,0,0,0,,,,,,,,20260706
,,,23109525X,Waterproof Packbag 10,FRV,0,0,0,0,0,0,0,0,0,0,0,0,0,0,0,,,,,,,,0,1,0,0,0,0,0,0,0,0,0,0,0,,,,,,,,0,0,0,0,0,0,0,0,0,0,0,0,0,,,,,,,,20260706
,,,23110525X,Waterproof Packbag 20,FRV,0,0,0,0,0,0,0,0,0,0,0,0,0,0,0,,,,,,,,0,0,0,0,1,1,1,0,0,0,0,0,0,,,,,,,,0,0,0,0,0,0,0,0,0,0,0,0,0,,,,,,,,20260706
,,,23154042X,Greenland Shoulder Bag,FRV,0,0,0,0,0,0,0,0,0,0,0,0,0,0,0,,,,,,,,0,0,0,0,0,0,0,0,0,0,2,0,0,,,,,,,,0,0,0,0,0,0,0,0,0,0,0,0,0,,,,,,,,20260706
,,,23154550X,Greenland Shoulder Bag,FRV,0,0,0,0,0,0,0,0,0,0,0,0,0,0,0,,,,,,,,1,0,1,1,0,0,0,0,0,1,0,0,0,,,,,,,,0,0,0,0,0,0,0,0,0,0,0,0,0,,,,,,,,20260706
,,,23154662X,Greenland Shoulder Bag,FRV,0,0,0,0,0,0,0,0,0,0,0,0,0,0,0,,,,,,,,0,0,1,1,0,1,0,3,0,2,0,0,0,,,,,,,,0,0,0,0,0,0,0,0,0,0,0,0,0,,,,,,,,20260706
,,,23155550X,Greenland Shoulder Bag Small,FRV,0,0,0,0,0,0,0,0,0,0,0,0,0,0,0,,,,,,,,0,0,1,0,0,0,0,0,0,0,0,0,0,,,,,,,,0,0,0,0,0,0,0,0,0,0,0,0,0,,,,,,,,20260706
,,,23155662X,Greenland Shoulder Bag Small,FRV,0,0,0,0,0,0,0,0,0,0,0,0,0,0,0,,,,,,,,0,0,1,0,0,0,1,0,0,0,0,0,0,,,,,,,,0,0,0,0,0,0,0,0,0,0,0,0,0,,,,,,,,20260706
,,,23156042X,Greenland Pocket,FRV,0,0,0,0,0,0,0,0,0,0,0,0,0,0,0,,,,,,,,0,0,2,0,0,0,1,0,0,0,0,0,0,,,,,,,,0,0,0,0,0,0,0,0,0,0,0,0,0,,,,,,,,20260706
,,,23156228X,Greenland Pocket,FRV,0,0,0,0,0,0,0,0,0,0,0,0,0,0,0,,,,,,,,0,0,1,1,1,0,1,1,0,1,0,0,0,,,,,,,,0,0,0,0,0,0,0,0,0,0,0,0,0,,,,,,,,20260706
,,,23156550X,Greenland Pocket,FRV,0,0,0,0,0,0,0,0,0,0,0,0,0,0,0,,,,,,,,0,1,1,1,0,0,0,0,0,0,0,0,0,,,,,,,,0,0,0,0,0,0,0,0,0,0,0,0,0,,,,,,,,20260706
,,,23156662X,Greenland Pocket,FRV,0,0,0,0,0,0,0,0,0,0,0,0,0,0,0,,,,,,,,0,0,1,0,0,0,2,2,0,0,2,0,0,,,,,,,,0,0,0,0,0,0,0,0,0,0,0,0,0,,,,,,,,20260706
,,,23165030X,Ulvo Hip Pack Medium,FRV,0,0,0,0,0,0,0,0,0,0,0,0,0,0,0,,,,,,,,0,1,0,1,0,0,0,0,0,0,0,0,0,,,,,,,,0,0,0,0,0,0,0,0,0,0,0,0,0,,,,,,,,20260706
,,,23165171X,Ulvo Hip Pack Medium,FRV,0,0,0,0,0,0,0,0,0,0,0,0,0,0,0,,,,,,,,0,3,1,1,3,0,1,0,0,1,1,2,0,,,,,,,,0,0,0,0,0,0,0,0,0,0,0,0,0,,,,,,,,20260706
,,,23165550X,Ulvo Hip Pack Medium,FRV,4,0,0,0,0,0,0,0,0,0,0,0,0,0,0,,,,,,,,2,3,0,2,3,2,1,4,1,1,3,2,2,,,,,,,,0,0,0,0,0,0,0,0,0,0,0,0,0,,,,,,,,20260706
,,,23165570X,Ulvo Hip Pack Medium,FRV,0,0,0,0,0,0,0,0,0,0,0,0,0,0,0,,,,,,,,0,0,0,0,1,0,0,0,0,0,0,0,0,,,,,,,,0,0,0,0,0,0,0,0,0,0,0,0,0,,,,,,,,20260706
,,,23165620X,Ulvo Hip Pack Medium,FRV,0,0,0,0,0,0,0,0,0,0,0,0,0,0,0,,,,,,,,0,1,1,0,3,0,1,1,1,2,2,2,0,,,,,,,,0,0,0,0,0,0,0,0,0,0,0,0,0,,,,,,,,20260706
,,,23166171X,Ulvo Hip Pack Large,FRV,0,0,0,0,0,0,0,0,0,0,0,0,0,0,0,,,,,,,,0,0,1,0,0,0,0,0,0,0,0,0,0,,,,,,,,0,0,0,0,0,0,0,0,0,0,0,0,0,,,,,,,,20260706
,,,23166550X,Ulvo Hip Pack Large,FRV,0,6,0,0,0,0,0,0,0,0,0,0,0,0,0,,,,,,,,1,2,2,2,4,3,1,3,2,3,5,1,2,,,,,,,,0,0,0,0,0,0,0,0,0,0,0,0,0,,,,,,,,20260706
,,,23200208X,Bergtagen 38 S/M,FRV,12,0,0,0,0,0,0,0,0,0,0,0,0,0,0,,,,,,,,1,0,0,0,0,0,0,0,0,0,0,0,0,,,,,,,,0,0,0,0,0,0,0,0,0,0,0,0,0,,,,,,,,20260706
,,,23200238560X,Abisko Friluft 35 M/L,FRV,0,0,0,0,0,0,0,0,0,0,0,0,0,0,0,,,,,,,,0,1,0,0,1,0,1,0,0,0,0,0,0,,,,,,,,0,0,0,0,0,0,0,0,0,0,0,0,0,,,,,,,,20260706
,,,23200238614X,Abisko Friluft 35 M/L,FRV,0,0,0,0,0,0,0,0,0,0,0,0,0,0,0,,,,,,,,0,1,0,1,2,1,0,0,0,0,0,0,0,,,,,,,,0,0,0,0,0,0,0,0,0,0,0,0,0,,,,,,,,20260706
,,,23200239560X,Abisko Friluft 35 S/M,FRV,3,0,0,0,0,0,0,0,0,0,0,0,0,0,0,,,,,,,,0,1,0,1,2,1,1,0,0,0,0,0,0,,,,,,,,0,0,0,0,0,0,0,0,0,0,0,0,0,,,,,,,,20260706
,,,23200239614X,Abisko Friluft 35 S/M,FRV,0,0,0,0,0,0,0,0,0,0,0,0,0,0,0,,,,,,,,0,1,0,1,1,1,1,0,0,0,0,0,0,,,,,,,,0,0,0,0,0,0,0,0,0,0,0,0,0,,,,,,,,20260706
,,,23200240560X,Abisko Friluft 45 M/L,FRV,0,0,0,0,0,0,0,0,0,0,0,0,0,0,0,,,,,,,,0,0,0,0,0,0,1,0,0,0,0,0,0,,,,,,,,0,0,0,0,0,0,0,0,0,0,0,0,0,,,,,,,,20260706
,,,23200240614X,Abisko Friluft 45 M/L,FRV,0,0,0,0,0,0,0,0,0,0,0,0,0,0,0,,,,,,,,0,0,0,0,0,1,0,0,0,0,0,0,0,,,,,,,,0,0,0,0,0,0,0,0,0,0,0,0,0,,,,,,,,20260706
,,,23200241614X,Abisko Friluft 45 S/M,FRV,0,0,0,0,0,0,0,0,0,0,0,0,0,0,0,,,,,,,,0,1,0,0,0,0,0,0,0,0,0,0,0,,,,,,,,0,0,0,0,0,0,0,0,0,0,0,0,0,,,,,,,,20260706
,,,23200246228X,Singi Hip Pack 10,FRV,0,0,0,0,0,0,0,0,0,0,0,0,0,0,0,,,,,,,,0,1,0,1,2,0,1,0,0,1,0,0,0,,,,,,,,0,0,0,0,0,0,0,0,0,0,0,0,0,,,,,,,,20260706
,,,23200246633X,Singi Hip Pack 10,FRV,0,0,0,0,0,0,0,0,0,0,0,0,0,0,0,,,,,,,,0,0,0,0,0,0,0,0,0,1,0,0,0,,,,,,,,0,0,0,0,0,0,0,0,0,0,0,0,0,,,,,,,,20260706
,,,23200247160X,Kanken Pen Case,FRV,0,34,0,0,0,0,0,0,0,0,0,0,0,0,0,,,,,,,,0,2,0,2,2,2,1,2,1,2,2,2,1,,,,,,,,0,0,0,0,0,0,0,0,0,0,0,0,0,,,,,,,,20260706
,,,23200247312X,Kanken Pen Case,FRV,0,0,0,0,0,0,0,0,0,0,0,0,0,0,0,,,,,,,,0,1,0,1,0,2,0,2,1,1,0,1,1,,,,,,,,0,0,0,0,0,0,0,0,0,0,0,0,0,,,,,,,,20260706
,,,23200247501X,Kanken Pen Case,FRV,0,0,0,0,0,0,0,0,0,0,0,0,0,0,0,,,,,,,,0,1,0,2,2,2,0,1,0,1,1,1,1,,,,,,,,0,0,0,0,0,0,0,0,0,0,0,0,0,,,,,,,,20260706
,,,23200247550X,Kanken Pen Case,FRV,0,51,0,0,0,0,0,0,0,0,0,0,0,0,0,,,,,,,,0,2,0,2,1,2,1,2,1,2,2,2,2,,,,,,,,0,0,0,0,0,0,0,0,0,0,0,0,0,,,,,,,,20260706
,,,23200247560X,Kanken Pen Case,FRV,0,30,0,0,0,0,0,0,0,0,0,0,0,0,0,,,,,,,,0,2,0,2,2,2,1,2,1,2,1,2,2,,,,,,,,0,0,0,0,0,0,0,0,0,0,0,0,0,,,,,,,,20260706
,,,23200247664X,Kanken Pen Case,FRV,0,38,0,0,0,0,0,0,0,0,0,0,0,0,0,,,,,,,,0,2,0,2,2,2,1,2,1,2,1,2,2,,,,,,,,0,0,0,0,0,0,0,0,0,0,0,0,0,,,,,,,,20260706
,,,23200248000X,Samlaren Pack Bags,FRV,0,0,0,0,0,0,0,0,0,0,0,0,0,0,0,,,,,,,,0,1,1,1,1,0,2,2,2,2,1,3,0,,,,,,,,0,0,0,0,0,0,0,0,0,0,0,0,0,,,,,,,,20260706
,,,23200250968X,Kanken Art Mini,FRV,0,0,0,0,0,0,0,0,0,0,0,0,0,0,0,,,,,,,,0,0,0,0,0,1,0,0,0,0,0,0,0,,,,,,,,0,0,0,0,0,0,0,0,0,0,0,0,0,,,,,,,,20260706
,,,23200251021X,Kanken Outlong,FRV,0,0,0,0,0,0,0,0,0,0,0,0,0,0,0,,,,,,,,1,2,0,1,2,0,0,2,1,2,2,0,1,,,,,,,,0,0,0,0,0,0,0,0,0,0,0,0,0,,,,,,,,20260706
,,,23200251160X,Kanken Outlong,FRV,0,0,0,0,0,0,0,0,0,0,0,0,0,0,0,,,,,,,,0,1,1,3,2,1,0,2,0,2,2,0,0,,,,,,,,0,0,0,0,0,0,0,0,0,0,0,0,0,,,,,,,,20260706
,,,23200251550X,Kanken Outlong,FRV,0,47,0,0,0,0,0,0,0,0,0,0,0,0,0,,,,,,,,2,2,3,2,2,2,1,2,2,2,2,2,2,,,,,,,,0,0,0,0,0,0,0,0,0,0,0,0,0,,,,,,,,20260706
,,,23200251560X,Kanken Outlong,FRV,0,14,0,0,0,0,0,0,0,0,0,0,0,0,0,,,,,,,,0,2,0,2,1,2,0,2,2,2,2,1,2,,,,,,,,0,0,0,0,0,0,0,0,0,0,0,0,0,,,,,,,,20260706
,,,23200251620X,Kanken Outlong,FRV,0,13,0,0,0,0,0,0,0,0,0,0,0,0,0,,,,,,,,1,2,1,2,2,2,1,2,2,2,2,2,2,,,,,,,,0,0,0,0,0,0,0,0,0,0,0,0,0,,,,,,,,20260706
,,,23200251664X,Kanken Outlong,FRV,0,24,0,0,0,0,0,0,0,0,0,0,0,0,0,,,,,,,,1,2,1,2,2,2,1,2,2,1,2,1,2,,,,,,,,0,0,0,0,0,0,0,0,0,0,0,0,0,,,,,,,,20260706
,,,23200254130X,High Coast Duffel 36,FRV,0,0,0,0,0,0,0,0,0,0,0,0,0,0,0,,,,,,,,0,0,0,0,0,1,0,0,0,0,0,0,0,,,,,,,,0,0,0,0,0,0,0,0,0,0,0,0,0,,,,,,,,20260706
,,,23200254221X,High Coast Duffel 36,FRV,0,0,0,0,0,0,0,0,0,0,0,0,0,0,0,,,,,,,,0,0,0,0,1,0,1,1,0,0,0,2,0,,,,,,,,0,0,0,0,0,0,0,0,0,0,0,0,0,,,,,,,,20260706
,,,23200254550X,High Coast Duffel 36,FRV,0,0,0,0,0,0,0,0,0,0,0,0,0,0,0,,,,,,,,0,1,0,0,0,1,1,0,0,0,0,0,0,,,,,,,,0,0,0,0,0,0,0,0,0,0,0,0,0,,,,,,,,20260706
,,,23200254560X,High Coast Duffel 36,FRV,0,0,0,0,0,0,0,0,0,0,0,0,0,0,0,,,,,,,,0,0,0,0,0,0,0,0,0,0,0,2,0,,,,,,,,0,0,0,0,0,0,0,0,0,0,0,0,0,,,,,,,,20260706
,,,23200254614X,High Coast Duffel 36,FRV,0,0,0,0,0,0,0,0,0,0,0,0,0,0,0,,,,,,,,0,0,0,0,0,0,1,0,0,0,0,0,0,,,,,,,,0,0,0,0,0,0,0,0,0,0,0,0,0,,,,,,,,20260706
,,,23200256037X,Kajka 55 M/L,FRV,0,0,0,0,0,0,0,0,0,0,0,0,0,0,0,,,,,,,,0,1,0,0,0,0,0,0,0,0,0,0,0,,,,,,,,0,0,0,0,0,0,0,0,0,0,0,0,0,,,,,,,,20260706
,,,23200256228X,Kajka 55 M/L,FRV,0,0,0,0,0,0,0,0,0,0,0,0,0,0,0,,,,,,,,0,0,0,0,1,0,1,0,0,0,0,0,0,,,,,,,,0,0,0,0,0,0,0,0,0,0,0,0,0,,,,,,,,20260706
,,,23200256525X,Kajka 55 M/L,FRV,0,0,0,0,0,0,0,0,0,0,0,0,0,0,0,,,,,,,,0,0,0,1,0,0,0,0,0,0,0,0,0,,,,,,,,0,0,0,0,0,0,0,0,0,0,0,0,0,,,,,,,,20260706
,,,23200256620X,Kajka 55 M/L,FRV,0,0,0,0,0,0,0,0,0,0,0,0,0,0,0,,,,,,,,0,1,0,0,0,0,0,0,0,0,0,0,0,,,,,,,,0,0,0,0,0,0,0,0,0,0,0,0,0,,,,,,,,20260706
,,,23200257228X,Kajka 75 M/L,FRV,1,0,0,0,0,0,0,0,0,0,0,0,0,0,0,,,,,,,,0,0,0,1,1,0,0,0,0,0,0,0,0,,,,,,,,0,0,0,0,0,0,0,0,0,0,0,0,0,,,,,,,,20260706
,,,23200257620X,Kajka 75 M/L,FRV,0,0,0,0,0,0,0,0,0,0,0,0,0,0,0,,,,,,,,0,0,0,0,1,0,0,0,0,0,0,0,0,,,,,,,,0,0,0,0,0,0,0,0,0,0,0,0,0,,,,,,,,20260706
,,,23200262968X,Kanken Art Hip Pack,FRV,0,0,0,0,0,0,0,0,0,0,0,0,0,0,0,,,,,,,,0,0,0,0,0,2,0,0,0,0,0,0,0,,,,,,,,0,0,0,0,0,0,0,0,0,0,0,0,0,,,,,,,,20260706
,,,23200263532-450X,Samlaren Haulpack 1A,FRV,0,0,0,0,0,0,0,0,0,0,0,0,0,0,0,,,,,,,,0,0,0,1,0,2,0,0,0,0,0,0,0,,,,,,,,0,0,0,0,0,0,0,0,0,0,0,0,0,,,,,,,,20260706
,,,23200266130X,High Coast Duffel 22,FRV,0,0,0,0,0,0,0,0,0,0,0,0,0,0,0,,,,,,,,0,1,0,1,0,2,0,0,1,0,2,1,0,,,,,,,,0,0,0,0,0,0,0,0,0,0,0,0,0,,,,,,,,20260706
,,,23200266221X,High Coast Duffel 22,FRV,5,0,0,0,0,0,0,0,0,0,0,0,0,0,0,,,,,,,,0,1,0,1,1,0,0,0,1,0,1,2,0,,,,,,,,0,0,0,0,0,0,0,0,0,0,0,0,0,,,,,,,,20260706
,,,23200266550X,High Coast Duffel 22,FRV,0,0,0,0,0,0,0,0,0,0,0,0,0,0,0,,,,,,,,0,1,0,1,0,1,1,0,0,0,0,0,0,,,,,,,,0,0,0,0,0,0,0,0,0,0,0,0,0,,,,,,,,20260706
,,,23200266560X,High Coast Duffel 22,FRV,0,0,0,0,0,0,0,0,0,0,0,0,0,0,0,,,,,,,,0,1,0,1,1,1,0,0,1,0,1,1,0,,,,,,,,0,0,0,0,0,0,0,0,0,0,0,0,0,,,,,,,,20260706
,,,23200266614X,High Coast Duffel 22,FRV,0,0,0,0,0,0,0,0,0,0,0,0,0,0,0,,,,,,,,0,1,0,1,1,2,0,0,0,0,1,1,0,,,,,,,,0,0,0,0,0,0,0,0,0,0,0,0,0,,,,,,,,20260706
,,,23200269527-539X,Samlaren Haulpack 1E,FRV,0,0,0,0,0,0,0,0,0,0,0,0,0,0,0,,,,,,,,0,0,0,0,0,1,0,0,0,0,0,0,0,,,,,,,,0,0,0,0,0,0,0,0,0,0,0,0,0,,,,,,,,20260706
,,,23200273214-570X,Bergtagen Touring 22,FRV,5,0,0,0,0,0,0,0,0,0,0,0,0,0,0,,,,,,,,0,0,0,1,0,0,1,0,0,0,0,0,0,,,,,,,,0,0,0,0,0,0,0,0,0,0,0,0,0,,,,,,,,20260706
,,,23200273570X,Bergtagen Touring 22,FRV,0,0,0,0,0,0,0,0,0,0,0,0,0,0,0,,,,,,,,0,0,0,1,0,0,0,0,0,0,0,0,0,,,,,,,,0,0,0,0,0,0,0,0,0,0,0,0,0,,,,,,,,20260706
,,,23200273625-662X,Bergtagen Touring 22,FRV,0,0,0,0,0,0,0,0,0,0,0,0,0,0,0,,,,,,,,0,0,0,1,0,0,1,0,0,0,0,0,0,,,,,,,,0,0,0,0,0,0,0,0,0,0,0,0,0,,,,,,,,20260706
,,,23200274214-570X,Bergtagen Touring 30 S/M,FRV,6,0,0,0,0,0,0,0,0,0,0,0,0,0,0,,,,,,,,0,0,0,1,0,0,1,0,0,0,0,0,0,,,,,,,,0,0,0,0,0,0,0,0,0,0,0,0,0,,,,,,,,20260706
,,,23200274570X,Bergtagen Touring 30 S/M,FRV,4,0,0,0,0,0,0,0,0,0,0,0,0,0,0,,,,,,,,0,0,0,1,0,0,1,0,0,0,0,0,0,,,,,,,,0,0,0,0,0,0,0,0,0,0,0,0,0,,,,,,,,20260706
,,,23200274625-662X,Bergtagen Touring 30 S/M,FRV,3,0,0,0,0,0,0,0,0,0,0,0,0,0,0,,,,,,,,0,0,0,1,0,0,1,0,0,0,0,0,0,,,,,,,,0,0,0,0,0,0,0,0,0,0,0,0,0,,,,,,,,20260706
,,,23200275214-570X,Bergtagen Touring 30 M/L,FRV,0,0,0,0,0,0,0,0,0,0,0,0,0,0,0,,,,,,,,0,0,0,0,1,1,0,0,0,0,0,0,0,,,,,,,,0,0,0,0,0,0,0,0,0,0,0,0,0,,,,,,,,20260706
,,,23200275570X,Bergtagen Touring 30 M/L,FRV,0,3,0,0,0,0,0,0,0,0,0,0,0,0,0,,,,,,,,0,1,0,2,1,1,0,0,0,1,0,1,0,,,,,,,,0,0,0,0,0,0,0,0,0,0,0,0,0,,,,,,,,20260706
,,,23200275625-662X,Bergtagen Touring 30 M/L,FRV,1,9,0,0,0,0,0,0,0,0,0,0,0,0,0,,,,,,,,0,1,0,1,1,1,1,0,0,1,0,1,0,,,,,,,,0,0,0,0,0,0,0,0,0,0,0,0,0,,,,,,,,20260706
,,,23200276037X,Farden Roller 35,FRV,0,0,0,0,0,0,0,0,0,0,0,0,0,0,0,,,,,,,,0,1,0,2,0,1,1,2,0,0,5,3,0,,,,,,,,0,0,0,0,0,0,0,0,0,0,0,0,0,,,,,,,,20260706
,,,23200276620X,Farden Roller 35,FRV,0,0,0,0,0,0,0,0,0,0,0,0,0,0,0,,,,,,,,0,1,0,1,2,1,1,2,1,0,2,1,0,,,,,,,,0,0,0,0,0,0,0,0,0,0,0,0,0,,,,,,,,20260706
,,,23200277037X,Farden Roller 75,FRV,6,0,0,0,0,0,0,0,0,0,0,0,0,0,0,,,,,,,,0,1,0,2,2,0,1,2,2,0,3,2,1,,,,,,,,0,0,0,0,0,0,0,0,0,0,0,0,0,,,,,,,,20260706
,,,23200277620X,Farden Roller 75,FRV,0,0,0,0,0,0,0,0,0,0,0,0,0,0,0,,,,,,,,0,1,0,2,1,1,0,1,0,0,0,1,0,,,,,,,,0,0,0,0,0,0,0,0,0,0,0,0,0,,,,,,,,20260706
,,,23200279633X,Lappland Vest Pack,FRV,5,0,0,0,0,0,0,0,0,0,0,0,0,0,0,,,,,,,,0,1,0,1,2,2,1,0,0,1,0,1,0,,,,,,,,0,0,0,0,0,0,0,0,0,0,0,0,0,,,,,,,,20260706
,,,23200282037X,Farden Duffel 50,FRV,0,2,0,0,0,0,0,0,0,0,0,0,0,0,0,,,,,,,,0,2,0,2,2,2,1,1,1,1,2,2,0,,,,,,,,0,0,0,0,0,0,0,0,0,0,0,0,0,,,,,,,,20260706
,,,23200282620X,Farden Duffel 50,FRV,0,0,0,0,0,0,0,0,0,0,0,0,0,0,0,,,,,,,,0,1,0,1,2,2,1,1,1,1,2,1,0,,,,,,,,0,0,0,0,0,0,0,0,0,0,0,0,0,,,,,,,,20260706
,,,23200283037X,Farden Duffel 80,FRV,0,0,0,0,0,0,0,0,0,0,0,0,0,0,0,,,,,,,,0,2,0,2,1,0,1,2,2,0,1,1,0,,,,,,,,0,0,0,0,0,0,0,0,0,0,0,0,0,,,,,,,,20260706
,,,23200283560X,Farden Duffel 80,FRV,0,0,0,0,0,0,0,0,0,0,0,0,0,0,0,,,,,,,,0,0,0,2,0,0,0,0,0,0,0,0,0,,,,,,,,0,0,0,0,0,0,0,0,0,0,0,0,0,,,,,,,,20260706
,,,23200283620X,Farden Duffel 80,FRV,0,16,0,0,0,0,0,0,0,0,0,0,0,0,0,,,,,,,,0,1,0,2,1,1,1,1,1,1,1,1,0,,,,,,,,0,0,0,0,0,0,0,0,0,0,0,0,0,,,,,,,,20260706
,,,23200284118X,Kanken No. 2 Hip Pack,FRV,0,0,0,0,0,0,0,0,0,0,0,0,0,0,0,,,,,,,,0,2,0,3,3,2,1,1,2,1,1,0,0,,,,,,,,0,0,0,0,0,0,0,0,0,0,0,0,0,,,,,,,,20260706
,,,23200284238X,Kanken No. 2 Hip Pack,FRV,0,0,0,0,0,0,0,0,0,0,0,0,0,0,0,,,,,,,,0,2,0,3,0,1,2,3,1,2,2,0,0,,,,,,,,0,0,0,0,0,0,0,0,0,0,0,0,0,,,,,,,,20260706
,,,23200284577X,Kanken No. 2 Hip Pack,FRV,0,2,0,0,0,0,0,0,0,0,0,0,0,0,0,,,,,,,,0,2,0,3,3,3,2,2,2,2,2,1,0,,,,,,,,0,0,0,0,0,0,0,0,0,0,0,0,0,,,,,,,,20260706
,,,23200300037X,Vardag Backpack 17,FRV,3,0,0,0,0,0,0,0,0,0,0,0,0,0,0,,,,,,,,1,2,0,2,2,2,0,2,1,3,2,2,0,,,,,,,,0,0,0,0,0,0,0,0,0,0,0,0,0,,,,,,,,20260706
,,,23200300354-228X,Vardag Backpack 17,FRV,0,0,0,0,0,0,0,0,0,0,0,0,0,0,0,,,,,,,,0,1,0,1,2,2,0,1,1,1,1,1,0,,,,,,,,0,0,0,0,0,0,0,0,0,0,0,0,0,,,,,,,,20260706
,,,23200300422-037X,Vardag Backpack 17,FRV,0,0,0,0,0,0,0,0,0,0,0,0,0,0,0,,,,,,,,0,2,0,1,1,3,0,0,2,2,1,2,0,,,,,,,,0,0,0,0,0,0,0,0,0,0,0,0,0,,,,,,,,20260706
,,,23200300620-221X,Vardag Backpack 17,FRV,3,0,0,0,0,0,0,0,0,0,0,0,0,0,0,,,,,,,,2,2,0,3,3,2,0,2,3,2,2,2,0,,,,,,,,0,0,0,0,0,0,0,0,0,0,0,0,0,,,,,,,,20260706
,,,23200301037X,Vardag Shoulder Bag 6,FRV,0,0,0,0,0,0,0,0,0,0,0,0,0,0,0,,,,,,,,0,2,0,2,2,1,1,1,1,2,1,2,1,,,,,,,,0,0,0,0,0,0,0,0,0,0,0,0,0,,,,,,,,20260706
,,,23200301354-228X,Vardag Shoulder Bag 6,FRV,3,0,0,0,0,0,0,0,0,0,0,0,0,0,0,,,,,,,,0,2,0,2,2,2,1,1,1,2,2,2,2,,,,,,,,0,0,0,0,0,0,0,0,0,0,0,0,0,,,,,,,,20260706
,,,23200302037X,Vardag Splitpack 45,FRV,2,0,0,0,0,0,0,0,0,0,0,0,0,0,0,,,,,,,,0,1,0,1,0,0,0,0,1,0,1,1,0,,,,,,,,0,0,0,0,0,0,0,0,0,0,0,0,0,,,,,,,,20260706
,,,23200302525-620X,Vardag Splitpack 45,FRV,1,0,0,0,0,0,0,0,0,0,0,0,0,0,0,,,,,,,,0,1,0,1,0,0,0,0,1,0,1,2,0,,,,,,,,0,0,0,0,0,0,0,0,0,0,0,0,0,,,,,,,,20260706
,,,23200303037X,Farden Carry-On Pack,FRV,0,0,0,0,0,0,0,0,0,0,0,0,0,0,0,,,,,,,,0,0,0,0,0,0,0,0,1,0,0,0,0,,,,,,,,0,0,0,0,0,0,0,0,0,0,0,0,0,,,,,,,,20260706
,,,23200303620X,Farden Carry-On Pack,FRV,0,0,0,0,0,0,0,0,0,0,0,0,0,0,0,,,,,,,,0,0,0,0,0,0,1,1,0,0,0,0,0,,,,,,,,0,0,0,0,0,0,0,0,0,0,0,0,0,,,,,,,,20260706
,,,23200306161X,Abisko Hip Pack 6,FRV,0,0,0,0,0,0,0,0,0,0,0,0,0,0,0,,,,,,,,0,0,0,1,1,0,1,1,0,2,0,0,0,,,,,,,,0,0,0,0,0,0,0,0,0,0,0,0,0,,,,,,,,20260706
,,,23200306550X,Abisko Hip Pack 6,FRV,0,0,0,0,0,0,0,0,0,0,0,0,0,0,0,,,,,,,,0,2,0,1,1,1,0,0,0,1,0,2,0,,,,,,,,0,0,0,0,0,0,0,0,0,0,0,0,0,,,,,,,,20260706
,,,23200307161X,Abisko Softpack 16,FRV,0,0,0,0,0,0,0,0,0,0,0,0,0,0,0,,,,,,,,0,1,0,2,1,2,1,1,0,1,1,1,0,,,,,,,,0,0,0,0,0,0,0,0,0,0,0,0,0,,,,,,,,20260706
,,,23200307221X,Abisko Softpack 16,FRV,0,8,0,0,0,0,0,0,0,0,0,0,0,0,0,,,,,,,,0,1,0,2,3,0,1,0,1,1,1,1,0,,,,,,,,0,0,0,0,0,0,0,0,0,0,0,0,0,,,,,,,,20260706
,,,23200307550X,Abisko Softpack 16,FRV,0,10,0,0,0,0,0,0,0,0,0,0,0,0,0,,,,,,,,0,1,0,2,2,2,1,1,1,1,2,2,0,,,,,,,,0,0,0,0,0,0,0,0,0,0,0,0,0,,,,,,,,20260706
,,,23200311550X,Hoja Snack Bag,FRV,0,2,0,0,0,0,0,0,0,0,0,0,0,0,0,,,,,,,,0,2,0,2,2,2,2,1,0,2,0,3,0,,,,,,,,0,0,0,0,0,0,0,0,0,0,0,0,0,,,,,,,,20260706
,,,23200330016X,High Coast Backpack 24,FRV,0,0,0,0,0,0,0,0,0,0,0,0,0,0,0,,,,,,,,0,2,0,2,4,2,0,0,1,3,2,2,1,,,,,,,,0,0,0,0,0,0,0,0,0,0,0,0,0,,,,,,,,20260706
,,,23200330118X,High Coast Backpack 24,FRV,0,0,0,0,0,0,0,0,0,0,0,0,0,0,0,,,,,,,,0,2,0,3,2,1,0,0,1,2,1,2,2,,,,,,,,0,0,0,0,0,0,0,0,0,0,0,0,0,,,,,,,,20260706
,,,23200330550X,High Coast Backpack 24,FRV,6,0,0,0,0,0,0,0,0,0,0,0,0,0,0,,,,,,,,2,3,0,3,2,3,0,0,2,3,1,1,1,,,,,,,,0,0,0,0,0,0,0,0,0,0,0,0,0,,,,,,,,20260706
,,,23200330560X,High Coast Backpack 24,FRV,0,0,0,0,0,0,0,0,0,0,0,0,0,0,0,,,,,,,,1,1,0,1,3,0,0,0,0,2,3,0,0,,,,,,,,0,0,0,0,0,0,0,0,0,0,0,0,0,,,,,,,,20260706
,,,23200330620X,High Coast Backpack 24,FRV,29,17,0,0,0,0,0,0,0,0,0,0,0,0,0,,,,,,,,0,2,0,3,2,3,1,0,4,2,2,2,2,,,,,,,,0,0,0,0,0,0,0,0,0,0,0,0,0,,,,,,,,20260706
,,,23200331221X,High Coast Tote 30,FRV,0,0,0,0,0,0,0,0,0,0,0,0,0,0,0,,,,,,,,1,2,1,2,1,2,1,1,0,2,2,2,0,,,,,,,,0,0,0,0,0,0,0,0,0,0,0,0,0,,,,,,,,20260706
,,,23200331550X,High Coast Tote 30,FRV,0,6,0,0,0,0,0,0,0,0,0,0,0,0,0,,,,,,,,1,2,4,2,2,2,1,4,2,2,2,1,0,,,,,,,,0,0,0,0,0,0,0,0,0,0,0,0,0,,,,,,,,20260706
,,,23200331560X,High Coast Tote 30,FRV,0,0,0,0,0,0,0,0,0,0,0,0,0,0,0,,,,,,,,0,1,0,2,1,1,0,1,1,1,1,0,0,,,,,,,,0,0,0,0,0,0,0,0,0,0,0,0,0,,,,,,,,20260706
,,,23200331623X,High Coast Tote 30,FRV,1,12,0,0,0,0,0,0,0,0,0,0,0,0,0,,,,,,,,1,1,1,2,2,3,1,2,2,1,2,2,0,,,,,,,,0,0,0,0,0,0,0,0,0,0,0,0,0,,,,,,,,20260706
,,,23200332037X,Vardag Foldsack 25,FRV,1,0,0,0,0,0,0,0,0,0,0,0,0,0,0,,,,,,,,1,2,0,1,2,3,0,2,2,3,2,2,0,,,,,,,,0,0,0,0,0,0,0,0,0,0,0,0,0,,,,,,,,20260706
,,,23200332525-037X,Vardag Foldsack 25,FRV,11,0,0,0,0,0,0,0,0,0,0,0,0,0,0,,,,,,,,1,2,0,3,2,2,0,2,2,2,2,2,2,,,,,,,,0,0,0,0,0,0,0,0,0,0,0,0,0,,,,,,,,20260706
,,,23200332620-221X,Vardag Foldsack 25,FRV,5,0,0,0,0,0,0,0,0,0,0,0,0,0,0,,,,,,,,1,3,0,2,2,2,0,2,2,2,2,3,2,,,,,,,,0,0,0,0,0,0,0,0,0,0,0,0,0,,,,,,,,20260706
,,,23200334031-424X,Kanken Koncept,FRV,0,0,0,0,0,0,0,0,0,0,0,0,0,0,0,,,,,,,,0,0,0,0,0,2,0,0,0,1,0,0,0,,,,,,,,0,0,0,0,0,0,0,0,0,0,0,0,0,,,,,,,,20260706
,,,23200334228-135X,Kanken Koncept,FRV,0,0,0,0,0,0,0,0,0,0,0,0,0,0,0,,,,,,,,0,3,1,0,1,4,1,2,0,2,0,1,0,,,,,,,,0,0,0,0,0,0,0,0,0,0,0,0,0,,,,,,,,20260706
,,,23200335171X,Skule 24,FRV,0,0,0,0,0,0,0,0,0,0,0,0,0,0,0,,,,,,,,0,0,0,3,1,0,0,0,0,0,0,0,0,,,,,,,,0,0,0,0,0,0,0,0,0,0,0,0,0,,,,,,,,20260706
,,,23200335300X,Skule 24,FRV,0,1,0,0,0,0,0,0,0,0,0,0,0,0,0,,,,,,,,0,2,0,2,2,2,0,2,1,2,2,2,0,,,,,,,,0,0,0,0,0,0,0,0,0,0,0,0,0,,,,,,,,20260706
,,,23200335550X,Skule 24,FRV,0,0,0,0,0,0,0,0,0,0,0,0,0,0,0,,,,,,,,0,2,0,3,2,0,1,3,1,2,1,2,0,,,,,,,,0,0,0,0,0,0,0,0,0,0,0,0,0,,,,,,,,20260706
,,,23200335560X,Skule 24,FRV,0,0,0,0,0,0,0,0,0,0,0,0,0,0,0,,,,,,,,0,0,0,2,0,0,0,0,0,0,0,0,0,,,,,,,,0,0,0,0,0,0,0,0,0,0,0,0,0,,,,,,,,20260706
,,,23200335577X,Skule 24,FRV,0,0,0,0,0,0,0,0,0,0,0,0,0,0,0,,,,,,,,0,2,0,0,1,0,0,0,0,0,2,0,0,,,,,,,,0,0,0,0,0,0,0,0,0,0,0,0,0,,,,,,,,20260706
,,,23200335662X,Skule 24,FRV,0,0,0,0,0,0,0,0,0,0,0,0,0,0,0,,,,,,,,0,0,0,1,0,1,0,0,0,0,0,0,0,,,,,,,,0,0,0,0,0,0,0,0,0,0,0,0,0,,,,,,,,20260706
,,,23200337171X,Skule Sling 6,FRV,0,10,0,0,0,0,0,0,0,0,0,0,0,0,0,,,,,,,,0,2,0,2,2,3,1,2,1,1,2,2,2,,,,,,,,0,0,0,0,0,0,0,0,0,0,0,0,0,,,,,,,,20260706
,,,23200337300X,Skule Sling 6,FRV,0,20,0,0,0,0,0,0,0,0,0,0,0,0,0,,,,,,,,0,2,0,2,2,3,1,2,2,1,1,2,2,,,,,,,,0,0,0,0,0,0,0,0,0,0,0,0,0,,,,,,,,20260706
,,,23200337550X,Skule Sling 6,FRV,22,90,0,0,0,0,0,0,0,0,0,0,0,0,0,,,,,,,,0,2,0,3,4,4,1,4,3,3,3,1,2,,,,,,,,0,0,0,0,0,0,0,0,0,0,0,0,0,,,,,,,,20260706
,,,23200337662X,Skule Sling 6,FRV,0,0,0,0,0,0,0,0,0,0,0,0,0,0,0,,,,,,,,0,2,0,4,2,3,1,3,3,2,2,2,2,,,,,,,,0,0,0,0,0,0,0,0,0,0,0,0,0,,,,,,,,20260706
,,,23200338037X,Vardag Pocket Small,FRV,17,0,0,0,0,0,0,0,0,0,0,0,0,0,0,,,,,,,,0,2,0,3,3,2,1,2,1,2,2,2,2,,,,,,,,0,0,0,0,0,0,0,0,0,0,0,0,0,,,,,,,,20260706
,,,23200338354-228X,Vardag Pocket Small,FRV,0,0,0,0,0,0,0,0,0,0,0,0,0,0,0,,,,,,,,0,2,0,3,2,2,1,3,0,2,2,2,0,,,,,,,,0,0,0,0,0,0,0,0,0,0,0,0,0,,,,,,,,20260706
,,,23200338620-221X,Vardag Pocket Small,FRV,7,0,0,0,0,0,0,0,0,0,0,0,0,0,0,,,,,,,,0,2,0,3,2,3,1,3,0,2,2,2,2,,,,,,,,0,0,0,0,0,0,0,0,0,0,0,0,0,,,,,,,,20260706
,,,23200338662X,Vardag Pocket Small,FRV,0,0,0,0,0,0,0,0,0,0,0,0,0,0,0,,,,,,,,0,2,0,3,2,3,1,3,1,2,0,2,2,,,,,,,,0,0,0,0,0,0,0,0,0,0,0,0,0,,,,,,,,20260706
,,,23200339037X,Vardag Pocket Large,FRV,0,0,0,0,0,0,0,0,0,0,0,0,0,0,0,,,,,,,,0,1,0,3,3,1,0,3,1,2,2,1,2,,,,,,,,0,0,0,0,0,0,0,0,0,0,0,0,0,,,,,,,,20260706
,,,23200339354-228X,Vardag Pocket Large,FRV,1,0,0,0,0,0,0,0,0,0,0,0,0,0,0,,,,,,,,0,2,0,2,2,2,1,2,1,2,2,2,2,,,,,,,,0,0,0,0,0,0,0,0,0,0,0,0,0,,,,,,,,20260706
,,,23200339620-221X,Vardag Pocket Large,FRV,0,0,0,0,0,0,0,0,0,0,0,0,0,0,0,,,,,,,,0,2,0,2,1,1,1,1,0,1,2,1,0,,,,,,,,0,0,0,0,0,0,0,0,0,0,0,0,0,,,,,,,,20260706
,,,23200339662X,Vardag Pocket Large,FRV,0,0,0,0,0,0,0,0,0,0,0,0,0,0,0,,,,,,,,0,1,0,2,0,2,1,2,0,2,2,1,2,,,,,,,,0,0,0,0,0,0,0,0,0,0,0,0,0,,,,,,,,20260706
,,,23200340037X,Farden Crossbody,FRV,0,0,0,0,0,0,0,0,0,0,0,0,0,0,0,,,,,,,,0,2,0,2,0,1,1,1,1,0,0,1,1,,,,,,,,0,0,0,0,0,0,0,0,0,0,0,0,0,,,,,,,,20260706
,,,23200340560X,Farden Crossbody,FRV,0,0,0,0,0,0,0,0,0,0,0,0,0,0,0,,,,,,,,0,0,0,2,1,0,1,0,0,0,0,0,0,,,,,,,,0,0,0,0,0,0,0,0,0,0,0,0,0,,,,,,,,20260706
,,,23200340620X,Farden Crossbody,FRV,0,0,0,0,0,0,0,0,0,0,0,0,0,0,0,,,,,,,,0,2,0,2,2,0,2,1,0,0,2,2,0,,,,,,,,0,0,0,0,0,0,0,0,0,0,0,0,0,,,,,,,,20260706
,,,23200341037X,Vardag Totepack 22,FRV,18,0,0,0,0,0,0,0,0,0,0,0,0,0,0,,,,,,,,0,1,0,4,2,2,1,1,1,1,1,1,2,,,,,,,,0,0,0,0,0,0,0,0,0,0,0,0,0,,,,,,,,20260706
,,,23200341354-228X,Vardag Totepack 22,FRV,0,0,0,0,0,0,0,0,0,0,0,0,0,0,0,,,,,,,,0,1,0,2,2,2,1,1,1,1,1,0,0,,,,,,,,0,0,0,0,0,0,0,0,0,0,0,0,0,,,,,,,,20260706
,,,23200341662X,Vardag Totepack 22,FRV,0,0,0,0,0,0,0,0,0,0,0,0,0,0,0,,,,,,,,0,0,0,2,1,1,1,1,0,1,1,1,1,,,,,,,,0,0,0,0,0,0,0,0,0,0,0,0,0,,,,,,,,20260706
,,,23200342037X,Vardag Duffel 33,FRV,2,0,0,0,0,0,0,0,0,0,0,0,0,0,0,,,,,,,,0,0,0,3,0,0,0,0,2,0,0,0,0,,,,,,,,0,0,0,0,0,0,0,0,0,0,0,0,0,,,,,,,,20260706
,,,23200342354-228X,Vardag Duffel 33,FRV,1,0,0,0,0,0,0,0,0,0,0,0,0,0,0,,,,,,,,0,0,0,3,0,0,0,0,1,0,0,0,0,,,,,,,,0,0,0,0,0,0,0,0,0,0,0,0,0,,,,,,,,20260706
,,,23200342662X,Vardag Duffel 33,FRV,1,0,0,0,0,0,0,0,0,0,0,0,0,0,0,,,,,,,,0,0,0,1,0,0,0,0,1,0,0,0,0,,,,,,,,0,0,0,0,0,0,0,0,0,0,0,0,0,,,,,,,,20260706
,,,23200345221X,Abisko Hike Lite 20 S/M,FRV,0,0,0,0,0,0,0,0,0,0,0,0,0,0,0,,,,,,,,0,1,0,1,1,0,1,1,1,1,1,1,0,,,,,,,,0,0,0,0,0,0,0,0,0,0,0,0,0,,,,,,,,20260706
,,,23200345550X,Abisko Hike Lite 20 S/M,FRV,0,2,0,0,0,0,0,0,0,0,0,0,0,0,0,,,,,,,,0,1,0,1,1,1,1,1,1,1,1,1,0,,,,,,,,0,0,0,0,0,0,0,0,0,0,0,0,0,,,,,,,,20260706
,,,23200351118X,Kajka X-Latt 45 S/M,FRV,0,5,0,0,0,0,0,0,0,0,0,0,0,0,0,,,,,,,,0,1,0,1,1,1,1,0,0,1,0,1,0,,,,,,,,0,0,0,0,0,0,0,0,0,0,0,0,0,,,,,,,,20260706
,,,23200351620X,Kajka X-Latt 45 S/M,FRV,0,4,0,0,0,0,0,0,0,0,0,0,0,0,0,,,,,,,,0,1,0,1,1,1,1,0,0,1,0,1,0,,,,,,,,0,0,0,0,0,0,0,0,0,0,0,0,0,,,,,,,,20260706
,,,23200352118X,Kajka X-Latt 45 M/L,FRV,0,9,0,0,0,0,0,0,0,0,0,0,0,0,0,,,,,,,,0,1,0,1,1,1,1,0,0,1,0,1,0,,,,,,,,0,0,0,0,0,0,0,0,0,0,0,0,0,,,,,,,,20260706
,,,23200352620X,Kajka X-Latt 45 M/L,FRV,0,6,0,0,0,0,0,0,0,0,0,0,0,0,0,,,,,,,,0,1,0,1,0,1,1,0,0,1,0,1,0,,,,,,,,0,0,0,0,0,0,0,0,0,0,0,0,0,,,,,,,,20260706
,,,23200353221X,Abisko Hike Lite 20 M/L,FRV,0,3,0,0,0,0,0,0,0,0,0,0,0,0,0,,,,,,,,0,1,0,1,1,1,1,1,1,1,1,1,0,,,,,,,,0,0,0,0,0,0,0,0,0,0,0,0,0,,,,,,,,20260706
,,,23200353550X,Abisko Hike Lite 20 M/L,FRV,0,2,0,0,0,0,0,0,0,0,0,0,0,0,0,,,,,,,,0,1,0,1,1,1,1,1,1,1,1,1,0,,,,,,,,0,0,0,0,0,0,0,0,0,0,0,0,0,,,,,,,,20260706
,,,23200356302-986X,Kanken Graphics,FRV,0,4,0,0,0,0,0,0,0,0,0,0,0,0,0,,,,,,,,0,3,0,4,4,5,1,3,2,3,3,3,0,,,,,,,,0,0,0,0,0,0,0,0,0,0,0,0,0,,,,,,,,20260706
,,,23200356577-986X,Kanken Graphics,FRV,0,4,0,0,0,0,0,0,0,0,0,0,0,0,0,,,,,,,,0,3,0,4,4,5,1,3,2,3,2,3,0,,,,,,,,0,0,0,0,0,0,0,0,0,0,0,0,0,,,,,,,,20260706
,,,23200357302-986X,Kanken Graphics Mini,FRV,0,0,0,0,0,0,0,0,0,0,0,0,0,0,0,,,,,,,,0,2,0,1,3,0,1,2,1,0,1,2,0,,,,,,,,0,0,0,0,0,0,0,0,0,0,0,0,0,,,,,,,,20260706
,,,23200357577-986X,Kanken Graphics Mini,FRV,0,0,0,0,0,0,0,0,0,0,0,0,0,0,0,,,,,,,,0,0,0,2,3,3,1,1,0,2,2,2,0,,,,,,,,0,0,0,0,0,0,0,0,0,0,0,0,0,,,,,,,,20260706
,,,23200358302-986X,Kanken Graphics Hip Pack,FRV,0,0,0,0,0,0,0,0,0,0,0,0,0,0,0,,,,,,,,0,2,0,2,0,0,0,1,0,1,1,2,0,,,,,,,,0,0,0,0,0,0,0,0,0,0,0,0,0,,,,,,,,20260706
,,,23200358577-986X,Kanken Graphics Hip Pack,FRV,0,0,0,0,0,0,0,0,0,0,0,0,0,0,0,,,,,,,,0,1,0,3,2,1,1,1,2,1,0,2,0,,,,,,,,0,0,0,0,0,0,0,0,0,0,0,0,0,,,,,,,,20260706
,,,23200359302-986X,Kanken Graphics Laptop 15,FRV,0,0,0,0,0,0,0,0,0,0,0,0,0,0,0,,,,,,,,0,2,0,3,3,3,1,2,2,2,2,0,0,,,,,,,,0,0,0,0,0,0,0,0,0,0,0,0,0,,,,,,,,20260706
,,,23200359577-986X,Kanken Graphics Laptop 15,FRV,0,0,0,0,0,0,0,0,0,0,0,0,0,0,0,,,,,,,,0,2,0,2,1,1,1,1,2,2,2,2,0,,,,,,,,0,0,0,0,0,0,0,0,0,0,0,0,0,,,,,,,,20260706
,,,23200395118X,Kanken Crossbody,FRV,0,24,0,0,0,0,0,0,0,0,0,0,0,0,0,,,,,,,,0,3,0,7,3,3,1,3,3,2,3,2,2,,,,,,,,0,0,0,0,0,0,0,0,0,0,0,0,0,,,,,,,,20260706
,,,23200395457X,Kanken Crossbody,FRV,0,48,0,0,0,0,0,0,0,0,0,0,0,0,0,,,,,,,,0,3,0,4,2,3,2,2,0,1,3,3,1,,,,,,,,0,0,0,0,0,0,0,0,0,0,0,0,0,,,,,,,,20260706
,,,23200395550X,Kanken Crossbody,FRV,0,102,0,0,0,0,0,0,0,0,0,0,0,0,0,,,,,,,,0,4,0,6,2,3,3,2,2,3,0,3,4,,,,,,,,0,0,0,0,0,0,0,0,0,0,0,0,0,,,,,,,,20260706
,,,23200395664X,Kanken Crossbody,FRV,0,50,0,0,0,0,0,0,0,0,0,0,0,0,0,,,,,,,,0,3,0,3,2,2,2,2,1,2,1,2,2,,,,,,,,0,0,0,0,0,0,0,0,0,0,0,0,0,,,,,,,,20260706
,,,23200408570-260X,Samlaren Tote Pack 2A,FRV,0,0,0,0,0,0,0,0,0,0,0,0,0,0,0,,,,,,,,0,2,0,3,4,4,3,3,0,2,3,4,0,,,,,,,,0,0,0,0,0,0,0,0,0,0,0,0,0,,,,,,,,20260706
,,,23200455550-550X,Kanken Tokyo,FRV,0,229,0,0,0,0,0,0,0,0,0,0,0,0,0,,,,,,,,0,0,0,0,15,0,0,20,0,10,25,0,0,,,,,,,,0,0,0,0,0,0,0,0,0,0,0,0,0,,,,,,,,20260706
,,,23200457550-550X,Kanken Hip Pack Tokyo,FRV,0,79,0,0,0,0,0,0,0,0,0,0,0,0,0,,,,,,,,0,0,0,0,10,0,0,10,0,5,15,0,0,,,,,,,,0,0,0,0,0,0,0,0,0,0,0,0,0,,,,,,,,20260706
,,,23200570X,Bergtagen 38 S/M,FRV,14,0,0,0,0,0,0,0,0,0,0,0,0,0,0,,,,,,,,1,0,0,0,0,0,0,0,0,0,0,0,0,,,,,,,,0,0,0,0,0,0,0,0,0,0,0,0,0,,,,,,,,20260706
,,,23201208X,Bergtagen 38 M/L,FRV,2,0,0,0,0,0,0,0,0,0,0,0,0,0,0,,,,,,,,1,0,0,0,0,0,0,0,0,0,0,0,0,,,,,,,,0,0,0,0,0,0,0,0,0,0,0,0,0,,,,,,,,20260706
,,,23201570X,Bergtagen 38 M/L,FRV,15,0,0,0,0,0,0,0,0,0,0,0,0,0,0,,,,,,,,1,0,0,0,0,0,0,0,0,0,0,0,0,,,,,,,,0,0,0,0,0,0,0,0,0,0,0,0,0,,,,,,,,20260706
,,,23222016X,High Coast Foldsack 24,FRV,0,0,0,0,0,0,0,0,0,0,0,0,0,0,0,,,,,,,,1,1,1,2,3,0,0,0,0,2,0,2,0,,,,,,,,0,0,0,0,0,0,0,0,0,0,0,0,0,,,,,,,,20260706
,,,23222118X,High Coast Foldsack 24,FRV,17,0,0,0,0,0,0,0,0,0,0,0,0,0,0,,,,,,,,0,2,2,3,3,3,1,1,1,2,1,2,2,,,,,,,,0,0,0,0,0,0,0,0,0,0,0,0,0,,,,,,,,20260706
,,,23222130X,High Coast Foldsack 24,FRV,0,0,0,0,0,0,0,0,0,0,0,0,0,0,0,,,,,,,,0,0,0,1,0,1,0,1,0,0,1,0,0,,,,,,,,0,0,0,0,0,0,0,0,0,0,0,0,0,,,,,,,,20260706
,,,23222207X,High Coast Foldsack 24,FRV,0,0,0,0,0,0,0,0,0,0,0,0,0,0,0,,,,,,,,1,0,0,1,0,1,0,0,0,0,0,0,0,,,,,,,,0,0,0,0,0,0,0,0,0,0,0,0,0,,,,,,,,20260706
,,,23222221X,High Coast Foldsack 24,FRV,13,22,0,0,0,0,0,0,0,0,0,0,0,0,0,,,,,,,,1,2,1,2,2,3,1,2,1,2,2,3,2,,,,,,,,0,0,0,0,0,0,0,0,0,0,0,0,0,,,,,,,,20260706
,,,23222424X,High Coast Foldsack 24,FRV,0,16,0,0,0,0,0,0,0,0,0,0,0,0,0,,,,,,,,1,2,1,2,2,1,1,2,1,2,2,2,2,,,,,,,,0,0,0,0,0,0,0,0,0,0,0,0,0,,,,,,,,20260706
,,,23222543X,High Coast Foldsack 24,FRV,16,11,0,0,0,0,0,0,0,0,0,0,0,0,0,,,,,,,,1,2,1,2,2,3,1,2,1,2,2,2,2,,,,,,,,0,0,0,0,0,0,0,0,0,0,0,0,0,,,,,,,,20260706
,,,23222550X,High Coast Foldsack 24,FRV,31,55,0,0,0,0,0,0,0,0,0,0,0,0,0,,,,,,,,3,3,2,3,3,3,1,6,2,2,2,2,2,,,,,,,,0,0,0,0,0,0,0,0,0,0,0,0,0,,,,,,,,20260706
,,,23222560X,High Coast Foldsack 24,FRV,0,0,0,0,0,0,0,0,0,0,0,0,0,0,0,,,,,,,,1,2,1,2,2,1,1,2,1,2,2,0,2,,,,,,,,0,0,0,0,0,0,0,0,0,0,0,0,0,,,,,,,,20260706
,,,23222614X,High Coast Foldsack 24,FRV,16,31,0,0,0,0,0,0,0,0,0,0,0,0,0,,,,,,,,1,2,1,2,2,2,1,2,1,2,2,2,2,,,,,,,,0,0,0,0,0,0,0,0,0,0,0,0,0,,,,,,,,20260706
,,,23222620X,High Coast Foldsack 24,FRV,0,32,0,0,0,0,0,0,0,0,0,0,0,0,0,,,,,,,,1,2,1,2,2,2,1,2,3,2,2,3,1,,,,,,,,0,0,0,0,0,0,0,0,0,0,0,0,0,,,,,,,,20260706
,,,23222623X,High Coast Foldsack 24,FRV,18,14,0,0,0,0,0,0,0,0,0,0,0,0,0,,,,,,,,1,2,1,2,3,2,1,2,1,2,2,2,2,,,,,,,,0,0,0,0,0,0,0,0,0,0,0,0,0,,,,,,,,20260706
,,,23223016X,High Coast Hip Pack,FRV,0,0,0,0,0,0,0,0,0,0,0,0,0,0,0,,,,,,,,0,0,0,0,0,0,0,0,0,1,0,0,0,,,,,,,,0,0,0,0,0,0,0,0,0,0,0,0,0,,,,,,,,20260706
,,,23223130X,High Coast Hip Pack,FRV,0,0,0,0,0,0,0,0,0,0,0,0,0,0,0,,,,,,,,0,2,1,0,0,0,1,3,1,2,1,0,0,,,,,,,,0,0,0,0,0,0,0,0,0,0,0,0,0,,,,,,,,20260706
,,,23223207X,High Coast Hip Pack,FRV,0,5,0,0,0,0,0,0,0,0,0,0,0,0,0,,,,,,,,2,2,1,2,3,2,1,2,2,3,3,2,1,,,,,,,,0,0,0,0,0,0,0,0,0,0,0,0,0,,,,,,,,20260706
,,,23223221X,High Coast Hip Pack,FRV,0,0,0,0,0,0,0,0,0,0,0,0,0,0,0,,,,,,,,0,2,1,2,2,2,1,5,2,3,2,1,1,,,,,,,,0,0,0,0,0,0,0,0,0,0,0,0,0,,,,,,,,20260706
,,,23223424X,High Coast Hip Pack,FRV,0,0,0,0,0,0,0,0,0,0,0,0,0,0,0,,,,,,,,0,2,0,2,0,0,1,2,0,1,0,0,1,,,,,,,,0,0,0,0,0,0,0,0,0,0,0,0,0,,,,,,,,20260706
,,,23223452X,High Coast Hip Pack,FRV,0,0,0,0,0,0,0,0,0,0,0,0,0,0,0,,,,,,,,0,2,1,1,2,0,0,1,0,2,0,0,0,,,,,,,,0,0,0,0,0,0,0,0,0,0,0,0,0,,,,,,,,20260706
,,,23223543X,High Coast Hip Pack,FRV,0,0,0,0,0,0,0,0,0,0,0,0,0,0,0,,,,,,,,0,1,1,2,1,0,0,0,0,1,0,0,0,,,,,,,,0,0,0,0,0,0,0,0,0,0,0,0,0,,,,,,,,20260706
,,,23223550X,High Coast Hip Pack,FRV,0,39,0,0,0,0,0,0,0,0,0,0,0,0,0,,,,,,,,2,2,3,4,4,3,1,2,1,4,0,3,0,,,,,,,,0,0,0,0,0,0,0,0,0,0,0,0,0,,,,,,,,20260706
,,,23223560X,High Coast Hip Pack,FRV,0,0,0,0,0,0,0,0,0,0,0,0,0,0,0,,,,,,,,0,1,0,0,2,0,0,3,0,2,1,0,0,,,,,,,,0,0,0,0,0,0,0,0,0,0,0,0,0,,,,,,,,20260706
,,,23223614X,High Coast Hip Pack,FRV,0,0,0,0,0,0,0,0,0,0,0,0,0,0,0,,,,,,,,3,3,1,2,3,4,1,3,1,3,1,3,2,,,,,,,,0,0,0,0,0,0,0,0,0,0,0,0,0,,,,,,,,20260706
,,,23223620X,High Coast Hip Pack,FRV,0,6,0,0,0,0,0,0,0,0,0,0,0,0,0,,,,,,,,1,2,1,2,3,3,1,2,2,2,3,3,2,,,,,,,,0,0,0,0,0,0,0,0,0,0,0,0,0,,,,,,,,20260706
,,,23223623X,High Coast Hip Pack,FRV,0,1,0,0,0,0,0,0,0,0,0,0,0,0,0,,,,,,,,0,2,1,3,1,2,1,2,1,2,2,2,2,,,,,,,,0,0,0,0,0,0,0,0,0,0,0,0,0,,,,,,,,20260706
,,,23224560X,High Coast Rolltop 26,FRV,0,0,0,0,0,0,0,0,0,0,0,0,0,0,0,,,,,,,,0,0,0,1,0,1,0,0,0,0,0,0,0,,,,,,,,0,0,0,0,0,0,0,0,0,0,0,0,0,,,,,,,,20260706
,,,23225118X,High Coast Totepack,FRV,0,40,0,0,0,0,0,0,0,0,0,0,0,0,0,,,,,,,,0,2,2,2,2,2,1,2,1,2,2,2,2,,,,,,,,0,0,0,0,0,0,0,0,0,0,0,0,0,,,,,,,,20260706
,,,23225130X,High Coast Totepack,FRV,0,0,0,0,0,0,0,0,0,0,0,0,0,0,0,,,,,,,,0,0,0,2,0,0,0,0,0,0,0,0,0,,,,,,,,0,0,0,0,0,0,0,0,0,0,0,0,0,,,,,,,,20260706
,,,23225207X,High Coast Totepack,FRV,0,0,0,0,0,0,0,0,0,0,0,0,0,0,0,,,,,,,,0,3,0,2,0,1,1,0,0,2,0,2,0,,,,,,,,0,0,0,0,0,0,0,0,0,0,0,0,0,,,,,,,,20260706
,,,23225221X,High Coast Totepack,FRV,0,23,0,0,0,0,0,0,0,0,0,0,0,0,0,,,,,,,,2,2,1,2,2,0,1,2,1,2,2,2,3,,,,,,,,0,0,0,0,0,0,0,0,0,0,0,0,0,,,,,,,,20260706
,,,23225424X,High Coast Totepack,FRV,0,28,0,0,0,0,0,0,0,0,0,0,0,0,0,,,,,,,,1,2,1,1,2,2,1,2,1,2,2,2,3,,,,,,,,0,0,0,0,0,0,0,0,0,0,0,0,0,,,,,,,,20260706
,,,23225543X,High Coast Totepack,FRV,7,0,0,0,0,0,0,0,0,0,0,0,0,0,0,,,,,,,,1,3,1,2,2,1,1,2,4,2,2,1,2,,,,,,,,0,0,0,0,0,0,0,0,0,0,0,0,0,,,,,,,,20260706
,,,23225550X,High Coast Totepack,FRV,0,57,0,0,0,0,0,0,0,0,0,0,0,0,0,,,,,,,,2,2,1,4,3,3,3,5,2,1,3,2,2,,,,,,,,0,0,0,0,0,0,0,0,0,0,0,0,0,,,,,,,,20260706
,,,23225560X,High Coast Totepack,FRV,0,0,0,0,0,0,0,0,0,0,0,0,0,0,0,,,,,,,,0,0,0,1,2,1,1,1,1,0,0,0,0,,,,,,,,0,0,0,0,0,0,0,0,0,0,0,0,0,,,,,,,,20260706
,,,23225614X,High Coast Totepack,FRV,10,39,0,0,0,0,0,0,0,0,0,0,0,0,0,,,,,,,,2,3,1,3,3,2,1,6,3,2,2,3,2,,,,,,,,0,0,0,0,0,0,0,0,0,0,0,0,0,,,,,,,,20260706
,,,23225620X,High Coast Totepack,FRV,0,4,0,0,0,0,0,0,0,0,0,0,0,0,0,,,,,,,,1,2,1,2,3,2,1,3,2,2,2,2,2,,,,,,,,0,0,0,0,0,0,0,0,0,0,0,0,0,,,,,,,,20260706
,,,23225623X,High Coast Totepack,FRV,0,26,0,0,0,0,0,0,0,0,0,0,0,0,0,,,,,,,,1,2,1,2,4,1,2,3,2,2,2,3,2,,,,,,,,0,0,0,0,0,0,0,0,0,0,0,0,0,,,,,,,,20260706
,,,23226016X,High Coast Pocket,FRV,0,0,0,0,0,0,0,0,0,0,0,0,0,0,0,,,,,,,,0,3,0,1,0,0,1,2,0,2,0,0,0,,,,,,,,0,0,0,0,0,0,0,0,0,0,0,0,0,,,,,,,,20260706
,,,23226207X,High Coast Pocket,FRV,0,0,0,0,0,0,0,0,0,0,0,0,0,0,0,,,,,,,,0,0,1,1,0,0,1,0,0,1,1,0,0,,,,,,,,0,0,0,0,0,0,0,0,0,0,0,0,0,,,,,,,,20260706
,,,23226221X,High Coast Pocket,FRV,0,39,0,0,0,0,0,0,0,0,0,0,0,0,0,,,,,,,,2,2,2,4,3,3,1,2,3,2,2,2,2,,,,,,,,0,0,0,0,0,0,0,0,0,0,0,0,0,,,,,,,,20260706
,,,23226333X,High Coast Pocket,FRV,0,0,0,0,0,0,0,0,0,0,0,0,0,0,0,,,,,,,,0,1,0,0,0,0,0,0,0,1,1,0,0,,,,,,,,0,0,0,0,0,0,0,0,0,0,0,0,0,,,,,,,,20260706
,,,23226424X,High Coast Pocket,FRV,0,8,0,0,0,0,0,0,0,0,0,0,0,0,0,,,,,,,,2,2,2,2,3,2,1,1,2,2,1,2,4,,,,,,,,0,0,0,0,0,0,0,0,0,0,0,0,0,,,,,,,,20260706
,,,23226452X,High Coast Pocket,FRV,0,0,0,0,0,0,0,0,0,0,0,0,0,0,0,,,,,,,,0,2,1,2,2,0,1,3,1,2,1,2,1,,,,,,,,0,0,0,0,0,0,0,0,0,0,0,0,0,,,,,,,,20260706
,,,23226543X,High Coast Pocket,FRV,0,25,0,0,0,0,0,0,0,0,0,0,0,0,0,,,,,,,,2,3,2,1,3,2,1,2,2,2,1,2,0,,,,,,,,0,0,0,0,0,0,0,0,0,0,0,0,0,,,,,,,,20260706
,,,23226550X,High Coast Pocket,FRV,20,26,0,0,0,0,0,0,0,0,0,0,0,0,0,,,,,,,,4,3,3,4,3,4,1,4,3,3,1,4,0,,,,,,,,0,0,0,0,0,0,0,0,0,0,0,0,0,,,,,,,,20260706
,,,23226560X,High Coast Pocket,FRV,0,0,0,0,0,0,0,0,0,0,0,0,0,0,0,,,,,,,,0,2,1,4,0,0,1,2,0,2,0,0,0,,,,,,,,0,0,0,0,0,0,0,0,0,0,0,0,0,,,,,,,,20260706
,,,23226614X,High Coast Pocket,FRV,12,49,0,0,0,0,0,0,0,0,0,0,0,0,0,,,,,,,,2,4,4,3,3,2,1,3,3,2,5,3,0,,,,,,,,0,0,0,0,0,0,0,0,0,0,0,0,0,,,,,,,,20260706
,,,23226620X,High Coast Pocket,FRV,0,51,0,0,0,0,0,0,0,0,0,0,0,0,0,,,,,,,,3,2,2,2,4,4,1,5,2,2,2,2,2,,,,,,,,0,0,0,0,0,0,0,0,0,0,0,0,0,,,,,,,,20260706
,,,23226623X,High Coast Pocket,FRV,0,31,0,0,0,0,0,0,0,0,0,0,0,0,0,,,,,,,,1,5,2,3,3,2,1,3,2,2,0,2,2,,,,,,,,0,0,0,0,0,0,0,0,0,0,0,0,0,,,,,,,,20260706
,,,23227016X,High Coast Crossbody,FRV,0,0,0,0,0,0,0,0,0,0,0,0,0,0,0,,,,,,,,1,0,2,1,1,0,0,1,2,2,2,1,0,,,,,,,,0,0,0,0,0,0,0,0,0,0,0,0,0,,,,,,,,20260706
,,,23227130X,High Coast Crossbody,FRV,0,0,0,0,0,0,0,0,0,0,0,0,0,0,0,,,,,,,,0,0,0,0,0,0,0,2,0,0,0,0,0,,,,,,,,0,0,0,0,0,0,0,0,0,0,0,0,0,,,,,,,,20260706
,,,23227207X,High Coast Crossbody,FRV,0,0,0,0,0,0,0,0,0,0,0,0,0,0,0,,,,,,,,0,0,0,2,0,0,0,1,0,0,2,0,0,,,,,,,,0,0,0,0,0,0,0,0,0,0,0,0,0,,,,,,,,20260706
,,,23227221X,High Coast Crossbody,FRV,5,90,0,0,0,0,0,0,0,0,0,0,0,0,0,,,,,,,,2,2,2,2,3,1,1,2,1,1,2,2,2,,,,,,,,0,0,0,0,0,0,0,0,0,0,0,0,0,,,,,,,,20260706
,,,23227424X,High Coast Crossbody,FRV,0,51,0,0,0,0,0,0,0,0,0,0,0,0,0,,,,,,,,2,2,2,2,2,2,1,2,2,2,3,2,2,,,,,,,,0,0,0,0,0,0,0,0,0,0,0,0,0,,,,,,,,20260706
,,,23227452X,High Coast Crossbody,FRV,27,32,0,0,0,0,0,0,0,0,0,0,0,0,0,,,,,,,,0,2,1,2,3,4,1,3,2,2,2,1,2,,,,,,,,0,0,0,0,0,0,0,0,0,0,0,0,0,,,,,,,,20260706
,,,23227543X,High Coast Crossbody,FRV,0,32,0,0,0,0,0,0,0,0,0,0,0,0,0,,,,,,,,2,2,2,4,3,2,1,2,2,2,2,2,1,,,,,,,,0,0,0,0,0,0,0,0,0,0,0,0,0,,,,,,,,20260706
,,,23227550X,High Coast Crossbody,FRV,11,83,0,0,0,0,0,0,0,0,0,0,0,0,0,,,,,,,,1,2,2,3,3,1,1,2,3,3,2,3,3,,,,,,,,0,0,0,0,0,0,0,0,0,0,0,0,0,,,,,,,,20260706
,,,23227560X,High Coast Crossbody,FRV,0,0,0,0,0,0,0,0,0,0,0,0,0,0,0,,,,,,,,0,0,1,0,0,0,0,0,0,0,0,0,0,,,,,,,,0,0,0,0,0,0,0,0,0,0,0,0,0,,,,,,,,20260706
,,,23227614X,High Coast Crossbody,FRV,12,93,0,0,0,0,0,0,0,0,0,0,0,0,0,,,,,,,,2,2,2,3,3,3,1,1,2,2,2,2,2,,,,,,,,0,0,0,0,0,0,0,0,0,0,0,0,0,,,,,,,,20260706
,,,23227623X,High Coast Crossbody,FRV,0,0,0,0,0,0,0,0,0,0,0,0,0,0,0,,,,,,,,1,2,1,3,3,2,1,2,1,2,2,2,2,,,,,,,,0,0,0,0,0,0,0,0,0,0,0,0,0,,,,,,,,20260706
,,,23231160X,S/F Cave Pack,FRV,0,0,0,0,0,0,0,0,0,0,0,0,0,0,0,,,,,,,,0,0,0,2,1,0,0,0,0,0,0,0,0,,,,,,,,0,0,0,0,0,0,0,0,0,0,0,0,0,,,,,,,,20260706
,,,23301171X,Ulvo 23,FRV,0,0,0,0,0,0,0,0,0,0,0,0,0,0,0,,,,,,,,1,2,1,2,3,0,1,1,2,1,2,2,0,,,,,,,,0,0,0,0,0,0,0,0,0,0,0,0,0,,,,,,,,20260706
,,,23301550X,Ulvo 23,FRV,0,0,0,0,0,0,0,0,0,0,0,0,0,0,0,,,,,,,,0,1,1,0,0,1,1,1,2,1,0,3,0,,,,,,,,0,0,0,0,0,0,0,0,0,0,0,0,0,,,,,,,,20260706
,,,23301570X,Ulvo 23,FRV,0,0,0,0,0,0,0,0,0,0,0,0,0,0,0,,,,,,,,0,2,0,0,0,0,1,0,2,1,2,2,0,,,,,,,,0,0,0,0,0,0,0,0,0,0,0,0,0,,,,,,,,20260706
,,,23301620X,Ulvo 23,FRV,0,0,0,0,0,0,0,0,0,0,0,0,0,0,0,,,,,,,,0,2,0,1,0,0,0,0,2,0,0,1,0,,,,,,,,0,0,0,0,0,0,0,0,0,0,0,0,0,,,,,,,,20260706
,,,23312550X,Ulvo Rolltop 30,FRV,0,0,0,0,0,0,0,0,0,0,0,0,0,0,0,,,,,,,,0,0,0,0,0,2,0,0,0,0,0,0,0,,,,,,,,0,0,0,0,0,0,0,0,0,0,0,0,0,,,,,,,,20260706
,,,23313550X,Ulvo 30,FRV,0,0,0,0,0,0,0,0,0,0,0,0,0,0,0,,,,,,,,0,0,0,0,0,0,0,0,1,0,0,0,0,,,,,,,,0,0,0,0,0,0,0,0,0,0,0,0,0,,,,,,,,20260706
,,,23313570X,Ulvo 30,FRV,0,0,0,0,0,0,0,0,0,0,0,0,0,0,0,,,,,,,,0,1,0,0,0,0,1,0,0,0,0,0,0,,,,,,,,0,0,0,0,0,0,0,0,0,0,0,0,0,,,,,,,,20260706
,,,23319221X,Singi 20,FRV,0,0,0,0,0,0,0,0,0,0,0,0,0,0,0,,,,,,,,0,2,0,2,1,0,1,2,2,1,1,0,0,,,,,,,,0,0,0,0,0,0,0,0,0,0,0,0,0,,,,,,,,20260706
,,,23319633X,Singi 20,FRV,0,0,0,0,0,0,0,0,0,0,0,0,0,0,0,,,,,,,,0,1,0,0,0,0,0,0,0,0,0,0,0,,,,,,,,0,0,0,0,0,0,0,0,0,0,0,0,0,,,,,,,,20260706
,,,23320221X,Singi 28,FRV,14,2,0,0,0,0,0,0,0,0,0,0,0,0,0,,,,,,,,1,3,2,3,2,2,1,2,0,2,0,3,0,,,,,,,,0,0,0,0,0,0,0,0,0,0,0,0,0,,,,,,,,20260706
,,,23320633X,Singi 28,FRV,0,0,0,0,0,0,0,0,0,0,0,0,0,0,0,,,,,,,,1,1,0,1,1,5,0,2,0,2,0,3,0,,,,,,,,0,0,0,0,0,0,0,0,0,0,0,0,0,,,,,,,,20260706
,,,23321221X,Singi 48,FRV,4,29,0,0,0,0,0,0,0,0,0,0,0,0,0,,,,,,,,1,2,0,2,2,2,1,2,0,2,0,2,0,,,,,,,,0,0,0,0,0,0,0,0,0,0,0,0,0,,,,,,,,20260706
,,,23321633X,Singi 48,FRV,0,0,0,0,0,0,0,0,0,0,0,0,0,0,0,,,,,,,,0,1,0,2,0,0,0,1,0,1,0,1,0,,,,,,,,0,0,0,0,0,0,0,0,0,0,0,0,0,,,,,,,,20260706
,,,23322633X,Singi Stubben,FRV,14,0,0,0,0,0,0,0,0,0,0,0,0,0,0,,,,,,,,1,2,2,2,2,2,1,0,0,1,0,2,0,,,,,,,,0,0,0,0,0,0,0,0,0,0,0,0,0,,,,,,,,20260706
,,,23323221X,Singi Side Pocket,FRV,0,10,0,0,0,0,0,0,0,0,0,0,0,0,0,,,,,,,,2,4,0,6,4,5,1,4,2,6,2,4,0,,,,,,,,0,0,0,0,0,0,0,0,0,0,0,0,0,,,,,,,,20260706
,,,23323633X,Singi Side Pocket,FRV,0,36,0,0,0,0,0,0,0,0,0,0,0,0,0,,,,,,,,2,3,0,4,4,4,2,3,2,4,6,2,0,,,,,,,,0,0,0,0,0,0,0,0,0,0,0,0,0,,,,,,,,20260706
,,,23324221X,Singi Gear Holder,FRV,0,1,0,0,0,0,0,0,0,0,0,0,0,0,0,,,,,,,,4,4,0,6,5,4,2,4,2,5,2,4,0,,,,,,,,0,0,0,0,0,0,0,0,0,0,0,0,0,,,,,,,,20260706
,,,23324633X,Singi Gear Holder,FRV,0,76,0,0,0,0,0,0,0,0,0,0,0,0,0,,,,,,,,2,2,0,4,5,5,2,2,2,2,6,3,0,,,,,,,,0,0,0,0,0,0,0,0,0,0,0,0,0,,,,,,,,20260706
,,,23328027X,Kanken Re-Wool Laptop 15,FRV,1,0,0,0,0,0,0,0,0,0,0,0,0,0,0,,,,,,,,0,0,0,0,0,0,0,0,0,0,0,0,0,,,,,,,,0,0,0,0,0,0,0,0,0,0,0,0,0,,,,,,,,20260706
,,,23332290X,Norrvage Briefpack,FRV,1,0,0,0,0,0,0,0,0,0,0,0,0,0,0,,,,,,,,1,0,0,0,0,0,0,0,0,0,0,0,0,,,,,,,,0,0,0,0,0,0,0,0,0,0,0,0,0,,,,,,,,20260706
,,,23340030X,Haulpack No.1,FRV,0,0,0,0,0,0,0,0,0,0,0,0,0,0,0,,,,,,,,0,0,1,0,0,1,1,1,0,1,0,1,0,,,,,,,,0,0,0,0,0,0,0,0,0,0,0,0,0,,,,,,,,20260706
,,,23340228X,Haulpack No.1,FRV,0,0,0,0,0,0,0,0,0,0,0,0,0,0,0,,,,,,,,0,2,1,0,0,0,1,2,2,2,0,0,0,,,,,,,,0,0,0,0,0,0,0,0,0,0,0,0,0,,,,,,,,20260706
,,,23340560X,Haulpack No.1,FRV,0,0,0,0,0,0,0,0,0,0,0,0,0,0,0,,,,,,,,0,0,0,1,0,2,1,2,0,2,0,0,0,,,,,,,,0,0,0,0,0,0,0,0,0,0,0,0,0,,,,,,,,20260706
,,,23340633X,Haulpack No.1,FRV,0,0,0,0,0,0,0,0,0,0,0,0,0,0,0,,,,,,,,0,1,0,0,0,0,1,0,0,1,0,0,0,,,,,,,,0,0,0,0,0,0,0,0,0,0,0,0,0,,,,,,,,20260706
,,,23342633-290X,Varmland 20 Bullet Pouch,FRV,0,0,0,0,0,0,0,0,0,0,0,0,0,0,0,,,,,,,,0,0,0,3,1,0,2,0,0,0,0,0,0,,,,,,,,0,0,0,0,0,0,0,0,0,0,0,0,0,,,,,,,,20260706
,,,23343633-290X,Varmland 5 Bullet Case,FRV,6,0,0,0,0,0,0,0,0,0,0,0,0,0,0,,,,,,,,0,0,0,1,2,0,2,0,0,0,0,0,0,,,,,,,,0,0,0,0,0,0,0,0,0,0,0,0,0,,,,,,,,20260706
,,,23344050X,Raven 20,FRV,9,86,0,0,0,0,0,0,0,0,0,0,0,0,0,,,,,,,,1,2,1,2,1,4,1,2,2,2,3,3,2,,,,,,,,0,0,0,0,0,0,0,0,0,0,0,0,0,,,,,,,,20260706
,,,23344228X,Raven 20,FRV,0,0,0,0,0,0,0,0,0,0,0,0,0,0,0,,,,,,,,1,2,1,2,0,2,1,2,1,1,1,1,1,,,,,,,,0,0,0,0,0,0,0,0,0,0,0,0,0,,,,,,,,20260706
,,,23344357X,Raven 20,FRV,0,3,0,0,0,0,0,0,0,0,0,0,0,0,0,,,,,,,,1,3,1,3,2,2,1,2,1,2,1,2,2,,,,,,,,0,0,0,0,0,0,0,0,0,0,0,0,0,,,,,,,,20260706
,,,23344550-550X,Raven 20,FRV,0,13,0,0,0,0,0,0,0,0,0,0,0,0,0,,,,,,,,3,3,1,2,3,3,1,1,2,3,4,1,2,,,,,,,,0,0,0,0,0,0,0,0,0,0,0,0,0,,,,,,,,20260706
,,,23344550X,Raven 20,FRV,0,107,0,0,0,0,0,0,0,0,0,0,0,0,0,,,,,,,,1,4,2,5,3,5,1,3,2,3,1,3,2,,,,,,,,0,0,0,0,0,0,0,0,0,0,0,0,0,,,,,,,,20260706
,,,23344560X,Raven 20,FRV,0,0,0,0,0,0,0,0,0,0,0,0,0,0,0,,,,,,,,1,2,1,2,3,3,1,1,1,3,4,2,2,,,,,,,,0,0,0,0,0,0,0,0,0,0,0,0,0,,,,,,,,20260706
,,,23344633X,Raven 20,FRV,3,22,0,0,0,0,0,0,0,0,0,0,0,0,0,,,,,,,,3,3,3,4,3,8,1,2,2,2,3,1,2,,,,,,,,0,0,0,0,0,0,0,0,0,0,0,0,0,,,,,,,,20260706
,,,23344679X,Raven 20,FRV,0,0,0,0,0,0,0,0,0,0,0,0,0,0,0,,,,,,,,0,0,0,0,0,0,1,0,0,2,0,2,0,,,,,,,,0,0,0,0,0,0,0,0,0,0,0,0,0,,,,,,,,20260706
,,,23345050X,Raven 28,FRV,0,97,0,0,0,0,0,0,0,0,0,0,0,0,0,,,,,,,,3,4,2,3,2,5,0,2,1,2,3,2,2,,,,,,,,0,0,0,0,0,0,0,0,0,0,0,0,0,,,,,,,,20260706
,,,23345228X,Raven 28,FRV,0,0,0,0,0,0,0,0,0,0,0,0,0,0,0,,,,,,,,1,2,1,2,1,2,1,2,1,2,2,2,2,,,,,,,,0,0,0,0,0,0,0,0,0,0,0,0,0,,,,,,,,20260706
,,,23345357X,Raven 28,FRV,0,0,0,0,0,0,0,0,0,0,0,0,0,0,0,,,,,,,,0,2,0,2,0,1,1,1,0,1,1,2,0,,,,,,,,0,0,0,0,0,0,0,0,0,0,0,0,0,,,,,,,,20260706
,,,23345550-550X,Raven 28,FRV,0,0,0,0,0,0,0,0,0,0,0,0,0,0,0,,,,,,,,0,0,0,0,0,1,1,0,0,0,0,1,0,,,,,,,,0,0,0,0,0,0,0,0,0,0,0,0,0,,,,,,,,20260706
,,,23345550X,Raven 28,FRV,0,54,0,0,0,0,0,0,0,0,0,0,0,0,0,,,,,,,,2,2,1,6,6,2,1,3,2,3,2,3,2,,,,,,,,0,0,0,0,0,0,0,0,0,0,0,0,0,,,,,,,,20260706
,,,23345560X,Raven 28,FRV,0,3,0,0,0,0,0,0,0,0,0,0,0,0,0,,,,,,,,2,2,1,4,4,3,1,3,2,2,2,2,3,,,,,,,,0,0,0,0,0,0,0,0,0,0,0,0,0,,,,,,,,20260706
,,,23345633X,Raven 28,FRV,57,8,0,0,0,0,0,0,0,0,0,0,0,0,0,,,,,,,,2,3,1,3,4,2,1,4,2,3,4,2,2,,,,,,,,0,0,0,0,0,0,0,0,0,0,0,0,0,,,,,,,,20260706
,,,23345679X,Raven 28,FRV,0,0,0,0,0,0,0,0,0,0,0,0,0,0,0,,,,,,,,1,1,0,2,3,3,1,0,1,2,0,1,0,,,,,,,,0,0,0,0,0,0,0,0,0,0,0,0,0,,,,,,,,20260706
,,,23346050X,Skule 28,FRV,0,15,0,0,0,0,0,0,0,0,0,0,0,0,0,,,,,,,,1,2,1,3,3,3,1,0,2,2,2,1,0,,,,,,,,0,0,0,0,0,0,0,0,0,0,0,0,0,,,,,,,,20260706
,,,23346243X,Skule 28,FRV,0,0,0,0,0,0,0,0,0,0,0,0,0,0,0,,,,,,,,0,0,0,0,0,0,1,0,0,0,0,0,0,,,,,,,,0,0,0,0,0,0,0,0,0,0,0,0,0,,,,,,,,20260706
,,,23346300X,Skule 28,FRV,0,4,0,0,0,0,0,0,0,0,0,0,0,0,0,,,,,,,,0,2,1,2,2,1,1,2,2,2,2,1,0,,,,,,,,0,0,0,0,0,0,0,0,0,0,0,0,0,,,,,,,,20260706
,,,23346550X,Skule 28,FRV,0,105,0,0,0,0,0,0,0,0,0,0,0,0,0,,,,,,,,1,2,2,9,5,5,2,3,0,3,2,2,2,,,,,,,,0,0,0,0,0,0,0,0,0,0,0,0,0,,,,,,,,20260706
,,,23346577X,Skule 28,FRV,0,0,0,0,0,0,0,0,0,0,0,0,0,0,0,,,,,,,,0,2,0,1,3,1,1,0,0,2,2,1,0,,,,,,,,0,0,0,0,0,0,0,0,0,0,0,0,0,,,,,,,,20260706
,,,23346662X,Skule 28,FRV,0,1,0,0,0,0,0,0,0,0,0,0,0,0,0,,,,,,,,2,1,3,4,4,9,1,3,2,1,2,2,2,,,,,,,,0,0,0,0,0,0,0,0,0,0,0,0,0,,,,,,,,20260706
,,,23347300X,Skule Kids,FRV,0,0,0,0,0,0,0,0,0,0,0,0,0,0,0,,,,,,,,0,0,0,0,1,0,1,0,0,0,0,0,0,,,,,,,,0,0,0,0,0,0,0,0,0,0,0,0,0,,,,,,,,20260706
,,,23347550X,Skule Kids,FRV,0,7,0,0,0,0,0,0,0,0,0,0,0,0,0,,,,,,,,0,0,0,1,2,0,1,0,2,2,0,0,2,,,,,,,,0,0,0,0,0,0,0,0,0,0,0,0,0,,,,,,,,20260706
,,,23347577X,Skule Kids,FRV,0,0,0,0,0,0,0,0,0,0,0,0,0,0,0,,,,,,,,0,0,0,1,2,0,1,0,0,0,0,0,0,,,,,,,,0,0,0,0,0,0,0,0,0,0,0,0,0,,,,,,,,20260706
,,,23348633-290X,Varmland Wool Side Pocket,FRV,0,0,0,0,0,0,0,0,0,0,0,0,0,0,0,,,,,,,,0,0,0,0,0,2,2,0,0,0,0,0,0,,,,,,,,0,0,0,0,0,0,0,0,0,0,0,0,0,,,,,,,,20260706
,,,23349243X,Skule 20,FRV,0,0,0,0,0,0,0,0,0,0,0,0,0,0,0,,,,,,,,0,2,0,1,1,0,1,1,0,0,2,0,0,,,,,,,,0,0,0,0,0,0,0,0,0,0,0,0,0,,,,,,,,20260706
,,,23349300X,Skule 20,FRV,0,0,0,0,0,0,0,0,0,0,0,0,0,0,0,,,,,,,,0,1,0,0,0,0,1,1,0,0,0,0,0,,,,,,,,0,0,0,0,0,0,0,0,0,0,0,0,0,,,,,,,,20260706
,,,23349550X,Skule 20,FRV,0,1,0,0,0,0,0,0,0,0,0,0,0,0,0,,,,,,,,2,1,2,3,5,6,1,2,2,1,1,2,1,,,,,,,,0,0,0,0,0,0,0,0,0,0,0,0,0,,,,,,,,20260706
,,,23349577X,Skule 20,FRV,0,0,0,0,0,0,0,0,0,0,0,0,0,0,0,,,,,,,,0,0,0,0,0,0,0,1,0,0,0,0,0,,,,,,,,0,0,0,0,0,0,0,0,0,0,0,0,0,,,,,,,,20260706
,,,23349614X,Skule 20,FRV,0,0,0,0,0,0,0,0,0,0,0,0,0,0,0,,,,,,,,0,0,0,3,0,0,0,0,0,0,0,0,0,,,,,,,,0,0,0,0,0,0,0,0,0,0,0,0,0,,,,,,,,20260706
,,,23349662X,Skule 20,FRV,0,0,0,0,0,0,0,0,0,0,0,0,0,0,0,,,,,,,,0,4,0,5,3,4,1,3,1,2,2,0,1,,,,,,,,0,0,0,0,0,0,0,0,0,0,0,0,0,,,,,,,,20260706
,,,23350560X,Skule Top 26,FRV,0,0,0,0,0,0,0,0,0,0,0,0,0,0,0,,,,,,,,0,0,0,2,0,0,0,0,0,0,0,0,0,,,,,,,,0,0,0,0,0,0,0,0,0,0,0,0,0,,,,,,,,20260706
,,,23350614X,Skule Top 26,FRV,0,0,0,0,0,0,0,0,0,0,0,0,0,0,0,,,,,,,,0,0,0,1,0,0,0,0,0,0,0,0,0,,,,,,,,0,0,0,0,0,0,0,0,0,0,0,0,0,,,,,,,,20260706
,,,23350662X,Skule Top 26,FRV,0,0,0,0,0,0,0,1,0,0,0,0,0,0,0,,,,,,,,0,0,0,1,0,0,0,0,0,0,1,0,0,,,,,,,,0,0,0,0,0,0,0,0,0,0,0,0,0,,,,,,,,20260706
,,,23505021X,Kanken Shoulder Pads,FRV,0,0,0,0,0,0,0,0,0,0,0,0,0,0,0,,,,,,,,0,0,0,0,0,0,0,0,1,0,0,0,0,,,,,,,,0,0,0,0,0,0,0,0,0,0,0,0,0,,,,,,,,20260706
,,,23505160X,Kanken Shoulder Pads,FRV,0,11,0,0,0,0,0,0,0,0,0,0,0,0,0,,,,,,,,1,2,1,3,2,3,1,2,2,2,3,1,2,,,,,,,,0,0,0,0,0,0,0,0,0,0,0,0,0,,,,,,,,20260706
,,,23505228X,Kanken Shoulder Pads,FRV,0,0,0,0,0,0,0,0,0,0,0,0,0,0,0,,,,,,,,1,1,1,0,2,2,0,1,1,1,2,1,0,,,,,,,,0,0,0,0,0,0,0,0,0,0,0,0,0,,,,,,,,20260706
,,,23505326X,Kanken Shoulder Pads,FRV,0,0,0,0,0,0,0,0,0,0,0,0,0,0,0,,,,,,,,1,2,1,2,1,2,1,1,2,1,1,2,3,,,,,,,,0,0,0,0,0,0,0,0,0,0,0,0,0,,,,,,,,20260706
,,,23505550X,Kanken Shoulder Pads,FRV,0,38,0,0,0,0,0,0,0,0,0,0,0,0,0,,,,,,,,2,5,2,5,6,4,1,3,2,5,4,5,2,,,,,,,,0,0,0,0,0,0,0,0,0,0,0,0,0,,,,,,,,20260706
,,,23505560X,Kanken Shoulder Pads,FRV,0,0,0,0,0,0,0,0,0,0,0,0,0,0,0,,,,,,,,1,1,1,3,4,3,1,2,1,0,1,3,0,,,,,,,,0,0,0,0,0,0,0,0,0,0,0,0,0,,,,,,,,20260706
,,,23505664X,Kanken Shoulder Pads,FRV,0,17,0,0,0,0,0,0,0,0,0,0,0,0,0,,,,,,,,2,4,1,4,2,2,0,3,4,2,3,0,4,,,,,,,,0,0,0,0,0,0,0,0,0,0,0,0,0,,,,,,,,20260706
,,,23506021X,Kanken Mini Shoulder Pads,FRV,0,0,0,0,0,0,0,0,0,0,0,0,0,0,0,,,,,,,,1,1,0,0,0,0,1,1,0,1,0,1,0,,,,,,,,0,0,0,0,0,0,0,0,0,0,0,0,0,,,,,,,,20260706
,,,23506160X,Kanken Mini Shoulder Pads,FRV,0,0,0,0,0,0,0,0,0,0,0,0,0,0,0,,,,,,,,1,4,0,1,1,2,1,2,2,2,2,1,0,,,,,,,,0,0,0,0,0,0,0,0,0,0,0,0,0,,,,,,,,20260706
,,,23506228X,Kanken Mini Shoulder Pads,FRV,0,0,0,0,0,0,0,0,0,0,0,0,0,0,0,,,,,,,,0,1,0,2,1,1,1,0,2,2,1,1,0,,,,,,,,0,0,0,0,0,0,0,0,0,0,0,0,0,,,,,,,,20260706
,,,23506312X,Kanken Mini Shoulder Pads,FRV,0,0,0,0,0,0,0,0,0,0,0,0,0,0,0,,,,,,,,1,1,0,0,2,0,1,0,2,0,2,2,0,,,,,,,,0,0,0,0,0,0,0,0,0,0,0,0,0,,,,,,,,20260706
,,,23506326X,Kanken Mini Shoulder Pads,FRV,0,0,0,0,0,0,0,0,0,0,0,0,0,0,0,,,,,,,,3,3,0,3,3,2,1,4,1,3,3,2,1,,,,,,,,0,0,0,0,0,0,0,0,0,0,0,0,0,,,,,,,,20260706
,,,23506501X,Kanken Mini Shoulder Pads,FRV,0,0,0,0,0,0,0,0,0,0,0,0,0,0,0,,,,,,,,0,2,0,0,2,2,1,0,1,1,1,1,0,,,,,,,,0,0,0,0,0,0,0,0,0,0,0,0,0,,,,,,,,20260706
,,,23506550X,Kanken Mini Shoulder Pads,FRV,0,0,0,0,0,0,0,0,0,0,0,0,0,0,0,,,,,,,,0,4,0,4,1,0,1,2,0,2,0,0,0,,,,,,,,0,0,0,0,0,0,0,0,0,0,0,0,0,,,,,,,,20260706
,,,23506560X,Kanken Mini Shoulder Pads,FRV,0,0,0,0,0,0,0,0,0,0,0,0,0,0,0,,,,,,,,0,1,1,0,1,0,2,1,3,2,2,2,0,,,,,,,,0,0,0,0,0,0,0,0,0,0,0,0,0,,,,,,,,20260706
,,,23506664X,Kanken Mini Shoulder Pads,FRV,0,1,0,0,0,0,0,0,0,0,0,0,0,0,0,,,,,,,,1,2,1,2,2,2,1,3,1,2,2,2,0,,,,,,,,0,0,0,0,0,0,0,0,0,0,0,0,0,,,,,,,,20260706
,,,23506667X,Kanken Mini Shoulder Pads,FRV,0,0,0,0,0,0,0,0,0,0,0,0,0,0,0,,,,,,,,0,0,0,0,0,0,1,0,1,0,3,0,0,,,,,,,,0,0,0,0,0,0,0,0,0,0,0,0,0,,,,,,,,20260706
,,,23507021X,Kanken Chest Strap,FRV,0,0,0,0,0,0,0,0,0,0,0,0,0,0,0,,,,,,,,1,2,1,0,3,0,1,1,3,0,3,1,0,,,,,,,,0,0,0,0,0,0,0,0,0,0,0,0,0,,,,,,,,20260706
,,,23507160X,Kanken Chest Strap,FRV,2,10,0,0,0,0,0,0,0,0,0,0,0,0,0,,,,,,,,3,4,2,5,4,4,2,3,3,3,4,4,2,,,,,,,,0,0,0,0,0,0,0,0,0,0,0,0,0,,,,,,,,20260706
,,,23507312X,Kanken Chest Strap,FRV,0,0,0,0,0,0,0,0,0,0,0,0,0,0,0,,,,,,,,0,1,1,1,1,0,1,1,2,0,2,3,2,,,,,,,,0,0,0,0,0,0,0,0,0,0,0,0,0,,,,,,,,20260706
,,,23507326X,Kanken Chest Strap,FRV,0,0,0,0,0,0,0,0,0,0,0,0,0,0,0,,,,,,,,1,3,0,0,0,2,1,0,1,1,2,2,0,,,,,,,,0,0,0,0,0,0,0,0,0,0,0,0,0,,,,,,,,20260706
,,,23507501X,Kanken Chest Strap,FRV,0,0,0,0,0,0,0,0,0,0,0,0,0,0,0,,,,,,,,0,2,0,0,1,1,0,0,2,0,3,2,0,,,,,,,,0,0,0,0,0,0,0,0,0,0,0,0,0,,,,,,,,20260706
,,,23507550X,Kanken Chest Strap,FRV,0,19,0,0,0,0,0,0,0,0,0,0,0,0,0,,,,,,,,1,3,2,4,2,3,1,3,4,2,2,4,2,,,,,,,,0,0,0,0,0,0,0,0,0,0,0,0,0,,,,,,,,20260706
,,,23507560X,Kanken Chest Strap,FRV,17,0,0,0,0,0,0,0,0,0,0,0,0,0,0,,,,,,,,2,3,2,3,3,5,2,4,4,2,6,3,2,,,,,,,,0,0,0,0,0,0,0,0,0,0,0,0,0,,,,,,,,20260706
,,,23507664X,Kanken Chest Strap,FRV,0,0,0,0,0,0,0,0,0,0,0,0,0,0,0,,,,,,,,1,3,2,2,2,4,0,3,3,2,5,3,0,,,,,,,,0,0,0,0,0,0,0,0,0,0,0,0,0,,,,,,,,20260706
,,,23507667X,Kanken Chest Strap,FRV,0,0,0,0,0,0,0,0,0,0,0,0,0,0,0,,,,,,,,0,0,0,0,0,0,0,0,0,0,0,1,0,,,,,,,,0,0,0,0,0,0,0,0,0,0,0,0,0,,,,,,,,20260706
,,,23508021X,Kanken Organizer,FRV,0,0,0,0,0,0,0,0,0,0,0,0,0,0,0,,,,,,,,0,1,0,0,0,0,1,0,0,0,0,1,0,,,,,,,,0,0,0,0,0,0,0,0,0,0,0,0,0,,,,,,,,20260706
,,,23508326X,Kanken Organizer,FRV,0,0,0,0,0,0,0,0,0,0,0,0,0,0,0,,,,,,,,0,2,0,2,2,2,1,2,1,2,1,2,2,,,,,,,,0,0,0,0,0,0,0,0,0,0,0,0,0,,,,,,,,20260706
,,,23508560X,Kanken Organizer,FRV,0,0,0,0,0,0,0,0,0,0,0,0,0,0,0,,,,,,,,0,2,0,2,1,0,1,0,0,1,0,0,0,,,,,,,,0,0,0,0,0,0,0,0,0,0,0,0,0,,,,,,,,20260706
,,,23510021-312X,Kanken,FRV,0,0,0,0,0,0,0,0,0,0,0,0,0,0,0,,,,,,,,0,0,0,0,0,0,0,0,1,0,1,1,0,,,,,,,,0,0,0,0,0,0,0,0,0,0,0,0,0,,,,,,,,20260706
,,,23510021X,Kanken,FRV,0,337,0,0,0,0,0,0,0,0,0,0,0,0,0,,,,,,,,3,9,2,29,6,12,2,3,3,2,2,3,4,,,,,,,,0,0,0,0,0,0,0,0,0,0,0,0,0,,,,,,,,20260706
,,,23510031X,Kanken,FRV,0,435,0,0,0,0,0,0,0,0,0,0,0,0,0,,,,,,,,0,2,2,14,5,6,2,3,1,4,3,4,4,,,,,,,,0,0,0,0,0,0,0,0,0,0,0,0,0,,,,,,,,20260706
,,,23510046X,Kanken,FRV,0,613,0,0,0,0,0,0,0,0,0,0,0,0,0,,,,,,,,1,6,2,7,6,4,5,2,6,5,3,4,4,,,,,,,,0,0,0,0,0,0,0,0,0,0,0,0,0,,,,,,,,20260706
,,,23510115X,Kanken,FRV,0,0,0,0,0,0,0,0,0,0,0,0,0,0,0,,,,,,,,0,0,0,0,0,0,0,0,1,0,0,0,0,,,,,,,,0,0,0,0,0,0,0,0,0,0,0,0,0,,,,,,,,20260706
,,,23510118X,Kanken,FRV,0,220,0,0,0,0,0,0,0,0,0,0,0,0,0,,,,,,,,3,3,3,6,5,1,2,5,2,5,4,4,4,,,,,,,,0,0,0,0,0,0,0,0,0,0,0,0,0,,,,,,,,20260706
,,,23510126X,Kanken,FRV,0,212,0,0,0,0,0,0,0,0,0,0,0,0,0,,,,,,,,0,3,0,3,4,3,1,3,2,3,3,3,3,,,,,,,,0,0,0,0,0,0,0,0,0,0,0,0,0,,,,,,,,20260706
,,,23510135X,Kanken,FRV,0,0,0,0,0,0,0,0,0,0,0,0,0,0,0,,,,,,,,0,0,0,0,0,0,0,0,1,0,0,0,0,,,,,,,,0,0,0,0,0,0,0,0,0,0,0,0,0,,,,,,,,20260706
,,,23510141X,Kanken,FRV,0,0,0,0,0,0,0,0,0,0,0,0,0,0,0,,,,,,,,0,1,0,0,0,0,0,0,1,0,0,0,0,,,,,,,,0,0,0,0,0,0,0,0,0,0,0,0,0,,,,,,,,20260706
,,,23510160X,Kanken,FRV,0,183,0,0,0,0,0,0,0,0,0,0,0,0,0,,,,,,,,1,5,2,6,7,5,1,1,3,3,3,4,4,,,,,,,,0,0,0,0,0,0,0,0,0,0,0,0,0,,,,,,,,20260706
,,,23510199X,Kanken,FRV,0,0,0,0,0,0,0,0,0,0,0,0,0,0,0,,,,,,,,0,0,0,0,0,0,0,0,1,0,0,0,0,,,,,,,,0,0,0,0,0,0,0,0,0,0,0,0,0,,,,,,,,20260706
,,,23510221X,Kanken,FRV,0,285,0,0,0,0,0,0,0,0,0,0,0,0,0,,,,,,,,2,5,2,11,5,5,2,5,3,4,3,4,6,,,,,,,,0,0,0,0,0,0,0,0,0,0,0,0,0,,,,,,,,20260706
,,,23510228X,Kanken,FRV,0,115,0,0,0,0,0,0,0,0,0,0,0,0,0,,,,,,,,3,3,2,4,4,4,1,3,2,3,1,4,4,,,,,,,,0,0,0,0,0,0,0,0,0,0,0,0,0,,,,,,,,20260706
,,,23510302X,Kanken,FRV,0,5,0,0,0,0,0,0,0,0,0,0,0,0,0,,,,,,,,0,6,0,1,7,6,2,6,9,2,8,6,2,,,,,,,,0,0,0,0,0,0,0,0,0,0,0,0,0,,,,,,,,20260706
,,,23510312X,Kanken,FRV,0,0,0,0,0,0,0,0,0,0,0,0,0,0,0,,,,,,,,0,2,0,0,8,11,3,4,7,2,1,12,1,,,,,,,,0,0,0,0,0,0,0,0,0,0,0,0,0,,,,,,,,20260706
,,,23510326X,Kanken,FRV,0,0,0,0,0,0,0,0,0,0,0,0,0,0,0,,,,,,,,0,0,0,0,0,0,0,0,0,0,0,1,0,,,,,,,,0,0,0,0,0,0,0,0,0,0,0,0,0,,,,,,,,20260706
,,,23510350X,Kanken,FRV,0,0,0,0,0,0,0,0,0,0,0,0,0,0,0,,,,,,,,0,0,0,0,0,0,0,0,1,0,0,0,0,,,,,,,,0,0,0,0,0,0,0,0,0,0,0,0,0,,,,,,,,20260706
,,,23510424X,Kanken,FRV,0,309,0,0,0,0,0,0,0,0,0,0,0,0,0,,,,,,,,3,4,3,5,6,6,2,4,2,1,3,4,4,,,,,,,,0,0,0,0,0,0,0,0,0,0,0,0,0,,,,,,,,20260706
,,,23510457-916X,Kanken,FRV,0,47,0,0,0,0,0,0,0,0,0,0,0,0,0,,,,,,,,0,3,2,12,4,3,2,2,2,4,3,3,2,,,,,,,,0,0,0,0,0,0,0,0,0,0,0,0,0,,,,,,,,20260706
,,,23510457X,Kanken,FRV,0,306,0,0,0,0,0,0,0,0,0,0,0,0,0,,,,,,,,1,3,2,3,6,6,3,6,2,3,3,5,4,,,,,,,,0,0,0,0,0,0,0,0,0,0,0,0,0,,,,,,,,20260706
,,,23510501-115X,Kanken,FRV,0,15,0,0,0,0,0,0,0,0,0,0,0,0,0,,,,,,,,0,1,0,5,7,4,3,0,3,5,4,5,3,,,,,,,,0,0,0,0,0,0,0,0,0,0,0,0,0,,,,,,,,20260706
,,,23510501X,Kanken,FRV,0,233,0,0,0,0,0,0,0,0,0,0,0,0,0,,,,,,,,4,2,8,2,6,7,3,5,3,3,4,2,4,,,,,,,,0,0,0,0,0,0,0,0,0,0,0,0,0,,,,,,,,20260706
,,,23510532X,Kanken,FRV,0,0,0,0,0,0,0,0,0,0,0,0,0,0,0,,,,,,,,0,0,0,0,0,0,0,0,1,0,0,0,0,,,,,,,,0,0,0,0,0,0,0,0,0,0,0,0,0,,,,,,,,20260706
,,,23510540X,Kanken,FRV,0,82,0,0,0,0,0,0,0,0,0,0,0,0,0,,,,,,,,1,5,1,5,3,4,1,2,3,4,2,5,4,,,,,,,,0,0,0,0,0,0,0,0,0,0,0,0,0,,,,,,,,20260706
,,,23510550X,Kanken,FRV,0,545,0,0,0,0,0,0,0,0,0,0,0,0,0,,,,,,,,3,3,3,7,10,8,2,6,3,4,2,5,3,,,,,,,,0,0,0,0,0,0,0,0,0,0,0,0,0,,,,,,,,20260706
,,,23510560X,Kanken,FRV,0,368,0,0,0,0,0,0,0,0,0,0,0,0,0,,,,,,,,2,3,2,6,4,5,5,3,5,3,3,4,4,,,,,,,,0,0,0,0,0,0,0,0,0,0,0,0,0,,,,,,,,20260706
,,,23510576X,Kanken,FRV,0,21,0,0,0,0,0,0,0,0,0,0,0,0,0,,,,,,,,0,3,3,12,4,5,2,4,2,4,1,5,3,,,,,,,,0,0,0,0,0,0,0,0,0,0,0,0,0,,,,,,,,20260706
,,,23510600X,Kanken,FRV,0,119,0,0,0,0,0,0,0,0,0,0,0,0,0,,,,,,,,1,2,2,10,6,5,0,1,2,3,3,4,3,,,,,,,,0,0,0,0,0,0,0,0,0,0,0,0,0,,,,,,,,20260706
,,,23510606X,Kanken,FRV,0,0,0,0,0,0,0,0,0,0,0,0,0,0,0,,,,,,,,0,0,0,0,0,0,0,0,1,0,0,0,0,,,,,,,,0,0,0,0,0,0,0,0,0,0,0,0,0,,,,,,,,20260706
,,,23510620X,Kanken,FRV,0,89,0,0,0,0,0,0,0,0,0,0,0,0,0,,,,,,,,1,3,2,4,5,4,1,3,3,3,3,5,3,,,,,,,,0,0,0,0,0,0,0,0,0,0,0,0,0,,,,,,,,20260706
,,,23510631-241X,Kanken,FRV,0,0,0,0,0,0,0,0,0,0,0,0,0,0,0,,,,,,,,0,0,0,0,0,0,0,0,1,0,0,0,0,,,,,,,,0,0,0,0,0,0,0,0,0,0,0,0,0,,,,,,,,20260706
,,,23510660X,Kanken,FRV,0,371,0,0,0,0,0,0,0,0,0,0,0,0,0,,,,,,,,3,5,2,8,7,11,4,3,2,4,3,5,4,,,,,,,,0,0,0,0,0,0,0,0,0,0,0,0,0,,,,,,,,20260706
,,,23510664X,Kanken,FRV,0,341,0,0,0,0,0,0,0,0,0,0,0,0,0,,,,,,,,2,3,2,7,6,6,3,4,2,3,5,4,4,,,,,,,,0,0,0,0,0,0,0,0,0,0,0,0,0,,,,,,,,20260706
,,,23513907X,Kanken Rainbow Chest Strap,FRV,0,0,0,0,0,0,0,0,0,0,0,0,0,0,0,,,,,,,,1,3,1,5,2,2,1,2,2,1,3,3,2,,,,,,,,0,0,0,0,0,0,0,0,0,0,0,0,0,,,,,,,,20260706
,,,23523031X,Kanken Laptop 13,FRV,0,5,0,0,0,0,0,0,0,0,0,0,0,0,0,,,,,,,,1,1,1,4,3,3,1,2,2,3,2,2,2,,,,,,,,0,0,0,0,0,0,0,0,0,0,0,0,0,,,,,,,,20260706
,,,23523046X,Kanken Laptop 13,FRV,0,0,0,0,0,0,0,0,0,0,0,0,0,0,0,,,,,,,,1,2,1,2,3,0,1,2,2,2,0,2,2,,,,,,,,0,0,0,0,0,0,0,0,0,0,0,0,0,,,,,,,,20260706
,,,23523160X,Kanken Laptop 13,FRV,0,16,0,0,0,0,0,0,0,0,0,0,0,0,0,,,,,,,,1,2,2,3,3,3,1,2,2,2,2,2,2,,,,,,,,0,0,0,0,0,0,0,0,0,0,0,0,0,,,,,,,,20260706
,,,23523243X,Kanken Laptop 13,FRV,0,0,0,0,0,0,0,0,0,0,0,0,0,0,0,,,,,,,,1,0,1,0,0,0,0,0,0,0,0,0,0,,,,,,,,0,0,0,0,0,0,0,0,0,0,0,0,0,,,,,,,,20260706
,,,23523326X,Kanken Laptop 13,FRV,0,14,0,0,0,0,0,0,0,0,0,0,0,0,0,,,,,,,,1,2,1,2,1,2,0,2,0,2,2,2,2,,,,,,,,0,0,0,0,0,0,0,0,0,0,0,0,0,,,,,,,,20260706
,,,23523424X,Kanken Laptop 13,FRV,0,0,0,0,0,0,0,0,0,0,0,0,0,0,0,,,,,,,,1,2,1,4,3,3,1,2,1,2,1,2,2,,,,,,,,0,0,0,0,0,0,0,0,0,0,0,0,0,,,,,,,,20260706
,,,23523501X,Kanken Laptop 13,FRV,0,17,0,0,0,0,0,0,0,0,0,0,0,0,0,,,,,,,,2,2,1,3,2,3,1,2,2,3,2,2,2,,,,,,,,0,0,0,0,0,0,0,0,0,0,0,0,0,,,,,,,,20260706
,,,23523550X,Kanken Laptop 13,FRV,0,20,0,0,0,0,0,0,0,0,0,0,0,0,0,,,,,,,,2,2,2,4,3,7,1,3,1,3,2,3,2,,,,,,,,0,0,0,0,0,0,0,0,0,0,0,0,0,,,,,,,,20260706
,,,23523560X,Kanken Laptop 13,FRV,50,47,0,0,0,0,0,0,0,0,0,0,0,0,0,,,,,,,,3,2,2,7,5,7,1,4,2,3,3,3,4,,,,,,,,0,0,0,0,0,0,0,0,0,0,0,0,0,,,,,,,,20260706
,,,23523664X,Kanken Laptop 13,FRV,0,12,0,0,0,0,0,0,0,0,0,0,0,0,0,,,,,,,,1,2,1,3,1,3,0,2,1,2,3,1,2,,,,,,,,0,0,0,0,0,0,0,0,0,0,0,0,0,,,,,,,,20260706
,,,23524031X,Kanken Laptop 15,FRV,148,208,0,0,0,0,0,0,0,0,0,0,0,0,0,,,,,,,,1,3,2,7,5,8,1,3,3,3,3,3,2,,,,,,,,0,0,0,0,0,0,0,0,0,0,0,0,0,,,,,,,,20260706
,,,23524046X,Kanken Laptop 15,FRV,0,121,0,0,0,0,0,0,0,0,0,0,0,0,0,,,,,,,,2,3,2,3,8,4,1,2,1,3,3,4,2,,,,,,,,0,0,0,0,0,0,0,0,0,0,0,0,0,,,,,,,,20260706
,,,23524160X,Kanken Laptop 15,FRV,0,0,0,0,0,0,0,0,0,0,0,0,0,0,0,,,,,,,,0,1,2,0,0,0,0,0,1,1,0,0,0,,,,,,,,0,0,0,0,0,0,0,0,0,0,0,0,0,,,,,,,,20260706
,,,23524326X,Kanken Laptop 15,FRV,0,45,0,0,0,0,0,0,0,0,0,0,0,0,0,,,,,,,,1,2,2,3,5,3,1,2,2,2,3,3,2,,,,,,,,0,0,0,0,0,0,0,0,0,0,0,0,0,,,,,,,,20260706
,,,23524424X,Kanken Laptop 15,FRV,0,103,0,0,0,0,0,0,0,0,0,0,0,0,0,,,,,,,,2,3,3,5,4,3,1,2,2,2,2,3,2,,,,,,,,0,0,0,0,0,0,0,0,0,0,0,0,0,,,,,,,,20260706
,,,23524457X,Kanken Laptop 15,FRV,0,0,0,0,0,0,0,0,0,0,0,0,0,0,0,,,,,,,,2,2,2,3,2,3,1,2,2,2,2,2,2,,,,,,,,0,0,0,0,0,0,0,0,0,0,0,0,0,,,,,,,,20260706
,,,23524501X,Kanken Laptop 15,FRV,0,67,0,0,0,0,0,0,0,0,0,0,0,0,0,,,,,,,,3,2,2,3,7,4,1,2,1,3,2,3,2,,,,,,,,0,0,0,0,0,0,0,0,0,0,0,0,0,,,,,,,,20260706
,,,23524550X,Kanken Laptop 15,FRV,0,87,0,0,0,0,0,0,0,0,0,0,0,0,0,,,,,,,,4,2,2,4,2,4,1,3,2,5,2,2,3,,,,,,,,0,0,0,0,0,0,0,0,0,0,0,0,0,,,,,,,,20260706
,,,23524560X,Kanken Laptop 15,FRV,0,108,0,0,0,0,0,0,0,0,0,0,0,0,0,,,,,,,,2,2,2,2,5,4,0,2,1,2,2,2,2,,,,,,,,0,0,0,0,0,0,0,0,0,0,0,0,0,,,,,,,,20260706
,,,23524620X,Kanken Laptop 15,FRV,0,149,0,0,0,0,0,0,0,0,0,0,0,0,0,,,,,,,,0,3,2,4,1,3,1,2,2,2,3,3,2,,,,,,,,0,0,0,0,0,0,0,0,0,0,0,0,0,,,,,,,,20260706
,,,23524664X,Kanken Laptop 15,FRV,0,179,0,0,0,0,0,0,0,0,0,0,0,0,0,,,,,,,,4,3,2,4,5,4,1,2,3,2,6,3,2,,,,,,,,0,0,0,0,0,0,0,0,0,0,0,0,0,,,,,,,,20260706
,,,23525031X,Kanken Laptop 17,FRV,0,49,0,0,0,0,0,0,0,0,0,0,0,0,0,,,,,,,,2,2,2,4,3,3,1,2,2,2,3,2,2,,,,,,,,0,0,0,0,0,0,0,0,0,0,0,0,0,,,,,,,,20260706
,,,23525046X,Kanken Laptop 17,FRV,0,37,0,0,0,0,0,0,0,0,0,0,0,0,0,,,,,,,,2,2,2,2,3,2,1,2,2,2,3,2,2,,,,,,,,0,0,0,0,0,0,0,0,0,0,0,0,0,,,,,,,,20260706
,,,23525160X,Kanken Laptop 17,FRV,0,0,0,0,0,0,0,0,0,0,0,0,0,0,0,,,,,,,,2,1,0,1,1,4,0,3,1,2,3,3,0,,,,,,,,0,0,0,0,0,0,0,0,0,0,0,0,0,,,,,,,,20260706
,,,23525243X,Kanken Laptop 17,FRV,0,0,0,0,0,0,0,0,0,0,0,0,0,0,0,,,,,,,,1,0,0,0,0,0,1,0,0,1,0,0,0,,,,,,,,0,0,0,0,0,0,0,0,0,0,0,0,0,,,,,,,,20260706
,,,23525326X,Kanken Laptop 17,FRV,0,21,0,0,0,0,0,0,0,0,0,0,0,0,0,,,,,,,,3,2,2,3,3,2,1,2,2,2,2,2,2,,,,,,,,0,0,0,0,0,0,0,0,0,0,0,0,0,,,,,,,,20260706
,,,23525424X,Kanken Laptop 17,FRV,0,67,0,0,0,0,0,0,0,0,0,0,0,0,0,,,,,,,,1,2,3,4,3,3,1,3,3,3,2,3,2,,,,,,,,0,0,0,0,0,0,0,0,0,0,0,0,0,,,,,,,,20260706
,,,23525457X,Kanken Laptop 17,FRV,0,2,0,0,0,0,0,0,0,0,0,0,0,0,0,,,,,,,,1,1,1,2,3,1,1,2,1,2,2,2,2,,,,,,,,0,0,0,0,0,0,0,0,0,0,0,0,0,,,,,,,,20260706
,,,23525501X,Kanken Laptop 17,FRV,0,0,0,0,0,0,0,0,0,0,0,0,0,0,0,,,,,,,,1,2,1,3,3,3,1,1,2,2,1,2,2,,,,,,,,0,0,0,0,0,0,0,0,0,0,0,0,0,,,,,,,,20260706
,,,23525550X,Kanken Laptop 17,FRV,0,40,0,0,0,0,0,0,0,0,0,0,0,0,0,,,,,,,,3,4,2,5,3,3,1,1,5,2,3,3,2,,,,,,,,0,0,0,0,0,0,0,0,0,0,0,0,0,,,,,,,,20260706
,,,23525560X,Kanken Laptop 17,FRV,0,36,0,0,0,0,0,0,0,0,0,0,0,0,0,,,,,,,,1,2,2,6,5,4,1,3,2,3,3,3,2,,,,,,,,0,0,0,0,0,0,0,0,0,0,0,0,0,,,,,,,,20260706
,,,23525620X,Kanken Laptop 17,FRV,0,31,0,0,0,0,0,0,0,0,0,0,0,0,0,,,,,,,,0,2,2,3,2,4,1,2,2,2,2,2,2,,,,,,,,0,0,0,0,0,0,0,0,0,0,0,0,0,,,,,,,,20260706
,,,23525664X,Kanken Laptop 17,FRV,0,36,0,0,0,0,0,0,0,0,0,0,0,0,0,,,,,,,,1,2,1,2,2,3,1,2,3,3,2,2,2,,,,,,,,0,0,0,0,0,0,0,0,0,0,0,0,0,,,,,,,,20260706
,,,23533525X,Kajka 35 S/M,FRV,0,0,0,0,0,0,0,0,0,0,0,0,0,0,0,,,,,,,,0,0,0,2,1,0,1,0,0,0,0,0,0,,,,,,,,0,0,0,0,0,0,0,0,0,0,0,0,0,,,,,,,,20260706
,,,23533620X,Kajka 35 S/M,FRV,0,0,0,0,0,0,0,0,0,0,0,0,0,0,0,,,,,,,,0,0,0,1,0,0,0,0,0,0,0,0,0,,,,,,,,0,0,0,0,0,0,0,0,0,0,0,0,0,,,,,,,,20260706
,,,23534525X,Kajka 35 M/L,FRV,2,0,0,0,0,0,0,0,0,0,0,0,0,0,0,,,,,,,,0,0,0,2,1,0,1,0,0,0,0,0,0,,,,,,,,0,0,0,0,0,0,0,0,0,0,0,0,0,,,,,,,,20260706
,,,23543037X,Kajka Side Pocket,FRV,0,0,0,0,0,0,0,0,0,0,0,0,0,0,0,,,,,,,,0,1,0,0,2,0,2,0,0,0,0,0,0,,,,,,,,0,0,0,0,0,0,0,0,0,0,0,0,0,,,,,,,,20260706
,,,23543228X,Kajka Side Pocket,FRV,6,10,0,0,0,0,0,0,0,0,0,0,0,0,0,,,,,,,,0,2,0,2,1,2,2,0,0,0,0,0,0,,,,,,,,0,0,0,0,0,0,0,0,0,0,0,0,0,,,,,,,,20260706
,,,23543525X,Kajka Side Pocket,FRV,0,0,0,0,0,0,0,0,0,0,0,0,0,0,0,,,,,,,,0,0,0,2,1,0,2,0,0,0,0,0,0,,,,,,,,0,0,0,0,0,0,0,0,0,0,0,0,0,,,,,,,,20260706
,,,23543620X,Kajka Side Pocket,FRV,29,0,0,0,0,0,0,0,0,0,0,0,0,0,0,,,,,,,,0,2,0,2,2,2,1,0,0,0,0,0,0,,,,,,,,0,0,0,0,0,0,0,0,0,0,0,0,0,,,,,,,,20260706
,,,23561021-312X,Kanken Mini,FRV,0,80,0,0,0,0,0,0,0,0,0,0,0,0,0,,,,,,,,2,3,1,5,5,3,3,2,2,3,3,3,1,,,,,,,,0,0,0,0,0,0,0,0,0,0,0,0,0,,,,,,,,20260706
,,,23561021X,Kanken Mini,FRV,0,149,0,0,0,0,0,0,0,0,0,0,0,0,0,,,,,,,,3,3,2,7,4,4,2,4,2,2,3,2,3,,,,,,,,0,0,0,0,0,0,0,0,0,0,0,0,0,,,,,,,,20260706
,,,23561031X,Kanken Mini,FRV,0,46,0,0,0,0,0,0,0,0,0,0,0,0,0,,,,,,,,2,4,2,5,4,4,2,3,2,3,4,3,3,,,,,,,,0,0,0,0,0,0,0,0,0,0,0,0,0,,,,,,,,20260706
,,,23561046X,Kanken Mini,FRV,0,32,0,0,0,0,0,0,0,0,0,0,0,0,0,,,,,,,,2,2,1,3,3,3,1,2,2,2,3,3,3,,,,,,,,0,0,0,0,0,0,0,0,0,0,0,0,0,,,,,,,,20260706
,,,23561115X,Kanken Mini,FRV,0,0,0,0,0,0,0,0,0,0,0,0,0,0,0,,,,,,,,0,1,0,3,0,0,1,0,0,0,0,0,0,,,,,,,,0,0,0,0,0,0,0,0,0,0,0,0,0,,,,,,,,20260706
,,,23561126X,Kanken Mini,FRV,0,32,0,0,0,0,0,0,0,0,0,0,0,0,0,,,,,,,,3,2,2,3,3,3,2,3,2,2,3,3,2,,,,,,,,0,0,0,0,0,0,0,0,0,0,0,0,0,,,,,,,,20260706
,,,23561141X,Kanken Mini,FRV,0,0,0,0,0,0,0,0,0,0,0,0,0,0,0,,,,,,,,0,0,0,0,0,0,8,0,0,0,0,0,0,,,,,,,,0,0,0,0,0,0,0,0,0,0,0,0,0,,,,,,,,20260706
,,,23561160X,Kanken Mini,FRV,0,11,0,0,0,0,0,0,0,0,0,0,0,0,0,,,,,,,,2,2,2,5,3,3,0,2,2,1,2,3,4,,,,,,,,0,0,0,0,0,0,0,0,0,0,0,0,0,,,,,,,,20260706
,,,23561221X,Kanken Mini,FRV,0,41,0,0,0,0,0,0,0,0,0,0,0,0,0,,,,,,,,2,2,2,3,3,3,2,2,2,2,3,3,3,,,,,,,,0,0,0,0,0,0,0,0,0,0,0,0,0,,,,,,,,20260706
,,,23561228X,Kanken Mini,FRV,0,0,0,0,0,0,0,0,0,0,0,0,0,0,0,,,,,,,,0,1,0,0,0,1,2,1,0,0,2,2,0,,,,,,,,0,0,0,0,0,0,0,0,0,0,0,0,0,,,,,,,,20260706
,,,23561243X,Kanken Mini,FRV,0,0,0,0,0,0,0,0,0,0,0,0,0,0,0,,,,,,,,0,0,0,0,0,0,1,0,0,0,0,1,0,,,,,,,,0,0,0,0,0,0,0,0,0,0,0,0,0,,,,,,,,20260706
,,,23561302X,Kanken Mini,FRV,0,0,0,0,0,0,0,0,0,0,0,0,0,0,0,,,,,,,,0,0,0,1,0,0,2,0,0,0,0,0,0,,,,,,,,0,0,0,0,0,0,0,0,0,0,0,0,0,,,,,,,,20260706
,,,23561312X,Kanken Mini,FRV,0,78,0,0,0,0,0,0,0,0,0,0,0,0,0,,,,,,,,3,2,2,13,5,3,2,2,2,3,3,4,2,,,,,,,,0,0,0,0,0,0,0,0,0,0,0,0,0,,,,,,,,20260706
,,,23561326X,Kanken Mini,FRV,0,7,0,0,0,0,0,0,0,0,0,0,0,0,0,,,,,,,,2,3,3,4,3,2,1,2,2,2,3,3,3,,,,,,,,0,0,0,0,0,0,0,0,0,0,0,0,0,,,,,,,,20260706
,,,23561424X,Kanken Mini,FRV,0,72,0,0,0,0,0,0,0,0,0,0,0,0,0,,,,,,,,3,2,2,5,4,4,1,3,2,3,3,3,3,,,,,,,,0,0,0,0,0,0,0,0,0,0,0,0,0,,,,,,,,20260706
,,,23561450X,Kanken Mini,FRV,0,0,0,0,0,0,0,0,0,0,0,0,0,0,0,,,,,,,,0,0,0,1,0,0,0,0,0,0,0,0,0,,,,,,,,0,0,0,0,0,0,0,0,0,0,0,0,0,,,,,,,,20260706
,,,23561457-916X,Kanken Mini,FRV,0,0,0,0,0,0,0,0,0,0,0,0,0,0,0,,,,,,,,0,2,2,2,0,0,1,2,0,1,0,0,0,,,,,,,,0,0,0,0,0,0,0,0,0,0,0,0,0,,,,,,,,20260706
,,,23561457X,Kanken Mini,FRV,0,134,0,0,0,0,0,0,0,0,0,0,0,0,0,,,,,,,,2,4,3,5,4,4,2,4,5,2,2,3,3,,,,,,,,0,0,0,0,0,0,0,0,0,0,0,0,0,,,,,,,,20260706
,,,23561501-115X,Kanken Mini,FRV,0,22,0,0,0,0,0,0,0,0,0,0,0,0,0,,,,,,,,5,3,2,3,3,5,2,2,1,2,3,3,4,,,,,,,,0,0,0,0,0,0,0,0,0,0,0,0,0,,,,,,,,20260706
,,,23561501X,Kanken Mini,FRV,0,36,0,0,0,0,0,0,0,0,0,0,0,0,0,,,,,,,,1,2,1,5,3,3,2,2,2,2,2,2,3,,,,,,,,0,0,0,0,0,0,0,0,0,0,0,0,0,,,,,,,,20260706
,,,23561539X,Kanken Mini,FRV,0,0,0,0,0,0,0,0,0,0,0,0,0,0,0,,,,,,,,0,0,0,0,0,0,10,0,0,0,0,0,0,,,,,,,,0,0,0,0,0,0,0,0,0,0,0,0,0,,,,,,,,20260706
,,,23561540X,Kanken Mini,FRV,0,4,0,0,0,0,0,0,0,0,0,0,0,0,0,,,,,,,,1,2,1,2,2,3,1,2,1,2,3,2,1,,,,,,,,0,0,0,0,0,0,0,0,0,0,0,0,0,,,,,,,,20260706
,,,23561550X,Kanken Mini,FRV,1,135,0,0,0,0,0,0,0,0,0,0,0,0,0,,,,,,,,4,3,3,10,5,7,2,5,2,6,2,4,3,,,,,,,,0,0,0,0,0,0,0,0,0,0,0,0,0,,,,,,,,20260706
,,,23561560X,Kanken Mini,FRV,0,24,0,0,0,0,0,0,0,0,0,0,0,0,0,,,,,,,,1,2,1,3,3,3,1,2,2,2,2,2,3,,,,,,,,0,0,0,0,0,0,0,0,0,0,0,0,0,,,,,,,,20260706
,,,23561600X,Kanken Mini,FRV,0,0,0,0,0,0,0,0,0,0,0,0,0,0,0,,,,,,,,1,1,1,2,1,3,1,1,2,2,1,2,1,,,,,,,,0,0,0,0,0,0,0,0,0,0,0,0,0,,,,,,,,20260706
,,,23561620X,Kanken Mini,FRV,0,20,0,0,0,0,0,0,0,0,0,0,0,0,0,,,,,,,,1,2,2,2,5,4,1,2,2,3,3,3,3,,,,,,,,0,0,0,0,0,0,0,0,0,0,0,0,0,,,,,,,,20260706
,,,23561660X,Kanken Mini,FRV,0,29,0,0,0,0,0,0,0,0,0,0,0,0,0,,,,,,,,1,3,2,3,4,4,1,2,2,2,3,3,3,,,,,,,,0,0,0,0,0,0,0,0,0,0,0,0,0,,,,,,,,20260706
,,,23561664X,Kanken Mini,FRV,0,78,0,0,0,0,0,0,0,0,0,0,0,0,0,,,,,,,,1,2,2,4,4,4,1,3,2,3,3,3,4,,,,,,,,0,0,0,0,0,0,0,0,0,0,0,0,0,,,,,,,,20260706
,,,23565118X,Kanken No.2,FRV,0,0,0,0,0,0,0,0,0,0,0,0,0,0,0,,,,,,,,0,0,0,3,0,2,1,0,2,1,2,2,2,,,,,,,,0,0,0,0,0,0,0,0,0,0,0,0,0,,,,,,,,20260706
,,,23565238X,Kanken No.2,FRV,0,6,0,0,0,0,0,0,0,0,0,0,0,0,0,,,,,,,,0,2,0,3,2,3,1,1,1,2,2,2,1,,,,,,,,0,0,0,0,0,0,0,0,0,0,0,0,0,,,,,,,,20260706
,,,23565550X,Kanken No.2,FRV,18,42,0,0,0,0,0,0,0,0,0,0,0,0,0,,,,,,,,4,2,2,10,4,5,2,6,2,3,3,3,2,,,,,,,,0,0,0,0,0,0,0,0,0,0,0,0,0,,,,,,,,20260706
,,,23565560X,Kanken No.2,FRV,0,7,0,0,0,0,0,0,0,0,0,0,0,0,0,,,,,,,,1,3,1,2,2,4,2,2,1,3,3,3,2,,,,,,,,0,0,0,0,0,0,0,0,0,0,0,0,0,,,,,,,,20260706
,,,23565577X,Kanken No.2,FRV,0,0,0,0,0,0,0,0,0,0,0,0,0,0,0,,,,,,,,0,2,1,4,2,3,1,2,2,1,2,3,0,,,,,,,,0,0,0,0,0,0,0,0,0,0,0,0,0,,,,,,,,20260706
,,,23565633X,Kanken No.2,FRV,0,6,0,0,0,0,0,0,0,0,0,0,0,0,0,,,,,,,,0,1,1,3,3,0,1,0,2,2,1,2,3,,,,,,,,0,0,0,0,0,0,0,0,0,0,0,0,0,,,,,,,,20260706
,,,23565679X,Kanken No.2,FRV,0,0,0,0,0,0,0,0,0,0,0,0,0,0,0,,,,,,,,0,0,0,1,0,1,0,0,0,0,0,0,0,,,,,,,,0,0,0,0,0,0,0,0,0,0,0,0,0,,,,,,,,20260706
,,,23567550X,Kanken No. 2 Black,FRV,0,0,0,0,0,0,0,0,0,0,0,0,0,0,0,,,,,,,,0,2,1,0,0,3,1,1,1,3,0,0,1,,,,,,,,0,0,0,0,0,0,0,0,0,0,0,0,0,,,,,,,,20260706
,,,23620302-907X,Kanken Rainbow,FRV,0,0,0,0,0,0,0,0,0,0,0,0,0,0,0,,,,,,,,0,0,0,0,0,0,0,1,1,0,1,0,0,,,,,,,,0,0,0,0,0,0,0,0,0,0,0,0,0,,,,,,,,20260706
,,,23620550-907X,Kanken Rainbow,FRV,0,0,0,0,0,0,0,0,0,0,0,0,0,0,0,,,,,,,,0,1,2,3,0,0,0,1,1,1,2,0,1,,,,,,,,0,0,0,0,0,0,0,0,0,0,0,0,0,,,,,,,,20260706
,,,23621302-907X,Kanken Rainbow Mini,FRV,0,0,0,0,0,0,0,0,0,0,0,0,0,0,0,,,,,,,,0,0,0,3,0,1,0,0,0,1,0,0,0,,,,,,,,0,0,0,0,0,0,0,0,0,0,0,0,0,,,,,,,,20260706
,,,23621550-907X,Kanken Rainbow Mini,FRV,0,0,0,0,0,0,0,0,0,0,0,0,0,0,0,,,,,,,,0,2,1,1,0,1,0,1,2,1,0,1,0,,,,,,,,0,0,0,0,0,0,0,0,0,0,0,0,0,,,,,,,,20260706
,,,23622907X,Kanken Rainbow Keyring,FRV,0,0,0,0,0,0,0,0,0,0,0,0,0,0,0,,,,,,,,0,7,0,7,0,3,0,1,0,0,0,1,0,,,,,,,,0,0,0,0,0,0,0,0,0,0,0,0,0,,,,,,,,20260706
,,,23623302-907X,Kanken Rainbow Sling,FRV,0,2,0,0,0,0,0,0,0,0,0,0,0,0,0,,,,,,,,0,2,1,3,3,2,0,2,3,2,3,2,2,,,,,,,,0,0,0,0,0,0,0,0,0,0,0,0,0,,,,,,,,20260706
,,,23623457-907X,Kanken Rainbow Sling,FRV,0,0,0,0,0,0,0,0,0,0,0,0,0,0,0,,,,,,,,0,0,1,2,0,0,1,0,1,0,0,0,0,,,,,,,,0,0,0,0,0,0,0,0,0,0,0,0,0,,,,,,,,20260706
,,,23623550-907X,Kanken Rainbow Sling,FRV,0,0,0,0,0,0,0,0,0,0,0,0,0,0,0,,,,,,,,0,2,1,3,2,2,1,2,1,1,2,2,0,,,,,,,,0,0,0,0,0,0,0,0,0,0,0,0,0,,,,,,,,20260706
,,,23710021X,Kanken Totepack,FRV,0,0,0,0,0,0,0,0,0,0,0,0,0,0,0,,,,,,,,0,2,0,2,0,1,0,0,0,1,2,2,0,,,,,,,,0,0,0,0,0,0,0,0,0,0,0,0,0,,,,,,,,20260706
,,,23710031X,Kanken Totepack,FRV,0,0,0,0,0,0,0,0,0,0,0,0,0,0,0,,,,,,,,0,2,1,3,1,2,0,3,1,1,0,2,0,,,,,,,,0,0,0,0,0,0,0,0,0,0,0,0,0,,,,,,,,20260706
,,,23710160X,Kanken Totepack,FRV,0,0,0,0,0,0,0,0,0,0,0,0,0,0,0,,,,,,,,0,1,0,3,2,0,0,3,0,1,2,1,0,,,,,,,,0,0,0,0,0,0,0,0,0,0,0,0,0,,,,,,,,20260706
,,,23710312X,Kanken Totepack,FRV,0,9,0,0,0,0,0,0,0,0,0,0,0,0,0,,,,,,,,0,2,1,2,3,3,0,2,1,3,2,2,0,,,,,,,,0,0,0,0,0,0,0,0,0,0,0,0,0,,,,,,,,20260706
,,,23710326X,Kanken Totepack,FRV,0,0,0,0,0,0,0,0,0,0,0,0,0,0,0,,,,,,,,0,2,1,2,3,1,0,2,0,2,1,1,0,,,,,,,,0,0,0,0,0,0,0,0,0,0,0,0,0,,,,,,,,20260706
,,,23710501X,Kanken Totepack,FRV,0,2,0,0,0,0,0,0,0,0,0,0,0,0,0,,,,,,,,1,2,1,1,2,2,0,2,1,2,3,2,0,,,,,,,,0,0,0,0,0,0,0,0,0,0,0,0,0,,,,,,,,20260706
,,,23710550X,Kanken Totepack,FRV,0,15,0,0,0,0,0,0,0,0,0,0,0,0,0,,,,,,,,0,2,1,2,3,2,0,4,1,3,2,2,0,,,,,,,,0,0,0,0,0,0,0,0,0,0,0,0,0,,,,,,,,20260706
,,,23710560X,Kanken Totepack,FRV,0,0,0,0,0,0,0,0,0,0,0,0,0,0,0,,,,,,,,0,0,0,0,0,0,0,1,0,0,0,0,0,,,,,,,,0,0,0,0,0,0,0,0,0,0,0,0,0,,,,,,,,20260706
,,,23710662X,Kanken Totepack,FRV,0,8,0,0,0,0,0,0,0,0,0,0,0,0,0,,,,,,,,0,2,1,2,2,2,0,2,1,2,2,2,0,,,,,,,,0,0,0,0,0,0,0,0,0,0,0,0,0,,,,,,,,20260706
,,,23710664X,Kanken Totepack,FRV,0,0,0,0,0,0,0,0,0,0,0,0,0,0,0,,,,,,,,0,0,0,2,0,0,0,2,0,2,4,2,0,,,,,,,,0,0,0,0,0,0,0,0,0,0,0,0,0,,,,,,,,20260706
,,,23711350X,Kanken Totepack Mini,FRV,0,0,0,0,0,0,0,0,0,0,0,0,0,0,0,,,,,,,,0,0,0,1,0,0,0,0,0,0,0,0,0,,,,,,,,0,0,0,0,0,0,0,0,0,0,0,0,0,,,,,,,,20260706
,,,23780160X,Kanken Card Wallet,FRV,0,0,0,0,0,0,0,0,0,0,0,0,0,0,0,,,,,,,,0,1,0,1,0,1,0,1,0,1,1,1,0,,,,,,,,0,0,0,0,0,0,0,0,0,0,0,0,0,,,,,,,,20260706
,,,23780326X,Kanken Card Wallet,FRV,0,0,0,0,0,0,0,0,0,0,0,0,0,0,0,,,,,,,,1,1,0,1,0,2,0,1,0,1,1,1,0,,,,,,,,0,0,0,0,0,0,0,0,0,0,0,0,0,,,,,,,,20260706
,,,23780350X,Kanken Card Wallet,FRV,0,0,0,0,0,0,0,0,0,0,0,0,0,0,0,,,,,,,,0,1,0,0,0,0,0,1,0,0,0,0,0,,,,,,,,0,0,0,0,0,0,0,0,0,0,0,0,0,,,,,,,,20260706
,,,23780550X,Kanken Card Wallet,FRV,0,0,0,0,0,0,0,0,0,0,0,0,0,0,0,,,,,,,,1,1,0,2,2,1,0,1,0,1,1,1,0,,,,,,,,0,0,0,0,0,0,0,0,0,0,0,0,0,,,,,,,,20260706
,,,23780560X,Kanken Card Wallet,FRV,0,0,0,0,0,0,0,0,0,0,0,0,0,0,0,,,,,,,,0,1,0,1,1,2,0,1,0,1,1,1,0,,,,,,,,0,0,0,0,0,0,0,0,0,0,0,0,0,,,,,,,,20260706
,,,23780664X,Kanken Card Wallet,FRV,0,0,0,0,0,0,0,0,0,0,0,0,0,0,0,,,,,,,,0,1,0,2,0,1,0,2,0,2,2,2,0,,,,,,,,0,0,0,0,0,0,0,0,0,0,0,0,0,,,,,,,,20260706
,,,23781160X,Kanken Travel Wallet,FRV,0,0,0,0,0,0,0,0,0,0,0,0,0,0,0,,,,,,,,0,0,0,0,0,0,0,1,0,0,1,2,0,,,,,,,,0,0,0,0,0,0,0,0,0,0,0,0,0,,,,,,,,20260706
,,,23781326X,Kanken Travel Wallet,FRV,0,0,0,0,0,0,0,0,0,0,0,0,0,0,0,,,,,,,,0,0,0,0,0,1,0,0,0,0,0,2,0,,,,,,,,0,0,0,0,0,0,0,0,0,0,0,0,0,,,,,,,,20260706
,,,23781519X,Kanken Travel Wallet,FRV,0,0,0,0,0,0,0,0,0,0,0,0,0,0,0,,,,,,,,0,0,0,0,0,0,0,0,0,0,0,1,0,,,,,,,,0,0,0,0,0,0,0,0,0,0,0,0,0,,,,,,,,20260706
,,,23781550X,Kanken Travel Wallet,FRV,0,0,0,0,0,0,0,0,0,0,0,0,0,0,0,,,,,,,,0,2,0,0,0,0,0,0,0,2,0,2,0,,,,,,,,0,0,0,0,0,0,0,0,0,0,0,0,0,,,,,,,,20260706
,,,23781560X,Kanken Travel Wallet,FRV,0,0,0,0,0,0,0,0,0,0,0,0,0,0,0,,,,,,,,0,1,0,0,0,1,0,1,0,1,0,2,0,,,,,,,,0,0,0,0,0,0,0,0,0,0,0,0,0,,,,,,,,20260706
,,,23783206X,Kanken Pen Case,FRV,0,0,0,0,0,0,0,0,0,0,0,0,0,0,0,,,,,,,,0,0,0,0,1,0,0,0,0,0,0,0,0,,,,,,,,0,0,0,0,0,0,0,0,0,0,0,0,0,,,,,,,,20260706
,,,23785135X,Kanken Keyring,FRV,0,0,0,0,0,0,0,0,0,0,0,0,0,0,0,,,,,,,,0,0,0,1,0,0,0,0,0,0,0,0,0,,,,,,,,0,0,0,0,0,0,0,0,0,0,0,0,0,,,,,,,,20260706
,,,23785141X,Kanken Keyring,FRV,0,0,0,0,0,0,0,0,0,0,0,0,0,0,0,,,,,,,,1,4,0,3,0,1,2,4,1,0,1,2,1,,,,,,,,0,0,0,0,0,0,0,0,0,0,0,0,0,,,,,,,,20260706
,,,23785199X,Kanken Keyring,FRV,0,0,0,0,0,0,0,0,0,0,0,0,0,0,0,,,,,,,,0,2,0,1,0,1,0,2,0,0,0,0,0,,,,,,,,0,0,0,0,0,0,0,0,0,0,0,0,0,,,,,,,,20260706
,,,23785242X,Kanken Keyring,FRV,0,0,0,0,0,0,0,0,0,0,0,0,0,0,0,,,,,,,,0,1,0,3,0,0,0,0,0,0,0,0,0,,,,,,,,0,0,0,0,0,0,0,0,0,0,0,0,0,,,,,,,,20260706
,,,23785299X,Kanken Keyring,FRV,0,0,0,0,0,0,0,0,0,0,0,0,0,0,0,,,,,,,,0,4,1,3,4,2,0,3,1,1,2,2,2,,,,,,,,0,0,0,0,0,0,0,0,0,0,0,0,0,,,,,,,,20260706
,,,23785312X,Kanken Keyring,FRV,0,0,0,0,0,0,0,0,0,0,0,0,0,0,0,,,,,,,,0,0,0,0,0,0,1,2,1,0,2,0,0,,,,,,,,0,0,0,0,0,0,0,0,0,0,0,0,0,,,,,,,,20260706
,,,23785326X,Kanken Keyring,FRV,0,0,0,0,0,0,0,0,0,0,0,0,0,0,0,,,,,,,,0,2,0,2,0,0,2,2,1,4,1,2,2,,,,,,,,0,0,0,0,0,0,0,0,0,0,0,0,0,,,,,,,,20260706
,,,23785334X,Kanken Keyring,FRV,0,0,0,0,0,0,0,0,0,0,0,0,0,0,0,,,,,,,,0,2,0,4,1,0,2,4,1,3,0,2,1,,,,,,,,0,0,0,0,0,0,0,0,0,0,0,0,0,,,,,,,,20260706
,,,23785350X,Kanken Keyring,FRV,0,0,0,0,0,0,0,0,0,0,0,0,0,0,0,,,,,,,,0,2,0,2,2,0,0,3,1,0,2,2,0,,,,,,,,0,0,0,0,0,0,0,0,0,0,0,0,0,,,,,,,,20260706
,,,23785424X,Kanken Keyring,FRV,0,0,0,0,0,0,0,0,0,0,0,0,0,0,0,,,,,,,,0,3,0,4,1,2,2,3,2,3,1,4,0,,,,,,,,0,0,0,0,0,0,0,0,0,0,0,0,0,,,,,,,,20260706
,,,23785457X,Kanken Keyring,FRV,0,0,0,0,0,0,0,0,0,0,0,0,0,0,0,,,,,,,,0,0,0,4,1,1,1,1,1,1,2,1,0,,,,,,,,0,0,0,0,0,0,0,0,0,0,0,0,0,,,,,,,,20260706
,,,23785501X,Kanken Keyring,FRV,0,0,0,0,0,0,0,0,0,0,0,0,0,0,0,,,,,,,,0,2,0,4,0,0,0,0,0,0,1,1,0,,,,,,,,0,0,0,0,0,0,0,0,0,0,0,0,0,,,,,,,,20260706
,,,23785508X,Kanken Keyring,FRV,0,0,0,0,0,0,0,0,0,0,0,0,0,0,0,,,,,,,,0,0,0,2,0,0,0,0,0,0,0,0,0,,,,,,,,0,0,0,0,0,0,0,0,0,0,0,0,0,,,,,,,,20260706
,,,23785537X,Kanken Keyring,FRV,0,0,0,0,0,0,0,0,0,0,0,0,0,0,0,,,,,,,,0,0,1,0,0,0,0,0,0,0,0,0,0,,,,,,,,0,0,0,0,0,0,0,0,0,0,0,0,0,,,,,,,,20260706
,,,23785550X,Kanken Keyring,FRV,0,0,0,0,0,0,0,0,0,0,0,0,0,0,0,,,,,,,,0,3,0,1,1,0,1,1,0,2,1,0,1,,,,,,,,0,0,0,0,0,0,0,0,0,0,0,0,0,,,,,,,,20260706
,,,23785560X,Kanken Keyring,FRV,0,0,0,0,0,0,0,0,0,0,0,0,0,0,0,,,,,,,,1,3,1,3,0,0,3,4,0,3,2,1,2,,,,,,,,0,0,0,0,0,0,0,0,0,0,0,0,0,,,,,,,,20260706
,,,23785571X,Kanken Keyring,FRV,0,0,0,0,0,0,0,0,0,0,0,0,0,0,0,,,,,,,,0,1,2,0,0,0,0,1,0,0,0,0,0,,,,,,,,0,0,0,0,0,0,0,0,0,0,0,0,0,,,,,,,,20260706
,,,23785620X,Kanken Keyring,FRV,0,7,0,0,0,0,0,0,0,0,0,0,0,0,0,,,,,,,,1,2,1,2,3,2,1,1,1,2,3,1,2,,,,,,,,0,0,0,0,0,0,0,0,0,0,0,0,0,,,,,,,,20260706
,,,23785663X,Kanken Keyring,FRV,0,0,0,0,0,0,0,0,0,0,0,0,0,0,0,,,,,,,,0,0,0,0,0,0,0,1,0,0,0,0,0,,,,,,,,0,0,0,0,0,0,0,0,0,0,0,0,0,,,,,,,,20260706
,,,23785664X,Kanken Keyring,FRV,0,0,0,0,0,0,0,0,0,0,0,0,0,0,0,,,,,,,,0,4,4,4,0,0,0,3,0,0,1,2,0,,,,,,,,0,0,0,0,0,0,0,0,0,0,0,0,0,,,,,,,,20260706
,,,23789550X,Kanken Photo Insert,FRV,0,0,0,0,0,0,0,0,0,0,0,0,0,0,0,,,,,,,,0,0,0,0,0,0,0,0,0,0,0,1,0,,,,,,,,0,0,0,0,0,0,0,0,0,0,0,0,0,,,,,,,,20260706
,,,23791312X,Kanken Rain Cover,FRV,0,0,0,0,0,0,0,0,0,0,0,0,0,0,0,,,,,,,,0,1,0,0,0,1,1,0,0,0,2,0,0,,,,,,,,0,0,0,0,0,0,0,0,0,0,0,0,0,,,,,,,,20260706
,,,23791525X,Kanken Rain Cover,FRV,0,0,0,0,0,0,0,0,0,0,0,0,0,0,0,,,,,,,,0,2,0,2,0,2,1,0,1,1,0,1,0,,,,,,,,0,0,0,0,0,0,0,0,0,0,0,0,0,,,,,,,,20260706
,,,23791550X,Kanken Rain Cover,FRV,0,0,0,0,0,0,0,0,0,0,0,0,0,0,0,,,,,,,,0,0,0,0,0,0,1,0,0,0,0,2,0,,,,,,,,0,0,0,0,0,0,0,0,0,0,0,0,0,,,,,,,,20260706
,,,23793021X,Kanken Bottle Pocket,FRV,0,0,0,0,0,0,0,0,0,0,0,0,0,0,0,,,,,,,,0,2,0,4,2,6,1,2,1,2,2,2,0,,,,,,,,0,0,0,0,0,0,0,0,0,0,0,0,0,,,,,,,,20260706
,,,23793160X,Kanken Bottle Pocket,FRV,0,0,0,0,0,0,0,0,0,0,0,0,0,0,0,,,,,,,,1,1,1,1,0,2,1,2,2,2,2,1,0,,,,,,,,0,0,0,0,0,0,0,0,0,0,0,0,0,,,,,,,,20260706
,,,23793312X,Kanken Bottle Pocket,FRV,0,0,0,0,0,0,0,0,0,0,0,0,0,0,0,,,,,,,,0,2,0,3,0,1,0,2,0,0,1,1,0,,,,,,,,0,0,0,0,0,0,0,0,0,0,0,0,0,,,,,,,,20260706
,,,23793326X,Kanken Bottle Pocket,FRV,0,0,0,0,0,0,0,0,0,0,0,0,0,0,0,,,,,,,,1,1,0,5,0,2,1,1,0,2,0,2,0,,,,,,,,0,0,0,0,0,0,0,0,0,0,0,0,0,,,,,,,,20260706
,,,23793501X,Kanken Bottle Pocket,FRV,0,2,0,0,0,0,0,0,0,0,0,0,0,0,0,,,,,,,,1,2,1,2,2,2,1,2,1,2,2,2,0,,,,,,,,0,0,0,0,0,0,0,0,0,0,0,0,0,,,,,,,,20260706
,,,23793550X,Kanken Bottle Pocket,FRV,0,0,0,0,0,0,0,0,0,0,0,0,0,0,0,,,,,,,,0,2,0,2,0,1,1,0,0,2,1,1,0,,,,,,,,0,0,0,0,0,0,0,0,0,0,0,0,0,,,,,,,,20260706
,,,23793560X,Kanken Bottle Pocket,FRV,0,0,0,0,0,0,0,0,0,0,0,0,0,0,0,,,,,,,,0,2,0,2,1,0,1,1,1,2,0,2,0,,,,,,,,0,0,0,0,0,0,0,0,0,0,0,0,0,,,,,,,,20260706
,,,23793664X,Kanken Bottle Pocket,FRV,0,0,0,0,0,0,0,0,0,0,0,0,0,0,0,,,,,,,,1,3,1,3,2,1,0,2,2,1,2,1,0,,,,,,,,0,0,0,0,0,0,0,0,0,0,0,0,0,,,,,,,,20260706
,,,23795319X,Kanken Rain Cover Mini,FRV,5,0,0,0,0,0,0,0,0,0,0,0,0,0,0,,,,,,,,0,0,0,0,0,0,0,0,0,0,1,0,0,,,,,,,,0,0,0,0,0,0,0,0,0,0,0,0,0,,,,,,,,20260706
,,,23795525X,Kanken Rain Cover Mini,FRV,4,0,0,0,0,0,0,0,0,0,0,0,0,0,0,,,,,,,,0,0,0,0,0,0,0,0,0,0,1,0,0,,,,,,,,0,0,0,0,0,0,0,0,0,0,0,0,0,,,,,,,,20260706
,,,23795550X,Kanken Rain Cover Mini,FRV,0,0,0,0,0,0,0,0,0,0,0,0,0,0,0,,,,,,,,0,2,0,1,1,2,1,1,0,1,0,2,0,,,,,,,,0,0,0,0,0,0,0,0,0,0,0,0,0,,,,,,,,20260706
,,,23796021X,Kanken Hip Pack,FRV,0,19,0,0,0,0,0,0,0,0,0,0,0,0,0,,,,,,,,1,2,1,4,3,3,0,2,1,2,3,3,0,,,,,,,,0,0,0,0,0,0,0,0,0,0,0,0,0,,,,,,,,20260706
,,,23796031X,Kanken Hip Pack,FRV,0,4,0,0,0,0,0,0,0,0,0,0,0,0,0,,,,,,,,1,2,1,2,2,2,1,2,1,2,1,2,0,,,,,,,,0,0,0,0,0,0,0,0,0,0,0,0,0,,,,,,,,20260706
,,,23796115X,Kanken Hip Pack,FRV,0,0,0,0,0,0,0,0,0,0,0,0,0,0,0,,,,,,,,0,2,1,1,4,0,1,3,0,2,2,1,0,,,,,,,,0,0,0,0,0,0,0,0,0,0,0,0,0,,,,,,,,20260706
,,,23796118X,Kanken Hip Pack,FRV,0,28,0,0,0,0,0,0,0,0,0,0,0,0,0,,,,,,,,1,2,2,2,2,2,1,2,1,2,1,2,0,,,,,,,,0,0,0,0,0,0,0,0,0,0,0,0,0,,,,,,,,20260706
,,,23796160X,Kanken Hip Pack,FRV,0,0,0,0,0,0,0,0,0,0,0,0,0,0,0,,,,,,,,0,2,1,2,2,0,0,2,0,1,1,0,0,,,,,,,,0,0,0,0,0,0,0,0,0,0,0,0,0,,,,,,,,20260706
,,,23796199X,Kanken Hip Pack,FRV,0,0,0,0,0,0,0,0,0,0,0,0,0,0,0,,,,,,,,0,0,0,2,0,0,0,0,0,0,1,0,0,,,,,,,,0,0,0,0,0,0,0,0,0,0,0,0,0,,,,,,,,20260706
,,,23796221X,Kanken Hip Pack,FRV,4,11,0,0,0,0,0,0,0,0,0,0,0,0,0,,,,,,,,1,2,1,2,3,3,0,2,1,2,2,2,0,,,,,,,,0,0,0,0,0,0,0,0,0,0,0,0,0,,,,,,,,20260706
,,,23796299X,Kanken Hip Pack,FRV,0,0,0,0,0,0,0,0,0,0,0,0,0,0,0,,,,,,,,0,2,0,1,1,0,1,1,0,3,2,0,0,,,,,,,,0,0,0,0,0,0,0,0,0,0,0,0,0,,,,,,,,20260706
,,,23796302X,Kanken Hip Pack,FRV,0,0,0,0,0,0,0,0,0,0,0,0,0,0,0,,,,,,,,0,2,0,1,0,0,1,2,1,0,1,1,0,,,,,,,,0,0,0,0,0,0,0,0,0,0,0,0,0,,,,,,,,20260706
,,,23796312X,Kanken Hip Pack,FRV,1,2,0,0,0,0,0,0,0,0,0,0,0,0,0,,,,,,,,2,2,1,1,2,2,0,2,1,2,2,2,0,,,,,,,,0,0,0,0,0,0,0,0,0,0,0,0,0,,,,,,,,20260706
,,,23796424X,Kanken Hip Pack,FRV,0,0,0,0,0,0,0,0,0,0,0,0,0,0,0,,,,,,,,0,1,0,1,2,1,1,1,0,1,2,2,0,,,,,,,,0,0,0,0,0,0,0,0,0,0,0,0,0,,,,,,,,20260706
,,,23796457X,Kanken Hip Pack,FRV,0,11,0,0,0,0,0,0,0,0,0,0,0,0,0,,,,,,,,1,2,1,2,2,2,0,2,1,2,2,2,0,,,,,,,,0,0,0,0,0,0,0,0,0,0,0,0,0,,,,,,,,20260706
,,,23796501X,Kanken Hip Pack,FRV,0,0,0,0,0,0,0,0,0,0,0,0,0,0,0,,,,,,,,0,2,0,2,1,0,0,1,1,1,0,0,0,,,,,,,,0,0,0,0,0,0,0,0,0,0,0,0,0,,,,,,,,20260706
,,,23796537X,Kanken Hip Pack,FRV,0,0,0,0,0,0,0,0,0,0,0,0,0,0,0,,,,,,,,0,0,0,0,0,0,0,0,1,0,0,0,0,,,,,,,,0,0,0,0,0,0,0,0,0,0,0,0,0,,,,,,,,20260706
,,,23796550X,Kanken Hip Pack,FRV,0,43,0,0,0,0,0,0,0,0,0,0,0,0,0,,,,,,,,1,2,1,1,3,2,0,2,3,2,2,2,0,,,,,,,,0,0,0,0,0,0,0,0,0,0,0,0,0,,,,,,,,20260706
,,,23796560X,Kanken Hip Pack,FRV,0,0,0,0,0,0,0,0,0,0,0,0,0,0,0,,,,,,,,0,2,1,2,2,4,0,2,1,2,2,2,0,,,,,,,,0,0,0,0,0,0,0,0,0,0,0,0,0,,,,,,,,20260706
,,,23796576X,Kanken Hip Pack,FRV,0,0,0,0,0,0,0,0,0,0,0,0,0,0,0,,,,,,,,0,2,0,1,0,0,0,2,1,1,0,2,0,,,,,,,,0,0,0,0,0,0,0,0,0,0,0,0,0,,,,,,,,20260706
,,,23796600X,Kanken Hip Pack,FRV,0,0,0,0,0,0,0,0,0,0,0,0,0,0,0,,,,,,,,0,1,1,0,2,0,0,1,2,2,2,2,0,,,,,,,,0,0,0,0,0,0,0,0,0,0,0,0,0,,,,,,,,20260706
,,,23796620X,Kanken Hip Pack,FRV,0,0,0,0,0,0,0,0,0,0,0,0,0,0,0,,,,,,,,0,1,1,1,2,0,0,2,1,2,2,1,0,,,,,,,,0,0,0,0,0,0,0,0,0,0,0,0,0,,,,,,,,20260706
,,,23796663X,Kanken Hip Pack,FRV,0,0,0,0,0,0,0,0,0,0,0,0,0,0,0,,,,,,,,0,0,0,0,0,0,0,0,2,0,0,0,0,,,,,,,,0,0,0,0,0,0,0,0,0,0,0,0,0,,,,,,,,20260706
,,,23796664X,Kanken Hip Pack,FRV,8,5,0,0,0,0,0,0,0,0,0,0,0,0,0,,,,,,,,1,2,1,2,2,3,0,2,1,2,2,2,0,,,,,,,,0,0,0,0,0,0,0,0,0,0,0,0,0,,,,,,,,20260706
,,,23797021X,Kanken Sling,FRV,0,65,0,0,0,0,0,0,0,0,0,0,0,0,0,,,,,,,,3,2,2,4,3,4,1,3,1,2,3,3,1,,,,,,,,0,0,0,0,0,0,0,0,0,0,0,0,0,,,,,,,,20260706
,,,23797031X,Kanken Sling,FRV,10,66,0,0,0,0,0,0,0,0,0,0,0,0,0,,,,,,,,1,1,1,2,3,1,1,2,4,2,2,3,2,,,,,,,,0,0,0,0,0,0,0,0,0,0,0,0,0,,,,,,,,20260706
,,,23797115X,Kanken Sling,FRV,2,1,0,0,0,0,0,0,0,0,0,0,0,0,0,,,,,,,,3,3,2,8,3,1,1,5,2,3,2,2,1,,,,,,,,0,0,0,0,0,0,0,0,0,0,0,0,0,,,,,,,,20260706
,,,23797118X,Kanken Sling,FRV,0,25,0,0,0,0,0,0,0,0,0,0,0,0,0,,,,,,,,1,3,1,3,5,2,1,2,0,2,3,3,1,,,,,,,,0,0,0,0,0,0,0,0,0,0,0,0,0,,,,,,,,20260706
,,,23797160X,Kanken Sling,FRV,0,0,0,0,0,0,0,0,0,0,0,0,0,0,0,,,,,,,,0,3,1,3,3,3,1,3,1,2,2,3,0,,,,,,,,0,0,0,0,0,0,0,0,0,0,0,0,0,,,,,,,,20260706
,,,23797199X,Kanken Sling,FRV,0,0,0,0,0,0,0,0,0,0,0,0,0,0,0,,,,,,,,0,0,0,2,0,0,0,0,0,0,0,0,0,,,,,,,,0,0,0,0,0,0,0,0,0,0,0,0,0,,,,,,,,20260706
,,,23797221X,Kanken Sling,FRV,17,74,0,0,0,0,0,0,0,0,0,0,0,0,0,,,,,,,,2,3,2,4,4,4,1,3,2,2,4,4,3,,,,,,,,0,0,0,0,0,0,0,0,0,0,0,0,0,,,,,,,,20260706
,,,23797241X,Kanken Sling,FRV,0,0,0,0,0,0,0,0,0,0,0,0,0,0,0,,,,,,,,0,0,1,0,0,0,0,0,0,0,0,0,0,,,,,,,,0,0,0,0,0,0,0,0,0,0,0,0,0,,,,,,,,20260706
,,,23797299X,Kanken Sling,FRV,0,26,0,0,0,0,0,0,0,0,0,0,0,0,0,,,,,,,,2,2,1,5,5,8,1,2,2,2,2,3,2,,,,,,,,0,0,0,0,0,0,0,0,0,0,0,0,0,,,,,,,,20260706
,,,23797302X,Kanken Sling,FRV,0,0,0,0,0,0,0,0,0,0,0,0,0,0,0,,,,,,,,0,3,1,5,1,0,2,3,0,0,2,3,0,,,,,,,,0,0,0,0,0,0,0,0,0,0,0,0,0,,,,,,,,20260706
,,,23797312X,Kanken Sling,FRV,0,33,0,0,0,0,0,0,0,0,0,0,0,0,0,,,,,,,,0,2,1,2,2,3,0,2,1,2,2,2,0,,,,,,,,0,0,0,0,0,0,0,0,0,0,0,0,0,,,,,,,,20260706
,,,23797326X,Kanken Sling,FRV,0,0,0,0,0,0,0,0,0,0,0,0,0,0,0,,,,,,,,0,0,0,0,0,0,0,0,1,0,0,0,0,,,,,,,,0,0,0,0,0,0,0,0,0,0,0,0,0,,,,,,,,20260706
,,,23797424X,Kanken Sling,FRV,0,33,0,0,0,0,0,0,0,0,0,0,0,0,0,,,,,,,,1,2,1,3,1,2,1,2,0,2,2,2,1,,,,,,,,0,0,0,0,0,0,0,0,0,0,0,0,0,,,,,,,,20260706
,,,23797457X,Kanken Sling,FRV,0,34,0,0,0,0,0,0,0,0,0,0,0,0,0,,,,,,,,1,2,1,4,2,2,1,2,2,1,1,1,0,,,,,,,,0,0,0,0,0,0,0,0,0,0,0,0,0,,,,,,,,20260706
,,,23797501X,Kanken Sling,FRV,0,23,0,0,0,0,0,0,0,0,0,0,0,0,0,,,,,,,,1,2,1,3,2,2,0,2,3,2,1,2,2,,,,,,,,0,0,0,0,0,0,0,0,0,0,0,0,0,,,,,,,,20260706
,,,23797550X,Kanken Sling,FRV,0,125,0,0,0,0,0,0,0,0,0,0,0,0,0,,,,,,,,2,3,2,4,6,4,1,4,2,2,2,3,2,,,,,,,,0,0,0,0,0,0,0,0,0,0,0,0,0,,,,,,,,20260706
,,,23797560X,Kanken Sling,FRV,0,23,0,0,0,0,0,0,0,0,0,0,0,0,0,,,,,,,,1,2,2,3,4,3,0,2,2,2,1,2,3,,,,,,,,0,0,0,0,0,0,0,0,0,0,0,0,0,,,,,,,,20260706
,,,23797576X,Kanken Sling,FRV,0,0,0,0,0,0,0,0,0,0,0,0,0,0,0,,,,,,,,1,2,0,1,1,2,1,2,1,2,1,2,0,,,,,,,,0,0,0,0,0,0,0,0,0,0,0,0,0,,,,,,,,20260706
,,,23797600X,Kanken Sling,FRV,0,0,0,0,0,0,0,0,0,0,0,0,0,0,0,,,,,,,,1,2,2,4,2,1,1,2,2,2,1,2,0,,,,,,,,0,0,0,0,0,0,0,0,0,0,0,0,0,,,,,,,,20260706
,,,23797620X,Kanken Sling,FRV,0,12,0,0,0,0,0,0,0,0,0,0,0,0,0,,,,,,,,1,2,1,3,3,3,1,2,2,2,2,2,2,,,,,,,,0,0,0,0,0,0,0,0,0,0,0,0,0,,,,,,,,20260706
,,,23797663X,Kanken Sling,FRV,0,0,0,0,0,0,0,0,0,0,0,0,0,0,0,,,,,,,,0,0,1,2,0,0,0,0,2,0,0,0,0,,,,,,,,0,0,0,0,0,0,0,0,0,0,0,0,0,,,,,,,,20260706
,,,23797664-319X,Kanken Sling,FRV,0,22,0,0,0,0,0,0,0,0,0,0,0,0,0,,,,,,,,1,3,1,2,2,2,0,1,3,2,0,2,1,,,,,,,,0,0,0,0,0,0,0,0,0,0,0,0,0,,,,,,,,20260706
,,,23797664X,Kanken Sling,FRV,3,68,0,0,0,0,0,0,0,0,0,0,0,0,0,,,,,,,,2,2,2,5,2,3,1,4,4,2,2,2,2,,,,,,,,0,0,0,0,0,0,0,0,0,0,0,0,0,,,,,,,,20260706
,,,23798030X,Kanken Seat Pad Mini,FRV,0,0,0,0,0,0,0,0,0,0,0,0,0,0,0,,,,,,,,0,1,0,0,0,1,0,0,0,0,1,1,0,,,,,,,,0,0,0,0,0,0,0,0,0,0,0,0,0,,,,,,,,20260706
,,,23799550X,Kanken No. 2 Black Sling,FRV,0,0,0,0,0,0,0,0,0,0,0,0,0,0,0,,,,,,,,1,1,2,4,3,3,1,1,0,1,2,1,0,,,,,,,,0,0,0,0,0,0,0,0,0,0,0,0,0,,,,,,,,20260706
,,,23800550X,Kanken No. 2 Black Hip Pack,FRV,0,0,0,0,0,0,0,0,0,0,0,0,0,0,0,,,,,,,,0,2,2,0,2,0,1,3,0,2,2,3,0,,,,,,,,0,0,0,0,0,0,0,0,0,0,0,0,0,,,,,,,,20260706
,,,23802160X,Kanken Weekender,FRV,0,0,0,0,0,0,0,0,0,0,0,0,0,0,0,,,,,,,,0,0,1,0,0,0,1,1,0,0,0,0,0,,,,,,,,0,0,0,0,0,0,0,0,0,0,0,0,0,,,,,,,,20260706
,,,23802221X,Kanken Weekender,FRV,0,0,0,0,0,0,0,0,0,0,0,0,0,0,0,,,,,,,,0,0,1,0,0,0,0,0,0,0,0,0,0,,,,,,,,0,0,0,0,0,0,0,0,0,0,0,0,0,,,,,,,,20260706
,,,23802326X,Kanken Weekender,FRV,0,0,0,0,0,0,0,0,0,0,0,0,0,0,0,,,,,,,,0,0,0,0,0,0,0,0,0,2,0,0,0,,,,,,,,0,0,0,0,0,0,0,0,0,0,0,0,0,,,,,,,,20260706
,,,23802424X,Kanken Weekender,FRV,0,0,0,0,0,0,0,0,0,0,0,0,0,0,0,,,,,,,,1,2,1,3,0,2,1,2,1,2,2,2,1,,,,,,,,0,0,0,0,0,0,0,0,0,0,0,0,0,,,,,,,,20260706
,,,23802457X,Kanken Weekender,FRV,0,1,0,0,0,0,0,0,0,0,0,0,0,0,0,,,,,,,,1,2,1,2,2,2,1,2,1,2,2,2,2,,,,,,,,0,0,0,0,0,0,0,0,0,0,0,0,0,,,,,,,,20260706
,,,23802550X,Kanken Weekender,FRV,0,177,0,0,0,0,0,0,0,0,0,0,0,0,0,,,,,,,,3,2,2,10,3,3,1,2,2,3,2,2,0,,,,,,,,0,0,0,0,0,0,0,0,0,0,0,0,0,,,,,,,,20260706
,,,23802620X,Kanken Weekender,FRV,0,0,0,0,0,0,0,0,0,0,0,0,0,0,0,,,,,,,,1,0,1,2,0,1,1,2,0,1,1,1,2,,,,,,,,0,0,0,0,0,0,0,0,0,0,0,0,0,,,,,,,,20260706
,,,23802664X,Kanken Weekender,FRV,0,17,0,0,0,0,0,0,0,0,0,0,0,0,0,,,,,,,,1,2,1,2,3,2,1,4,2,2,2,1,2,,,,,,,,0,0,0,0,0,0,0,0,0,0,0,0,0,,,,,,,,20260706
,,,23803118X,Kanken no. 2 Laptop 15,FRV,0,0,0,0,0,0,0,0,0,0,0,0,0,0,0,,,,,,,,0,2,0,2,0,2,0,0,0,2,0,0,1,,,,,,,,0,0,0,0,0,0,0,0,0,0,0,0,0,,,,,,,,20260706
,,,23803238X,Kanken no. 2 Laptop 15,FRV,0,18,0,0,0,0,0,0,0,0,0,0,0,0,0,,,,,,,,0,2,2,3,3,2,1,2,2,2,1,2,2,,,,,,,,0,0,0,0,0,0,0,0,0,0,0,0,0,,,,,,,,20260706
,,,23803550X,Kanken no. 2 Laptop 15,FRV,0,0,0,0,0,0,0,0,0,0,0,0,0,0,0,,,,,,,,1,0,0,1,0,0,2,0,1,0,0,1,0,,,,,,,,0,0,0,0,0,0,0,0,0,0,0,0,0,,,,,,,,20260706
,,,23803560X,Kanken no. 2 Laptop 15,FRV,0,17,0,0,0,0,0,0,0,0,0,0,0,0,0,,,,,,,,2,4,3,9,4,3,2,3,3,2,2,2,2,,,,,,,,0,0,0,0,0,0,0,0,0,0,0,0,0,,,,,,,,20260706
,,,23803577X,Kanken no. 2 Laptop 15,FRV,0,0,0,0,0,0,0,0,0,0,0,0,0,0,0,,,,,,,,0,1,1,3,2,3,2,2,1,1,0,2,0,,,,,,,,0,0,0,0,0,0,0,0,0,0,0,0,0,,,,,,,,20260706
,,,23803633X,Kanken no. 2 Laptop 15,FRV,0,17,0,0,0,0,0,0,0,0,0,0,0,0,0,,,,,,,,1,2,2,3,1,3,1,2,1,2,1,2,2,,,,,,,,0,0,0,0,0,0,0,0,0,0,0,0,0,,,,,,,,20260706
,,,23803679X,Kanken no. 2 Laptop 15,FRV,0,0,0,0,0,0,0,0,0,0,0,0,0,0,0,,,,,,,,0,1,0,0,0,0,0,0,0,1,0,0,0,,,,,,,,0,0,0,0,0,0,0,0,0,0,0,0,0,,,,,,,,20260706
,,,23804550X,Kanken no. 2 Black Laptop 15,FRV,0,38,0,0,0,0,0,0,0,0,0,0,0,0,0,,,,,,,,1,2,2,5,4,4,1,4,2,3,3,3,2,,,,,,,,0,0,0,0,0,0,0,0,0,0,0,0,0,,,,,,,,20260706
,,,24200023620X,Kajka 55 S/M,FRV,1,0,0,0,0,0,0,0,0,0,0,0,0,0,0,,,,,,,,0,0,0,1,0,0,0,0,0,0,0,0,0,,,,,,,,0,0,0,0,0,0,0,0,0,0,0,0,0,,,,,,,,20260706
,,,24200024037X,Kajka 75 S/M,FRV,0,0,0,0,0,0,0,0,0,0,0,0,0,0,0,,,,,,,,0,0,0,1,0,0,0,1,0,0,0,0,0,,,,,,,,0,0,0,0,0,0,0,0,0,0,0,0,0,,,,,,,,20260706
,,,24213030X,Gear Bag,FRV,0,3,0,0,0,0,0,0,0,0,0,0,0,0,0,,,,,,,,1,2,1,2,3,1,1,0,1,1,1,2,0,,,,,,,,0,0,0,0,0,0,0,0,0,0,0,0,0,,,,,,,,20260706
,,,24213228X,Gear Bag,FRV,0,3,0,0,0,0,0,0,0,0,0,0,0,0,0,,,,,,,,1,2,1,2,3,2,1,2,1,1,2,2,0,,,,,,,,0,0,0,0,0,0,0,0,0,0,0,0,0,,,,,,,,20260706
,,,24213560X,Gear Bag,FRV,0,0,0,0,0,0,0,0,0,0,0,0,0,0,0,,,,,,,,0,0,1,1,0,0,1,1,1,2,0,1,0,,,,,,,,0,0,0,0,0,0,0,0,0,0,0,0,0,,,,,,,,20260706
,,,24213631X,Gear Bag,FRV,0,0,0,0,0,0,0,0,0,0,0,0,0,0,0,,,,,,,,0,0,1,0,0,0,0,0,0,0,0,0,0,,,,,,,,0,0,0,0,0,0,0,0,0,0,0,0,0,,,,,,,,20260706
,,,24213633X,Gear Bag,FRV,0,0,0,0,0,0,0,0,0,0,0,0,0,0,0,,,,,,,,0,1,1,2,1,0,1,0,1,2,2,2,0,,,,,,,,0,0,0,0,0,0,0,0,0,0,0,0,0,,,,,,,,20260706
,,,24214030X,Gear Bag Large,FRV,0,0,0,0,0,0,0,0,0,0,0,0,0,0,0,,,,,,,,0,2,0,1,2,1,0,0,0,0,0,0,0,,,,,,,,0,0,0,0,0,0,0,0,0,0,0,0,0,,,,,,,,20260706
,,,24214228X,Gear Bag Large,FRV,0,0,0,0,0,0,0,0,0,0,0,0,0,0,0,,,,,,,,1,2,1,1,3,2,0,2,1,2,2,2,0,,,,,,,,0,0,0,0,0,0,0,0,0,0,0,0,0,,,,,,,,20260706
,,,24214560X,Gear Bag Large,FRV,0,0,0,0,0,0,0,0,0,0,0,0,0,0,0,,,,,,,,0,2,0,1,2,2,0,1,0,1,1,3,0,,,,,,,,0,0,0,0,0,0,0,0,0,0,0,0,0,,,,,,,,20260706
,,,24214633X,Gear Bag Large,FRV,0,0,0,0,0,0,0,0,0,0,0,0,0,0,0,,,,,,,,0,1,0,0,0,1,0,0,0,0,0,0,0,,,,,,,,0,0,0,0,0,0,0,0,0,0,0,0,0,,,,,,,,20260706
,,,24215030X,Gear Pocket,FRV,0,10,0,0,0,0,0,0,0,0,0,0,0,0,0,,,,,,,,1,3,1,3,4,2,1,2,1,2,2,1,0,,,,,,,,0,0,0,0,0,0,0,0,0,0,0,0,0,,,,,,,,20260706
,,,24215228X,Gear Pocket,FRV,1,0,0,0,0,0,0,0,0,0,0,0,0,0,0,,,,,,,,1,2,1,2,3,2,1,2,1,2,2,2,0,,,,,,,,0,0,0,0,0,0,0,0,0,0,0,0,0,,,,,,,,20260706
,,,24215560X,Gear Pocket,FRV,2,0,0,0,0,0,0,0,0,0,0,0,0,0,0,,,,,,,,1,2,1,2,2,2,1,2,1,2,1,2,0,,,,,,,,0,0,0,0,0,0,0,0,0,0,0,0,0,,,,,,,,20260706
,,,24215633X,Gear Pocket,FRV,2,0,0,0,0,0,0,0,0,0,0,0,0,0,0,,,,,,,,1,3,1,1,2,2,1,2,1,2,2,2,0,,,,,,,,0,0,0,0,0,0,0,0,0,0,0,0,0,,,,,,,,20260706
,,,24216030X,Zip Wallet,FRV,0,0,0,0,0,0,0,0,0,0,0,0,0,0,0,,,,,,,,0,0,1,0,0,0,0,0,0,0,0,0,0,,,,,,,,0,0,0,0,0,0,0,0,0,0,0,0,0,,,,,,,,20260706
,,,24216560X,Zip Wallet,FRV,0,0,0,0,0,0,0,0,0,0,0,0,0,0,0,,,,,,,,0,0,0,0,0,0,1,0,0,0,0,0,0,,,,,,,,0,0,0,0,0,0,0,0,0,0,0,0,0,,,,,,,,20260706
,,,24216633X,Zip Wallet,FRV,0,0,0,0,0,0,0,0,0,0,0,0,0,0,0,,,,,,,,0,1,2,1,0,0,0,1,0,1,0,0,0,,,,,,,,0,0,0,0,0,0,0,0,0,0,0,0,0,,,,,,,,20260706
,,,24218030X,Zip Card Holder,FRV,0,0,0,0,0,0,0,0,0,0,0,0,0,0,0,,,,,,,,0,1,0,1,0,0,0,0,0,2,0,1,0,,,,,,,,0,0,0,0,0,0,0,0,0,0,0,0,0,,,,,,,,20260706
,,,24218560X,Zip Card Holder,FRV,0,0,0,0,0,0,0,0,0,0,0,0,0,0,0,,,,,,,,1,0,0,2,0,0,0,0,0,1,0,1,0,,,,,,,,0,0,0,0,0,0,0,0,0,0,0,0,0,,,,,,,,20260706
,,,24218633X,Zip Card Holder,FRV,0,0,0,0,0,0,0,0,0,0,0,0,0,0,0,,,,,,,,1,0,0,1,0,0,0,0,0,3,0,1,0,,,,,,,,0,0,0,0,0,0,0,0,0,0,0,0,0,,,,,,,,20260706
,,,24218679X,Zip Card Holder,FRV,0,0,0,0,0,0,0,0,0,0,0,0,0,0,0,,,,,,,,0,1,0,0,0,0,0,0,0,0,0,0,0,,,,,,,,0,0,0,0,0,0,0,0,0,0,0,0,0,,,,,,,,20260706
,,,24220030X,Passport Wallet,FRV,0,0,0,0,0,0,0,0,0,0,0,0,0,0,0,,,,,,,,0,2,1,2,0,0,1,0,0,1,0,0,0,,,,,,,,0,0,0,0,0,0,0,0,0,0,0,0,0,,,,,,,,20260706
,,,24220560X,Passport Wallet,FRV,0,0,0,0,0,0,0,0,0,0,0,0,0,0,0,,,,,,,,0,2,1,1,0,0,0,0,0,2,0,0,0,,,,,,,,0,0,0,0,0,0,0,0,0,0,0,0,0,,,,,,,,20260706
,,,24220633X,Passport Wallet,FRV,0,0,0,0,0,0,0,0,0,0,0,0,0,0,0,,,,,,,,0,1,0,1,0,0,1,2,0,2,0,1,0,,,,,,,,0,0,0,0,0,0,0,0,0,0,0,0,0,,,,,,,,20260706
,,,24220679X,Passport Wallet,FRV,0,0,0,0,0,0,0,0,0,0,0,0,0,0,0,,,,,,,,0,0,1,0,0,0,0,0,0,1,0,0,0,,,,,,,,0,0,0,0,0,0,0,0,0,0,0,0,0,,,,,,,,20260706
,,,24221030X,Pocket,FRV,25,49,0,0,0,0,0,0,0,0,0,0,0,0,0,,,,,,,,2,2,2,6,1,2,1,2,0,2,2,2,2,,,,,,,,0,0,0,0,0,0,0,0,0,0,0,0,0,,,,,,,,20260706
,,,24221046X,Pocket,FRV,0,0,0,0,0,0,0,0,0,0,0,0,0,0,0,,,,,,,,1,1,1,1,2,1,0,5,1,2,2,1,0,,,,,,,,0,0,0,0,0,0,0,0,0,0,0,0,0,,,,,,,,20260706
,,,24221166X,Pocket,FRV,0,0,0,0,0,0,0,0,0,0,0,0,0,0,0,,,,,,,,0,0,1,1,0,0,0,0,0,0,0,0,0,,,,,,,,0,0,0,0,0,0,0,0,0,0,0,0,0,,,,,,,,20260706
,,,24221228X,Pocket,FRV,0,0,0,0,0,0,0,0,0,0,0,0,0,0,0,,,,,,,,0,0,2,2,0,1,0,1,0,2,2,2,0,,,,,,,,0,0,0,0,0,0,0,0,0,0,0,0,0,,,,,,,,20260706
,,,24221550X,Pocket,FRV,52,47,0,0,0,0,0,0,0,0,0,0,0,0,0,,,,,,,,3,4,2,3,3,3,2,3,3,2,3,3,3,,,,,,,,0,0,0,0,0,0,0,0,0,0,0,0,0,,,,,,,,20260706
,,,24221560X,Pocket,FRV,15,56,0,0,0,0,0,0,0,0,0,0,0,0,0,,,,,,,,2,3,2,4,5,7,1,3,2,2,3,4,3,,,,,,,,0,0,0,0,0,0,0,0,0,0,0,0,0,,,,,,,,20260706
,,,24221633X,Pocket,FRV,0,10,0,0,0,0,0,0,0,0,0,0,0,0,0,,,,,,,,2,3,2,4,4,4,0,3,2,3,3,2,3,,,,,,,,0,0,0,0,0,0,0,0,0,0,0,0,0,,,,,,,,20260706
,,,24221679X,Pocket,FRV,0,0,0,0,0,0,0,0,0,0,0,0,0,0,0,,,,,,,,1,2,1,2,3,1,1,2,1,1,3,2,0,,,,,,,,0,0,0,0,0,0,0,0,0,0,0,0,0,,,,,,,,20260706
,,,24244550X,Splitpack,FRV,0,0,0,0,0,0,0,0,0,0,0,0,0,0,0,,,,,,,,1,-1,1,2,2,1,1,1,0,1,0,1,0,,,,,,,,0,0,0,0,0,0,0,0,0,0,0,0,0,,,,,,,,20260706
,,,24244633X,Splitpack,FRV,0,0,0,0,0,0,0,0,0,0,0,0,0,0,0,,,,,,,,0,1,1,1,1,2,0,0,0,0,1,1,0,,,,,,,,0,0,0,0,0,0,0,0,0,0,0,0,0,,,,,,,,20260706
,,,24245550X,Splitpack Large,FRV,0,0,0,0,0,0,0,0,0,0,0,0,0,0,0,,,,,,,,0,1,1,2,1,1,1,1,0,1,0,0,0,,,,,,,,0,0,0,0,0,0,0,0,0,0,0,0,0,,,,,,,,20260706
,,,24245560X,Splitpack Large,FRV,0,0,0,0,0,0,0,0,0,0,0,0,0,0,0,,,,,,,,0,0,0,1,0,0,0,0,0,0,0,0,0,,,,,,,,0,0,0,0,0,0,0,0,0,0,0,0,0,,,,,,,,20260706
,,,24245633X,Splitpack Large,FRV,0,0,0,0,0,0,0,0,0,0,0,0,0,0,0,,,,,,,,3,2,1,2,1,2,1,2,1,1,2,2,0,,,,,,,,0,0,0,0,0,0,0,0,0,0,0,0,0,,,,,,,,20260706
,,,24401991X,Packbags,FRV,7,0,0,0,0,0,0,0,0,0,0,0,0,0,0,,,,,,,,0,0,0,0,0,0,0,0,0,0,0,0,0,,,,,,,,0,0,0,0,0,0,0,0,0,0,0,0,0,,,,,,,,20260706
,,,25514330X,Travel Pack,FRV,10,0,0,0,0,0,0,0,0,0,0,0,0,0,0,,,,,,,,1,0,0,0,0,0,0,0,0,0,0,0,0,,,,,,,,0,0,0,0,0,0,0,0,0,0,0,0,0,,,,,,,,20260706
,,,25857525X,Rain Cover 20-35 L,FRV,5,0,0,0,0,0,0,0,0,0,0,0,0,0,0,,,,,,,,1,1,0,2,2,2,1,1,0,2,1,2,0,,,,,,,,0,0,0,0,0,0,0,0,0,0,0,0,0,,,,,,,,20260706
,,,25858525X,Rain Cover 40-55 L,FRV,0,0,0,0,0,0,0,0,0,0,0,0,0,0,0,,,,,,,,0,1,0,2,2,2,3,0,0,0,0,0,0,,,,,,,,0,0,0,0,0,0,0,0,0,0,0,0,0,,,,,,,,20260706
,,,25861525X,Rain Cover 16-28 L,FRV,0,0,0,0,0,0,0,0,0,0,0,0,0,0,0,,,,,,,,0,0,0,1,0,0,0,0,0,0,0,0,0,,,,,,,,0,0,0,0,0,0,0,0,0,0,0,0,0,,,,,,,,20260706
,,,25862160X,Kanken Gear Bag,FRV,0,0,0,0,0,0,0,0,0,0,0,0,0,0,0,,,,,,,,0,1,0,1,1,1,0,2,0,1,0,1,0,,,,,,,,0,0,0,0,0,0,0,0,0,0,0,0,0,,,,,,,,20260706
,,,25862312X,Kanken Gear Bag,FRV,0,0,0,0,0,0,0,0,0,0,0,0,0,0,0,,,,,,,,0,2,0,2,1,0,0,2,1,2,2,2,0,,,,,,,,0,0,0,0,0,0,0,0,0,0,0,0,0,,,,,,,,20260706
,,,25862501X,Kanken Gear Bag,FRV,0,0,0,0,0,0,0,0,0,0,0,0,0,0,0,,,,,,,,0,0,1,2,2,1,0,2,1,2,2,2,2,,,,,,,,0,0,0,0,0,0,0,0,0,0,0,0,0,,,,,,,,20260706
,,,25862550X,Kanken Gear Bag,FRV,0,0,0,0,0,0,0,0,0,0,0,0,0,0,0,,,,,,,,0,1,0,0,1,2,0,0,0,1,0,1,0,,,,,,,,0,0,0,0,0,0,0,0,0,0,0,0,0,,,,,,,,20260706
,,,25862560X,Kanken Gear Bag,FRV,0,0,0,0,0,0,0,0,0,0,0,0,0,0,0,,,,,,,,0,1,0,1,1,2,0,1,1,1,0,0,0,,,,,,,,0,0,0,0,0,0,0,0,0,0,0,0,0,,,,,,,,20260706
,,,25862664X,Kanken Gear Bag,FRV,0,0,0,0,0,0,0,0,0,0,0,0,0,0,0,,,,,,,,1,1,1,2,2,1,0,1,1,0,2,1,2,,,,,,,,0,0,0,0,0,0,0,0,0,0,0,0,0,,,,,,,,20260706
,,,25863160X,Kanken Gear Pocket,FRV,0,0,0,0,0,0,0,0,0,0,0,0,0,0,0,,,,,,,,1,1,1,2,2,2,1,2,1,1,1,1,0,,,,,,,,0,0,0,0,0,0,0,0,0,0,0,0,0,,,,,,,,20260706
,,,25863312X,Kanken Gear Pocket,FRV,0,5,0,0,0,0,0,0,0,0,0,0,0,0,0,,,,,,,,1,2,1,2,2,2,0,2,2,2,2,2,2,,,,,,,,0,0,0,0,0,0,0,0,0,0,0,0,0,,,,,,,,20260706
,,,25863501X,Kanken Gear Pocket,FRV,0,0,0,0,0,0,0,0,0,0,0,0,0,0,0,,,,,,,,0,1,1,2,2,1,1,1,1,1,0,1,0,,,,,,,,0,0,0,0,0,0,0,0,0,0,0,0,0,,,,,,,,20260706
,,,25863550X,Kanken Gear Pocket,FRV,0,5,0,0,0,0,0,0,0,0,0,0,0,0,0,,,,,,,,1,0,1,1,2,2,0,1,2,1,2,1,2,,,,,,,,0,0,0,0,0,0,0,0,0,0,0,0,0,,,,,,,,20260706
,,,25863560X,Kanken Gear Pocket,FRV,0,0,0,0,0,0,0,0,0,0,0,0,0,0,0,,,,,,,,0,1,1,2,2,0,0,1,1,1,0,1,0,,,,,,,,0,0,0,0,0,0,0,0,0,0,0,0,0,,,,,,,,20260706
,,,25863664X,Kanken Gear Pocket,FRV,0,0,0,0,0,0,0,0,0,0,0,0,0,0,0,,,,,,,,1,1,1,2,2,2,1,1,1,1,2,2,2,,,,,,,,0,0,0,0,0,0,0,0,0,0,0,0,0,,,,,,,,20260706
,,,27084330X,Kaipak 28,FRV,0,0,0,0,0,0,0,0,0,0,0,0,0,0,0,,,,,,,,0,0,0,1,1,1,0,0,0,0,0,0,0,,,,,,,,0,0,0,0,0,0,0,0,0,0,0,0,0,,,,,,,,20260706
,,,27085616X,Kaipak 38,FRV,0,0,0,0,0,0,0,0,0,0,0,0,0,0,0,,,,,,,,0,0,0,1,0,0,0,0,0,0,0,0,0,,,,,,,,0,0,0,0,0,0,0,0,0,0,0,0,0,,,,,,,,20260706
,,,27087018X,Kaipak 38 W,FRV,0,0,0,0,0,0,0,0,0,0,0,0,0,0,0,,,,,,,,0,0,0,0,1,0,0,0,0,0,0,0,0,,,,,,,,0,0,0,0,0,0,0,0,0,0,0,0,0,,,,,,,,20260706
,,,27087330X,Kaipak 38 W,FRV,0,0,0,0,0,0,0,0,0,0,0,0,0,0,0,,,,,,,,0,0,0,0,1,0,0,0,0,0,0,0,0,,,,,,,,0,0,0,0,0,0,0,0,0,0,0,0,0,,,,,,,,20260706
,,,27220633X,Lappland Friluft 45,FRV,0,0,0,0,0,0,0,0,0,0,0,0,0,0,0,,,,,,,,0,1,0,0,0,1,1,0,0,0,0,0,0,,,,,,,,0,0,0,0,0,0,0,0,0,0,0,0,0,,,,,,,,20260706
,,,27222550X,Abisko Hike Foldsack,FRV,0,0,0,0,0,0,0,0,0,0,0,0,0,0,0,,,,,,,,0,0,0,2,0,0,1,0,1,1,1,0,0,,,,,,,,0,0,0,0,0,0,0,0,0,0,0,0,0,,,,,,,,20260706
,,,27222560X,Abisko Hike Foldsack,FRV,0,0,0,0,0,0,0,0,0,0,0,0,0,0,0,,,,,,,,0,2,0,1,0,3,1,1,0,0,0,0,0,,,,,,,,0,0,0,0,0,0,0,0,0,0,0,0,0,,,,,,,,20260706
,,,27222614X,Abisko Hike Foldsack,FRV,0,0,0,0,0,0,0,0,0,0,0,0,0,0,0,,,,,,,,0,2,0,1,0,0,1,2,1,1,1,0,0,,,,,,,,0,0,0,0,0,0,0,0,0,0,0,0,0,,,,,,,,20260706
,,,27223560X,Abisko Hike 35 M/L,FRV,0,0,0,0,0,0,0,0,0,0,0,0,0,0,0,,,,,,,,0,0,0,0,0,1,0,0,0,0,0,0,0,,,,,,,,0,0,0,0,0,0,0,0,0,0,0,0,0,,,,,,,,20260706
,,,27224560X,Abisko Hike 35 S/M,FRV,0,0,0,0,0,0,0,0,0,0,0,0,0,0,0,,,,,,,,0,0,0,1,0,1,0,0,0,0,0,0,0,,,,,,,,0,0,0,0,0,0,0,0,0,0,0,0,0,,,,,,,,20260706
,,,27225550X,Abisko Trek 48 M/L,FRV,10,1,0,0,0,0,0,0,0,0,0,0,0,0,0,,,,,,,,0,0,0,1,1,0,0,0,0,0,0,0,0,,,,,,,,0,0,0,0,0,0,0,0,0,0,0,0,0,,,,,,,,20260706
,,,27226550X,Abisko Trek 48 S/M,FRV,7,1,0,0,0,0,0,0,0,0,0,0,0,0,0,,,,,,,,0,0,0,1,1,0,0,0,0,0,0,0,0,,,,,,,,0,0,0,0,0,0,0,0,0,0,0,0,0,,,,,,,,20260706
,,,27226614X,Abisko Trek 48 S/M,FRV,0,0,0,0,0,0,0,0,0,0,0,0,0,0,0,,,,,,,,0,0,0,1,0,0,0,0,0,0,0,0,0,,,,,,,,0,0,0,0,0,0,0,0,0,0,0,0,0,,,,,,,,20260706
,,,27229560X,Abisko Trek 65 M/L,FRV,8,1,0,0,0,0,0,0,0,0,0,0,0,0,0,,,,,,,,0,0,0,1,1,0,0,0,0,0,0,0,0,,,,,,,,0,0,0,0,0,0,0,0,0,0,0,0,0,,,,,,,,20260706
,,,27230633X,Lappland Hike 15,FRV,0,0,0,0,0,0,0,0,0,0,0,0,0,0,0,,,,,,,,0,2,0,2,1,2,0,0,0,2,0,0,0,,,,,,,,0,0,0,0,0,0,0,0,0,0,0,0,0,,,,,,,,20260706
,,,27231550X,Abisko Trek 65 S/M,FRV,13,1,0,0,0,0,0,0,0,0,0,0,0,0,0,,,,,,,,0,0,0,1,1,0,0,0,0,0,0,0,0,,,,,,,,0,0,0,0,0,0,0,0,0,0,0,0,0,,,,,,,,20260706
,,,27231560X,Abisko Trek 65 S/M,FRV,11,1,0,0,0,0,0,0,0,0,0,0,0,0,0,,,,,,,,0,0,0,1,1,0,0,0,0,0,0,0,0,,,,,,,,0,0,0,0,0,0,0,0,0,0,0,0,0,,,,,,,,20260706
,,,27240050X,Vardag Totepack,FRV,0,0,0,0,0,0,0,0,0,0,0,0,0,0,0,,,,,,,,0,0,0,0,0,0,0,0,2,0,0,0,0,,,,,,,,0,0,0,0,0,0,0,0,0,0,0,0,0,,,,,,,,20260706
,,,27240550X,Vardag Totepack,FRV,0,0,0,0,0,0,0,0,0,0,0,0,0,0,0,,,,,,,,1,2,1,0,2,2,1,2,2,0,3,2,0,,,,,,,,0,0,0,0,0,0,0,0,0,0,0,0,0,,,,,,,,20260706
,,,27240638X,Vardag Totepack,FRV,0,0,0,0,0,0,0,0,0,0,0,0,0,0,0,,,,,,,,0,0,0,0,0,0,1,1,0,1,0,0,0,,,,,,,,0,0,0,0,0,0,0,0,0,0,0,0,0,,,,,,,,20260706
,,,27247326X,Vardag Crossbody,FRV,0,0,0,0,0,0,0,0,0,0,0,0,0,0,0,,,,,,,,0,0,0,2,0,0,0,0,0,1,0,0,0,,,,,,,,0,0,0,0,0,0,0,0,0,0,0,0,0,,,,,,,,20260706
,,,27247614X,Vardag Crossbody,FRV,0,0,0,0,0,0,0,0,0,0,0,0,0,0,0,,,,,,,,0,0,0,1,0,0,0,0,0,1,0,0,0,,,,,,,,0,0,0,0,0,0,0,0,0,0,0,0,0,,,,,,,,20260706
,,,27247638X,Vardag Crossbody,FRV,0,0,0,0,0,0,0,0,0,0,0,0,0,0,0,,,,,,,,0,0,0,2,0,4,0,2,0,2,0,1,0,,,,,,,,0,0,0,0,0,0,0,0,0,0,0,0,0,,,,,,,,20260706
,,,27248050X,Vardag Pocket,FRV,0,0,0,0,0,0,0,0,0,0,0,0,0,0,0,,,,,,,,0,2,0,0,0,0,0,0,0,0,0,0,0,,,,,,,,0,0,0,0,0,0,0,0,0,0,0,0,0,,,,,,,,20260706
,,,27248326X,Vardag Pocket,FRV,0,0,0,0,0,0,0,0,0,0,0,0,0,0,0,,,,,,,,0,0,0,2,0,0,0,0,0,0,0,0,0,,,,,,,,0,0,0,0,0,0,0,0,0,0,0,0,0,,,,,,,,20260706
,,,27248550X,Vardag Pocket,FRV,0,0,0,0,0,0,0,0,0,0,0,0,0,0,0,,,,,,,,0,0,0,2,0,0,0,4,0,0,2,0,0,,,,,,,,0,0,0,0,0,0,0,0,0,0,0,0,0,,,,,,,,20260706
,,,27248614X,Vardag Pocket,FRV,0,0,0,0,0,0,0,0,0,0,0,0,0,0,0,,,,,,,,0,2,0,0,0,0,0,2,1,1,0,0,0,,,,,,,,0,0,0,0,0,0,0,0,0,0,0,0,0,,,,,,,,20260706
,,,27248638X,Vardag Pocket,FRV,0,0,0,0,0,0,0,0,0,0,0,0,0,0,0,,,,,,,,0,0,0,1,0,0,0,1,0,2,0,0,0,,,,,,,,0,0,0,0,0,0,0,0,0,0,0,0,0,,,,,,,,20260706
,,,27342638-555X,Keb 52,FRV,14,0,0,0,0,0,0,0,0,0,0,0,0,0,0,,,,,,,,1,1,0,2,1,1,1,0,0,0,0,0,0,,,,,,,,0,0,0,0,0,0,0,0,0,0,0,0,0,,,,,,,,20260706
,,,27344335-344X,Keb 52 W,FRV,0,0,0,0,0,0,0,0,0,0,0,0,0,0,0,,,,,,,,0,0,0,1,1,1,1,0,0,0,0,0,0,,,,,,,,0,0,0,0,0,0,0,0,0,0,0,0,0,,,,,,,,20260706
,,,33100089550X,Friluft 2 Footprint,FRV,17,0,0,0,0,0,0,0,0,0,0,0,0,0,0,,,,,,,,0,0,0,2,0,0,0,0,0,0,0,0,0,,,,,,,,0,0,0,0,0,0,0,0,0,0,0,0,0,,,,,,,,20260706
,,,44512X,Birch Frame Kajka 75,FRV,2,0,0,0,0,0,0,0,0,0,0,0,0,0,0,,,,,,,,0,0,0,0,0,0,0,0,0,0,0,0,0,,,,,,,,0,0,0,0,0,0,0,0,0,0,0,0,0,,,,,,,,20260706
,,,53102220X,Abisko Endurance 2,FRV,2,0,0,0,0,0,0,0,0,0,0,0,0,0,0,,,,,,,,0,1,0,1,0,0,0,0,0,0,0,0,0,,,,,,,,0,0,0,0,0,0,0,0,0,0,0,0,0,,,,,,,,20260706
,,,53102525X,Abisko Endurance 2,FRV,3,0,0,0,0,0,0,0,0,0,0,0,0,0,0,,,,,,,,0,0,0,2,0,0,0,0,0,0,0,0,0,,,,,,,,0,0,0,0,0,0,0,0,0,0,0,0,0,,,,,,,,20260706
,,,53102616X,Abisko Endurance 2,FRV,5,0,0,0,0,0,0,0,0,0,0,0,0,0,0,,,,,,,,0,0,0,2,0,0,0,0,0,0,0,0,0,,,,,,,,0,0,0,0,0,0,0,0,0,0,0,0,0,,,,,,,,20260706
,,,53103220X,Abisko Endurance 3,FRV,4,0,0,0,0,0,0,0,0,0,0,0,0,0,0,,,,,,,,0,0,0,1,0,0,0,0,0,0,0,0,0,,,,,,,,0,0,0,0,0,0,0,0,0,0,0,0,0,,,,,,,,20260706
,,,53103525X,Abisko Endurance 3,FRV,5,0,0,0,0,0,0,0,0,0,0,0,0,0,0,,,,,,,,0,1,0,1,0,0,0,0,0,0,0,0,0,,,,,,,,0,0,0,0,0,0,0,0,0,0,0,0,0,,,,,,,,20260706
,,,53103616X,Abisko Endurance 3,FRV,8,0,0,0,0,0,0,0,0,0,0,0,0,0,0,,,,,,,,0,0,0,1,0,0,0,0,0,0,0,0,0,,,,,,,,0,0,0,0,0,0,0,0,0,0,0,0,0,,,,,,,,20260706
,,,53104220X,Abisko Endurance 4,FRV,1,0,0,0,0,0,0,0,0,0,0,0,0,0,0,,,,,,,,0,0,0,1,0,0,0,0,0,0,0,0,0,,,,,,,,0,0,0,0,0,0,0,0,0,0,0,0,0,,,,,,,,20260706
,,,53104525X,Abisko Endurance 4,FRV,3,0,0,0,0,0,0,0,0,0,0,0,0,0,0,,,,,,,,0,0,0,2,0,0,0,0,0,0,0,0,0,,,,,,,,0,0,0,0,0,0,0,0,0,0,0,0,0,,,,,,,,20260706
,,,53104616X,Abisko Endurance 4,FRV,5,0,0,0,0,0,0,0,0,0,0,0,0,0,0,,,,,,,,0,0,0,1,0,0,0,0,0,0,0,0,0,,,,,,,,0,0,0,0,0,0,0,0,0,0,0,0,0,,,,,,,,20260706
,,,53202220X,Abisko Shape 2,FRV,1,0,0,0,0,0,0,0,0,0,0,0,0,0,0,,,,,,,,0,0,0,1,0,0,0,0,0,0,0,0,0,,,,,,,,0,0,0,0,0,0,0,0,0,0,0,0,0,,,,,,,,20260706
,,,53202525X,Abisko Shape 2,FRV,2,0,0,0,0,0,0,0,0,0,0,0,0,0,0,,,,,,,,0,0,0,1,0,0,0,0,0,0,0,0,0,,,,,,,,0,0,0,0,0,0,0,0,0,0,0,0,0,,,,,,,,20260706
,,,53202616X,Abisko Shape 2,FRV,2,0,0,0,0,0,0,0,0,0,0,0,0,0,0,,,,,,,,0,0,0,1,0,0,0,0,0,0,0,0,0,,,,,,,,0,0,0,0,0,0,0,0,0,0,0,0,0,,,,,,,,20260706
,,,53301220X,Abisko Lite 1,FRV,1,0,0,0,0,0,0,0,0,0,0,0,0,0,0,,,,,,,,0,1,0,1,1,1,0,0,0,0,0,0,0,,,,,,,,0,0,0,0,0,0,0,0,0,0,0,0,0,,,,,,,,20260706
,,,53301525X,Abisko Lite 1,FRV,2,0,0,0,0,0,0,0,0,0,0,0,0,0,0,,,,,,,,0,1,0,1,1,1,0,0,0,0,0,0,0,,,,,,,,0,0,0,0,0,0,0,0,0,0,0,0,0,,,,,,,,20260706
,,,53301616X,Abisko Lite 1,FRV,2,0,0,0,0,0,0,0,0,0,0,0,0,0,0,,,,,,,,0,0,0,1,1,0,1,0,0,1,0,0,0,,,,,,,,0,0,0,0,0,0,0,0,0,0,0,0,0,,,,,,,,20260706
,,,53302220X,Abisko Lite 2,FRV,1,0,0,0,0,0,0,0,0,0,0,0,0,0,0,,,,,,,,0,0,0,1,1,0,0,0,0,0,0,0,0,,,,,,,,0,0,0,0,0,0,0,0,0,0,0,0,0,,,,,,,,20260706
,,,53302525X,Abisko Lite 2,FRV,2,0,0,0,0,0,0,0,0,0,0,0,0,0,0,,,,,,,,0,0,0,1,1,0,0,0,0,0,0,0,0,,,,,,,,0,0,0,0,0,0,0,0,0,0,0,0,0,,,,,,,,20260706
,,,53303220X,Abisko Lite 3,FRV,0,0,0,0,0,0,0,0,0,0,0,0,0,0,0,,,,,,,,0,0,0,1,0,0,0,0,0,0,0,0,0,,,,,,,,0,0,0,0,0,0,0,0,0,0,0,0,0,,,,,,,,20260706
,,,53303525X,Abisko Lite 3,FRV,0,0,0,0,0,0,0,0,0,0,0,0,0,0,0,,,,,,,,0,0,0,1,0,0,0,0,0,0,0,0,0,,,,,,,,0,0,0,0,0,0,0,0,0,0,0,0,0,,,,,,,,20260706
,,,53402220X,Abisko View 2,FRV,0,0,0,0,0,0,0,0,0,0,0,0,0,0,0,,,,,,,,0,0,0,2,1,0,0,0,0,0,0,0,0,,,,,,,,0,0,0,0,0,0,0,0,0,0,0,0,0,,,,,,,,20260706
,,,53402525X,Abisko View 2,FRV,3,0,0,0,0,0,0,0,0,0,0,0,0,0,0,,,,,,,,0,0,0,2,0,0,0,0,0,0,0,0,0,,,,,,,,0,0,0,0,0,0,0,0,0,0,0,0,0,,,,,,,,20260706
,,,53402616X,Abisko View 2,FRV,0,0,0,0,0,0,0,0,0,0,0,0,0,0,0,,,,,,,,0,0,0,1,1,0,0,0,0,0,0,0,0,,,,,,,,0,0,0,0,0,0,0,0,0,0,0,0,0,,,,,,,,20260706
,,,53502220X,Abisko Dome 2,FRV,5,0,0,0,0,0,0,0,0,0,0,0,0,0,0,,,,,,,,0,0,0,1,1,0,0,0,0,0,0,0,0,,,,,,,,0,0,0,0,0,0,0,0,0,0,0,0,0,,,,,,,,20260706
,,,53502525X,Abisko Dome 2,FRV,6,0,0,0,0,0,0,0,0,0,0,0,0,0,0,,,,,,,,0,0,0,1,1,0,0,0,0,0,0,0,0,,,,,,,,0,0,0,0,0,0,0,0,0,0,0,0,0,,,,,,,,20260706
,,,53502616X,Abisko Dome 2,FRV,4,0,0,0,0,0,0,0,0,0,0,0,0,0,0,,,,,,,,0,0,0,2,1,1,0,0,0,0,0,0,0,,,,,,,,0,0,0,0,0,0,0,0,0,0,0,0,0,,,,,,,,20260706
,,,53503220X,Abisko Dome 3,FRV,20,0,0,0,0,0,0,0,0,0,0,0,0,0,0,,,,,,,,0,1,0,1,1,1,0,0,1,1,0,0,0,,,,,,,,0,0,0,0,0,0,0,0,0,0,0,0,0,,,,,,,,20260706
,,,53503525X,Abisko Dome 3,FRV,7,0,0,0,0,0,0,0,0,0,0,0,0,0,0,,,,,,,,0,0,0,1,1,1,1,0,0,0,0,0,0,,,,,,,,0,0,0,0,0,0,0,0,0,0,0,0,0,,,,,,,,20260706
,,,53503616X,Abisko Dome 3,FRV,45,0,0,0,0,0,0,0,0,0,0,0,0,0,0,,,,,,,,0,1,0,1,1,1,0,0,0,1,0,0,0,,,,,,,,0,0,0,0,0,0,0,0,0,0,0,0,0,,,,,,,,20260706
,,,53602525X,Keb Endurance 2,FRV,3,0,0,0,0,0,0,0,0,0,0,0,0,0,0,,,,,,,,0,0,0,2,0,0,0,0,0,0,0,0,0,,,,,,,,0,0,0,0,0,0,0,0,0,0,0,0,0,,,,,,,,20260706
,,,53602616X,Keb Endurance 2,FRV,5,0,0,0,0,0,0,0,0,0,0,0,0,0,0,,,,,,,,0,0,0,1,1,0,0,0,0,0,0,0,0,,,,,,,,0,0,0,0,0,0,0,0,0,0,0,0,0,,,,,,,,20260706
,,,53603525X,Keb Endurance 3,FRV,3,0,0,0,0,0,0,0,0,0,0,0,0,0,0,,,,,,,,0,0,0,2,0,0,0,0,0,0,0,0,0,,,,,,,,0,0,0,0,0,0,0,0,0,0,0,0,0,,,,,,,,20260706
,,,53603616X,Keb Endurance 3,FRV,5,0,0,0,0,0,0,0,0,0,0,0,0,0,0,,,,,,,,0,0,0,1,1,0,0,0,0,0,0,0,0,,,,,,,,0,0,0,0,0,0,0,0,0,0,0,0,0,,,,,,,,20260706
,,,53604525X,Keb Endurance 4,FRV,3,0,0,0,0,0,0,0,0,0,0,0,0,0,0,,,,,,,,0,0,0,2,0,0,0,0,0,0,0,0,0,,,,,,,,0,0,0,0,0,0,0,0,0,0,0,0,0,,,,,,,,20260706
,,,53604616X,Keb Endurance 4,FRV,5,0,0,0,0,0,0,0,0,0,0,0,0,0,0,,,,,,,,0,0,0,1,0,0,0,0,0,0,0,0,0,,,,,,,,0,0,0,0,0,0,0,0,0,0,0,0,0,,,,,,,,20260706
,,,53607220X,Abisko Friluft 2,FRV,2,0,0,0,0,0,0,0,0,0,0,0,0,0,0,,,,,,,,0,1,0,1,1,1,0,0,0,1,0,0,0,,,,,,,,0,0,0,0,0,0,0,0,0,0,0,0,0,,,,,,,,20260706
,,,53607525X,Abisko Friluft 2,FRV,8,0,0,0,0,0,0,0,0,0,0,0,0,0,0,,,,,,,,0,0,0,1,1,0,0,0,0,0,0,0,0,,,,,,,,0,0,0,0,0,0,0,0,0,0,0,0,0,,,,,,,,20260706
,,,53607616X,Abisko Friluft 2,FRV,6,0,0,0,0,0,0,0,0,0,0,0,0,0,0,,,,,,,,0,1,0,1,1,1,1,0,0,1,0,0,0,,,,,,,,0,0,0,0,0,0,0,0,0,0,0,0,0,,,,,,,,20260706
,,,53702525X,Keb Dome 2,FRV,6,0,0,0,0,0,0,0,0,0,0,0,0,0,0,,,,,,,,0,0,0,1,0,1,0,0,0,0,0,0,0,,,,,,,,0,0,0,0,0,0,0,0,0,0,0,0,0,,,,,,,,20260706
,,,53702616X,Keb Dome 2,FRV,5,0,0,0,0,0,0,0,0,0,0,0,0,0,0,,,,,,,,0,0,0,1,0,0,0,0,0,0,0,0,0,,,,,,,,0,0,0,0,0,0,0,0,0,0,0,0,0,,,,,,,,20260706
,,,53703525X,Keb Dome 3,FRV,6,0,0,0,0,0,0,0,0,0,0,0,0,0,0,,,,,,,,0,0,0,1,1,1,0,0,0,0,0,0,0,,,,,,,,0,0,0,0,0,0,0,0,0,0,0,0,0,,,,,,,,20260706
,,,54700616X,Abisko Tarp,FRV,1,0,0,0,0,0,0,0,0,0,0,0,0,0,0,,,,,,,,0,0,0,1,1,0,1,0,0,1,0,0,0,,,,,,,,0,0,0,0,0,0,0,0,0,0,0,0,0,,,,,,,,20260706
,,,54701616X,Abisko Tarp Large,FRV,18,0,0,0,0,0,0,0,0,0,0,0,0,0,0,,,,,,,,0,1,0,1,1,2,0,0,0,0,0,0,0,,,,,,,,0,0,0,0,0,0,0,0,0,0,0,0,0,,,,,,,,20260706
,,,54711550X,Lite 1 Footprint,FRV,8,0,0,0,0,0,0,0,0,0,0,0,0,0,0,,,,,,,,0,0,0,2,1,0,0,0,0,0,0,0,0,,,,,,,,0,0,0,0,0,0,0,0,0,0,0,0,0,,,,,,,,20260706
,,,54712550X,Lite 2 footprint,FRV,1,0,0,0,0,0,0,0,0,0,0,0,0,0,0,,,,,,,,0,0,0,2,1,0,0,0,0,0,0,0,0,,,,,,,,0,0,0,0,0,0,0,0,0,0,0,0,0,,,,,,,,20260706
,,,54713550X,Lite 3 footprint,FRV,0,0,0,0,0,0,0,0,0,0,0,0,0,0,0,,,,,,,,0,0,0,1,0,0,0,0,0,0,0,0,0,,,,,,,,0,0,0,0,0,0,0,0,0,0,0,0,0,,,,,,,,20260706
,,,54715550X,Shape 2 footprint,FRV,3,0,0,0,0,0,0,0,0,0,0,0,0,0,0,,,,,,,,0,0,0,2,0,0,0,0,0,0,0,0,0,,,,,,,,0,0,0,0,0,0,0,0,0,0,0,0,0,,,,,,,,20260706
,,,54718550X,View 2 footprint,FRV,11,0,0,0,0,0,0,0,0,0,0,0,0,0,0,,,,,,,,0,0,0,2,1,0,0,0,0,0,0,0,0,,,,,,,,0,0,0,0,0,0,0,0,0,0,0,0,0,,,,,,,,20260706
,,,54720550X,Endurance 2 footprint,FRV,11,0,0,0,0,0,0,0,0,0,0,0,0,0,0,,,,,,,,0,0,0,2,1,0,0,0,0,0,0,0,0,,,,,,,,0,0,0,0,0,0,0,0,0,0,0,0,0,,,,,,,,20260706
,,,54730550X,Endurance 3 Footprint,FRV,6,0,0,0,0,0,0,0,0,0,0,0,0,0,0,,,,,,,,0,0,0,2,1,0,0,0,0,0,0,0,0,,,,,,,,0,0,0,0,0,0,0,0,0,0,0,0,0,,,,,,,,20260706
,,,54740550X,Endurance 4 Footprint,FRV,0,0,0,0,0,0,0,0,0,0,0,0,0,0,0,,,,,,,,0,0,0,1,0,0,0,0,0,0,0,0,0,,,,,,,,0,0,0,0,0,0,0,0,0,0,0,0,0,,,,,,,,20260706
,,,54820550X,Dome 2 Footprint,FRV,47,0,0,0,0,0,0,0,0,0,0,0,0,0,0,,,,,,,,0,1,0,2,1,1,1,0,0,0,0,0,0,,,,,,,,0,0,0,0,0,0,0,0,0,0,0,0,0,,,,,,,,20260706
,,,54830550X,Dome 3 Footprint,FRV,0,0,0,0,0,0,0,0,0,0,0,0,0,0,0,,,,,,,,0,1,0,1,1,0,2,0,0,0,0,0,0,,,,,,,,0,0,0,0,0,0,0,0,0,0,0,0,0,,,,,,,,20260706
,,,54837320X,Keb V-peg 10 Pcs,FRV,1,0,0,0,0,0,0,0,0,0,0,0,0,0,0,,,,,,,,0,0,0,0,0,0,0,0,0,0,0,0,0,,,,,,,,0,0,0,0,0,0,0,0,0,0,0,0,0,,,,,,,,20260706
,,,54961550X,Lite 1 Inner Tent Pitch Kit,FRV,3,0,0,0,0,0,0,0,0,0,0,0,0,0,0,,,,,,,,0,0,0,0,0,0,0,0,0,0,0,0,0,,,,,,,,0,0,0,0,0,0,0,0,0,0,0,0,0,,,,,,,,20260706
,,,54962550X,2-4 Person Inner Tent Pitch Kit,FRV,15,0,0,0,0,0,0,0,0,0,0,0,0,0,0,,,,,,,,0,0,0,0,0,0,0,0,0,0,0,0,0,,,,,,,,0,0,0,0,0,0,0,0,0,0,0,0,0,,,,,,,,20260706
,,,55011X,Abisko Endurance 3 Pole Kit,FRV,1,0,0,0,0,0,0,0,0,0,0,0,0,0,0,,,,,,,,0,0,0,0,0,0,0,0,0,0,0,0,0,,,,,,,,0,0,0,0,0,0,0,0,0,0,0,0,0,,,,,,,,20260706
,,,55012X,Abisko Endurance 4 Pole Kit,FRV,1,0,0,0,0,0,0,0,0,0,0,0,0,0,0,,,,,,,,0,0,0,0,0,0,0,0,0,0,0,0,0,,,,,,,,0,0,0,0,0,0,0,0,0,0,0,0,0,,,,,,,,20260706
,,,55015X,Abisko Lite 1 Pole Kit,FRV,1,0,0,0,0,0,0,0,0,0,0,0,0,0,0,,,,,,,,0,0,0,0,0,0,0,0,0,0,0,0,0,,,,,,,,0,0,0,0,0,0,0,0,0,0,0,0,0,,,,,,,,20260706
,,,55018X,Abisko View 2 Pole Kit,FRV,1,0,0,0,0,0,0,0,0,0,0,0,0,0,0,,,,,,,,0,0,0,0,0,0,0,0,0,0,0,0,0,,,,,,,,0,0,0,0,0,0,0,0,0,0,0,0,0,,,,,,,,20260706
,,,55019X,Abisko Dome 2 Pole Kit,FRV,1,0,0,0,0,0,0,0,0,0,0,0,0,0,0,,,,,,,,0,0,0,0,0,0,0,0,0,0,0,0,0,,,,,,,,0,0,0,0,0,0,0,0,0,0,0,0,0,,,,,,,,20260706
,,,55021X,Keb Endurance 2 Pole Kit,FRV,2,0,0,0,0,0,0,0,0,0,0,0,0,0,0,,,,,,,,0,0,0,0,0,0,0,0,0,0,0,0,0,,,,,,,,0,0,0,0,0,0,0,0,0,0,0,0,0,,,,,,,,20260706
,,,55022X,Keb Endurance 3 Pole Kit,FRV,1,0,0,0,0,0,0,0,0,0,0,0,0,0,0,,,,,,,,0,0,0,0,0,0,0,0,0,0,0,0,0,,,,,,,,0,0,0,0,0,0,0,0,0,0,0,0,0,,,,,,,,20260706
,,,55023X,Keb Endurance 4 Pole Kit,FRV,2,0,0,0,0,0,0,0,0,0,0,0,0,0,0,,,,,,,,0,0,0,0,0,0,0,0,0,0,0,0,0,,,,,,,,0,0,0,0,0,0,0,0,0,0,0,0,0,,,,,,,,20260706
,,,55024X,Keb Dome 2 Pole Kit,FRV,1,0,0,0,0,0,0,0,0,0,0,0,0,0,0,,,,,,,,0,0,0,0,0,0,0,0,0,0,0,0,0,,,,,,,,0,0,0,0,0,0,0,0,0,0,0,0,0,,,,,,,,20260706
,,,55025X,Keb Dome 3 Pole Kit,FRV,1,0,0,0,0,0,0,0,0,0,0,0,0,0,0,,,,,,,,0,0,0,0,0,0,0,0,0,0,0,0,0,,,,,,,,0,0,0,0,0,0,0,0,0,0,0,0,0,,,,,,,,20260706
,,,55026550X,Mesh Inner Tent Lite 1,FRV,1,0,0,0,0,0,0,0,0,0,0,0,0,0,0,,,,,,,,0,0,0,0,0,0,0,0,0,0,0,0,0,,,,,,,,0,0,0,0,0,0,0,0,0,0,0,0,0,,,,,,,,20260706
,,,55029550X,Mesh Inner Tent Dome 2,FRV,13,0,0,0,0,0,0,0,0,0,0,0,0,0,0,,,,,,,,0,0,0,0,0,0,0,0,0,0,0,0,0,,,,,,,,0,0,0,0,0,0,0,0,0,0,0,0,0,,,,,,,,20260706
,,,75001525X,Water Bag,FRV,1,1,0,0,0,0,0,0,0,0,0,0,0,0,0,,,,,,,,0,1,0,2,2,1,2,0,0,0,0,0,0,,,,,,,,0,0,0,0,0,0,0,0,0,0,0,0,0,,,,,,,,20260706
,,,77029030X,Canvas Belt,FRV,5,0,0,0,0,0,0,0,0,0,0,0,0,0,0,,,,,,,,1,2,0,3,2,2,1,3,0,2,2,2,0,,,,,,,,0,0,0,0,0,0,0,0,0,0,0,0,0,,,,,,,,20260706
,,,77029042X,Canvas Belt,FRV,0,0,0,0,0,0,0,0,0,0,0,0,0,0,0,,,,,,,,0,0,0,1,0,0,0,0,0,0,0,0,0,,,,,,,,0,0,0,0,0,0,0,0,0,0,0,0,0,,,,,,,,20260706
,,,77029118X,Canvas Belt,FRV,0,0,0,0,0,0,0,0,0,0,0,0,0,0,0,,,,,,,,0,0,0,2,1,2,1,1,0,1,0,1,0,,,,,,,,0,0,0,0,0,0,0,0,0,0,0,0,0,,,,,,,,20260706
,,,77029160X,Canvas Belt,FRV,0,0,0,0,0,0,0,0,0,0,0,0,0,0,0,,,,,,,,0,0,0,1,0,0,0,0,0,0,0,0,0,,,,,,,,0,0,0,0,0,0,0,0,0,0,0,0,0,,,,,,,,20260706
,,,77029232X,Canvas Belt,FRV,0,0,0,0,0,0,0,0,0,0,0,0,0,0,0,,,,,,,,0,0,0,2,0,2,0,2,0,0,0,0,0,,,,,,,,0,0,0,0,0,0,0,0,0,0,0,0,0,,,,,,,,20260706
,,,77029236X,Canvas Belt,FRV,3,0,0,0,0,0,0,0,0,0,0,0,0,0,0,,,,,,,,1,2,0,2,2,2,1,2,0,2,2,2,0,,,,,,,,0,0,0,0,0,0,0,0,0,0,0,0,0,,,,,,,,20260706
,,,77029248X,Canvas Belt,FRV,0,0,0,0,0,0,0,0,0,0,0,0,0,0,0,,,,,,,,0,0,0,2,0,0,0,0,0,0,0,0,0,,,,,,,,0,0,0,0,0,0,0,0,0,0,0,0,0,,,,,,,,20260706
,,,77029550X,Canvas Belt,FRV,0,0,0,0,0,0,0,0,0,0,0,0,0,0,0,,,,,,,,0,1,0,1,0,0,1,0,0,1,0,1,0,,,,,,,,0,0,0,0,0,0,0,0,0,0,0,0,0,,,,,,,,20260706
,,,77029555X,Canvas Belt,FRV,0,0,0,0,0,0,0,0,0,0,0,0,0,0,0,,,,,,,,0,1,0,0,0,0,1,0,0,0,0,1,0,,,,,,,,0,0,0,0,0,0,0,0,0,0,0,0,0,,,,,,,,20260706
,,,77029620X,Canvas Belt,FRV,0,0,0,0,0,0,0,0,0,0,0,0,0,0,0,,,,,,,,0,2,0,2,1,2,1,1,1,1,2,2,0,,,,,,,,0,0,0,0,0,0,0,0,0,0,0,0,0,,,,,,,,20260706
,,,77029633X,Canvas Belt,FRV,0,0,0,0,0,0,0,0,0,0,0,0,0,0,0,,,,,,,,1,2,0,2,2,1,1,0,1,1,2,2,0,,,,,,,,0,0,0,0,0,0,0,0,0,0,0,0,0,,,,,,,,20260706
,,,77032250M,Murena Silver Belt,FRV,0,0,0,0,0,0,0,0,0,0,0,0,0,0,0,,,,,,,,0,0,0,0,0,0,0,0,0,0,0,1,0,,,,,,,,0,0,0,0,0,0,0,0,0,0,0,0,0,,,,,,,,20260706
,,,77261107X,Ovik Melange Beanie,FRV,0,0,0,0,0,0,0,0,0,0,0,0,0,0,0,,,,,,,,0,0,0,2,0,0,0,0,0,0,0,0,0,,,,,,,,0,0,0,0,0,0,0,0,0,0,0,0,0,,,,,,,,20260706
,,,77261550X,Ovik Melange Beanie,FRV,0,0,0,0,0,0,0,0,0,0,0,0,0,0,0,,,,,,,,0,0,0,1,0,0,0,0,0,0,0,0,0,,,,,,,,0,0,0,0,0,0,0,0,0,0,0,0,0,,,,,,,,20260706
,,,77261625X,Ovik Melange Beanie,FRV,3,0,0,0,0,0,0,0,0,0,0,0,0,0,0,,,,,,,,0,0,0,1,0,0,0,0,0,0,0,0,0,,,,,,,,0,0,0,0,0,0,0,0,0,0,0,0,0,,,,,,,,20260706
,,,77271214X,Abisko Pack Cap,FRV,0,0,0,0,0,0,0,0,0,0,0,0,0,0,0,,,,,,,,0,0,0,1,1,2,0,1,0,0,0,0,0,,,,,,,,0,0,0,0,0,0,0,0,0,0,0,0,0,,,,,,,,20260706
,,,77273030M,Abisko Summer Hat,FRV,0,0,0,0,0,0,0,0,0,0,0,0,0,0,0,,,,,,,,0,0,0,0,0,0,1,0,0,0,0,0,0,,,,,,,,0,0,0,0,0,0,0,0,0,0,0,0,0,,,,,,,,20260706
,,,77273030S,Abisko Summer Hat,FRV,0,0,0,0,0,0,0,0,0,0,0,0,0,0,0,,,,,,,,0,0,0,1,0,0,0,0,0,0,0,0,0,,,,,,,,0,0,0,0,0,0,0,0,0,0,0,0,0,,,,,,,,20260706
,,,77273118S,Abisko Summer Hat,FRV,0,0,0,0,0,0,0,0,0,0,0,0,0,0,0,,,,,,,,0,0,0,1,0,0,0,0,0,0,0,0,0,,,,,,,,0,0,0,0,0,0,0,0,0,0,0,0,0,,,,,,,,20260706
,,,77273232L,Abisko Summer Hat,FRV,0,0,0,0,0,0,0,0,0,0,0,0,0,0,0,,,,,,,,0,0,0,1,1,0,1,0,0,0,0,0,0,,,,,,,,0,0,0,0,0,0,0,0,0,0,0,0,0,,,,,,,,20260706
,,,77273232M,Abisko Summer Hat,FRV,0,0,0,0,0,0,0,0,0,0,0,0,0,0,0,,,,,,,,0,0,0,1,1,0,1,0,0,0,0,0,0,,,,,,,,0,0,0,0,0,0,0,0,0,0,0,0,0,,,,,,,,20260706
,,,77273232S,Abisko Summer Hat,FRV,0,0,0,0,0,0,0,0,0,0,0,0,0,0,0,,,,,,,,0,0,0,1,1,0,1,0,0,0,0,0,0,,,,,,,,0,0,0,0,0,0,0,0,0,0,0,0,0,,,,,,,,20260706
,,,77273244M,Abisko Summer Hat,FRV,0,0,0,0,0,0,0,0,0,0,0,0,0,0,0,,,,,,,,0,0,0,0,1,0,0,0,0,0,0,0,0,,,,,,,,0,0,0,0,0,0,0,0,0,0,0,0,0,,,,,,,,20260706
,,,77273244XL,Abisko Summer Hat,FRV,0,0,0,0,0,0,0,0,0,0,0,0,0,0,0,,,,,,,,0,0,0,0,1,0,0,0,0,0,0,0,0,,,,,,,,0,0,0,0,0,0,0,0,0,0,0,0,0,,,,,,,,20260706
,,,77273555M,Abisko Summer Hat,FRV,0,0,0,0,0,0,0,0,0,0,0,0,0,0,0,,,,,,,,0,0,0,1,0,0,0,0,0,0,0,0,0,,,,,,,,0,0,0,0,0,0,0,0,0,0,0,0,0,,,,,,,,20260706
,,,77273555S,Abisko Summer Hat,FRV,0,0,0,0,0,0,0,0,0,0,0,0,0,0,0,,,,,,,,0,0,0,1,1,0,0,0,0,0,0,0,0,,,,,,,,0,0,0,0,0,0,0,0,0,0,0,0,0,,,,,,,,20260706
,,,77273633S,Abisko Summer Hat,FRV,0,0,0,0,0,0,0,0,0,0,0,0,0,0,0,,,,,,,,0,0,0,1,0,0,0,0,0,0,0,0,0,,,,,,,,0,0,0,0,0,0,0,0,0,0,0,0,0,,,,,,,,20260706
,,,77277030S,Kiruna Hat,FRV,0,0,0,0,0,0,0,0,0,0,0,0,0,0,0,,,,,,,,0,0,0,1,1,0,0,0,0,0,0,0,0,,,,,,,,0,0,0,0,0,0,0,0,0,0,0,0,0,,,,,,,,20260706
,,,77277118L,Kiruna Hat,FRV,0,1,0,0,0,0,0,0,0,0,0,0,0,0,0,,,,,,,,0,1,0,1,1,1,0,1,0,1,1,1,0,,,,,,,,0,0,0,0,0,0,0,0,0,0,0,0,0,,,,,,,,20260706
,,,77277118M,Kiruna Hat,FRV,0,0,0,0,0,0,0,0,0,0,0,0,0,0,0,,,,,,,,0,0,0,1,1,0,0,0,0,1,1,1,0,,,,,,,,0,0,0,0,0,0,0,0,0,0,0,0,0,,,,,,,,20260706
,,,77277196L,Kiruna Hat,FRV,0,0,0,0,0,0,0,0,0,0,0,0,0,0,0,,,,,,,,0,0,0,1,0,0,0,0,0,2,0,0,0,,,,,,,,0,0,0,0,0,0,0,0,0,0,0,0,0,,,,,,,,20260706
,,,77277196M,Kiruna Hat,FRV,0,0,0,0,0,0,0,0,0,0,0,0,0,0,0,,,,,,,,0,1,0,0,0,0,0,0,0,1,0,0,0,,,,,,,,0,0,0,0,0,0,0,0,0,0,0,0,0,,,,,,,,20260706
,,,77277196S,Kiruna Hat,FRV,0,0,0,0,0,0,0,0,0,0,0,0,0,0,0,,,,,,,,0,0,0,1,1,0,0,0,0,0,0,0,0,,,,,,,,0,0,0,0,0,0,0,0,0,0,0,0,0,,,,,,,,20260706
,,,77277300L,Kiruna Hat,FRV,0,6,0,0,0,0,0,0,0,0,0,0,0,0,0,,,,,,,,0,1,0,1,1,1,0,1,0,1,1,1,0,,,,,,,,0,0,0,0,0,0,0,0,0,0,0,0,0,,,,,,,,20260706
,,,77277300M,Kiruna Hat,FRV,0,11,0,0,0,0,0,0,0,0,0,0,0,0,0,,,,,,,,0,1,0,1,1,1,0,1,0,1,1,1,0,,,,,,,,0,0,0,0,0,0,0,0,0,0,0,0,0,,,,,,,,20260706
,,,77277300S,Kiruna Hat,FRV,0,0,0,0,0,0,0,0,0,0,0,0,0,0,0,,,,,,,,0,0,0,1,0,0,0,0,0,0,0,0,0,,,,,,,,0,0,0,0,0,0,0,0,0,0,0,0,0,,,,,,,,20260706
,,,77277346S,Kiruna Hat,FRV,0,0,0,0,0,0,0,0,0,0,0,0,0,0,0,,,,,,,,0,0,0,1,0,0,0,0,0,0,1,0,0,,,,,,,,0,0,0,0,0,0,0,0,0,0,0,0,0,,,,,,,,20260706
,,,77277555L,Kiruna Hat,FRV,0,0,0,0,0,0,0,0,0,0,0,0,0,0,0,,,,,,,,1,1,0,1,1,1,0,1,0,1,1,1,0,,,,,,,,0,0,0,0,0,0,0,0,0,0,0,0,0,,,,,,,,20260706
,,,77277555M,Kiruna Hat,FRV,0,3,0,0,0,0,0,0,0,0,0,0,0,0,0,,,,,,,,1,3,0,1,1,1,0,1,0,2,1,1,0,,,,,,,,0,0,0,0,0,0,0,0,0,0,0,0,0,,,,,,,,20260706
,,,77277555S,Kiruna Hat,FRV,0,0,0,0,0,0,0,0,0,0,0,0,0,0,0,,,,,,,,0,0,0,1,0,0,0,1,0,0,0,0,0,,,,,,,,0,0,0,0,0,0,0,0,0,0,0,0,0,,,,,,,,20260706
,,,77277625L,Kiruna Hat,FRV,0,3,0,0,0,0,0,0,0,0,0,0,0,0,0,,,,,,,,0,1,0,1,1,0,0,1,0,2,0,1,0,,,,,,,,0,0,0,0,0,0,0,0,0,0,0,0,0,,,,,,,,20260706
,,,77277625M,Kiruna Hat,FRV,0,3,0,0,0,0,0,0,0,0,0,0,0,0,0,,,,,,,,0,1,0,1,1,1,0,1,0,1,1,1,0,,,,,,,,0,0,0,0,0,0,0,0,0,0,0,0,0,,,,,,,,20260706
,,,77277625S,Kiruna Hat,FRV,0,0,0,0,0,0,0,0,0,0,0,0,0,0,0,,,,,,,,0,0,0,1,1,0,0,0,0,0,1,0,0,,,,,,,,0,0,0,0,0,0,0,0,0,0,0,0,0,,,,,,,,20260706
,,,77277625XL,Kiruna Hat,FRV,0,0,0,0,0,0,0,0,0,0,0,0,0,0,0,,,,,,,,0,0,0,1,0,0,0,0,0,0,0,0,0,,,,,,,,0,0,0,0,0,0,0,0,0,0,0,0,0,,,,,,,,20260706
,,,77279550L,Singi Trekking Cap,FRV,0,0,0,0,0,0,0,0,0,0,0,0,0,0,0,,,,,,,,0,1,0,1,0,0,1,0,0,0,0,0,0,,,,,,,,0,0,0,0,0,0,0,0,0,0,0,0,0,,,,,,,,20260706
,,,77279550M,Singi Trekking Cap,FRV,0,1,0,0,0,0,0,0,0,0,0,0,0,0,0,,,,,,,,0,2,0,1,2,1,1,1,0,1,0,1,0,,,,,,,,0,0,0,0,0,0,0,0,0,0,0,0,0,,,,,,,,20260706
,,,77279550S,Singi Trekking Cap,FRV,0,1,0,0,0,0,0,0,0,0,0,0,0,0,0,,,,,,,,0,1,0,1,1,1,1,1,0,1,0,1,0,,,,,,,,0,0,0,0,0,0,0,0,0,0,0,0,0,,,,,,,,20260706
,,,77279550XL,Singi Trekking Cap,FRV,0,0,0,0,0,0,0,0,0,0,0,0,0,0,0,,,,,,,,0,1,0,1,1,1,0,0,0,1,0,1,0,,,,,,,,0,0,0,0,0,0,0,0,0,0,0,0,0,,,,,,,,20260706
,,,77279555S,Singi Trekking Cap,FRV,0,0,0,0,0,0,0,0,0,0,0,0,0,0,0,,,,,,,,0,0,0,2,2,1,0,0,0,0,0,0,0,,,,,,,,0,0,0,0,0,0,0,0,0,0,0,0,0,,,,,,,,20260706
,,,77279622L,Singi Trekking Cap,FRV,0,0,0,0,0,0,0,0,0,0,0,0,0,0,0,,,,,,,,0,0,0,2,0,0,0,1,0,0,0,0,0,,,,,,,,0,0,0,0,0,0,0,0,0,0,0,0,0,,,,,,,,20260706
,,,77279622M,Singi Trekking Cap,FRV,0,0,0,0,0,0,0,0,0,0,0,0,0,0,0,,,,,,,,0,1,0,1,0,0,1,0,0,0,0,0,0,,,,,,,,0,0,0,0,0,0,0,0,0,0,0,0,0,,,,,,,,20260706
,,,77279622XL,Singi Trekking Cap,FRV,0,1,0,0,0,0,0,0,0,0,0,0,0,0,0,,,,,,,,0,2,0,1,1,1,0,1,0,1,0,1,0,,,,,,,,0,0,0,0,0,0,0,0,0,0,0,0,0,,,,,,,,20260706
,,,77279633L,Singi Trekking Cap,FRV,2,0,0,0,0,0,0,0,0,0,0,0,0,0,0,,,,,,,,0,1,0,2,2,2,1,1,0,1,0,2,0,,,,,,,,0,0,0,0,0,0,0,0,0,0,0,0,0,,,,,,,,20260706
,,,77279633M,Singi Trekking Cap,FRV,0,0,0,0,0,0,0,0,0,0,0,0,0,0,0,,,,,,,,0,1,0,1,1,1,1,1,0,1,0,0,0,,,,,,,,0,0,0,0,0,0,0,0,0,0,0,0,0,,,,,,,,20260706
,,,77279633XL,Singi Trekking Cap,FRV,0,0,0,0,0,0,0,0,0,0,0,0,0,0,0,,,,,,,,0,1,0,0,1,1,1,2,0,1,0,1,0,,,,,,,,0,0,0,0,0,0,0,0,0,0,0,0,0,,,,,,,,20260706
,,,7728124985,Singi Belt 4 cm,FRV,0,0,0,0,0,0,0,0,0,0,0,0,0,0,0,,,,,,,,0,0,0,0,0,0,2,0,0,1,0,1,0,,,,,,,,0,0,0,0,0,0,0,0,0,0,0,0,0,,,,,,,,20260706
,,,77292550S/M,Singi Gaiters,FRV,0,0,0,0,0,0,0,0,0,0,0,0,0,0,0,,,,,,,,0,0,0,0,1,0,0,0,0,0,0,0,0,,,,,,,,0,0,0,0,0,0,0,0,0,0,0,0,0,,,,,,,,20260706
,,,77292633S/M,Singi Gaiters,FRV,0,0,0,0,0,0,0,0,0,0,0,0,0,0,0,,,,,,,,0,0,0,0,2,0,0,1,0,1,0,1,0,,,,,,,,0,0,0,0,0,0,0,0,0,0,0,0,0,,,,,,,,20260706
,,,77295550L,Singi Field Cap,FRV,0,0,0,0,0,0,0,0,0,0,0,0,0,0,0,,,,,,,,0,0,0,1,0,0,0,0,0,0,0,0,0,,,,,,,,0,0,0,0,0,0,0,0,0,0,0,0,0,,,,,,,,20260706
,,,77295550M,Singi Field Cap,FRV,0,0,0,0,0,0,0,0,0,0,0,0,0,0,0,,,,,,,,0,1,0,1,0,0,0,0,0,0,0,0,0,,,,,,,,0,0,0,0,0,0,0,0,0,0,0,0,0,,,,,,,,20260706
,,,77295633L,Singi Field Cap,FRV,0,0,0,0,0,0,0,0,0,0,0,0,0,0,0,,,,,,,,0,0,0,1,0,0,0,0,0,0,0,0,0,,,,,,,,0,0,0,0,0,0,0,0,0,0,0,0,0,,,,,,,,20260706
,,,77295633M,Singi Field Cap,FRV,0,0,0,0,0,0,0,0,0,0,0,0,0,0,0,,,,,,,,0,2,0,1,0,0,0,0,0,0,0,2,0,,,,,,,,0,0,0,0,0,0,0,0,0,0,0,0,0,,,,,,,,20260706
,,,77297032X,Canvas Brass Belt 4 cm,FRV,0,0,0,0,0,0,0,0,0,0,0,0,0,0,0,,,,,,,,0,2,0,1,2,2,0,2,0,1,1,2,0,,,,,,,,0,0,0,0,0,0,0,0,0,0,0,0,0,,,,,,,,20260706
,,,77297232X,Canvas Brass Belt 4 cm,FRV,0,0,0,0,0,0,0,0,0,0,0,0,0,0,0,,,,,,,,0,1,0,0,0,0,0,0,0,2,0,0,0,,,,,,,,0,0,0,0,0,0,0,0,0,0,0,0,0,,,,,,,,20260706
,,,77297550X,Canvas Brass Belt 4 cm,FRV,0,0,0,0,0,0,0,0,0,0,0,0,0,0,0,,,,,,,,0,2,0,2,0,0,2,1,0,2,0,2,0,,,,,,,,0,0,0,0,0,0,0,0,0,0,0,0,0,,,,,,,,20260706
,,,77297555X,Canvas Brass Belt 4 cm,FRV,0,0,0,0,0,0,0,0,0,0,0,0,0,0,0,,,,,,,,0,2,0,1,1,2,0,2,0,2,0,2,0,,,,,,,,0,0,0,0,0,0,0,0,0,0,0,0,0,,,,,,,,20260706
,,,77297633X,Canvas Brass Belt 4 cm,FRV,0,0,0,0,0,0,0,0,0,0,0,0,0,0,0,,,,,,,,0,0,0,0,0,1,0,0,0,2,1,0,0,,,,,,,,0,0,0,0,0,0,0,0,0,0,0,0,0,,,,,,,,20260706
,,,77302030S,Singi Heater,FRV,0,0,0,0,0,0,0,0,0,0,0,0,0,0,0,,,,,,,,0,0,0,1,0,0,0,0,0,0,0,0,0,,,,,,,,0,0,0,0,0,0,0,0,0,0,0,0,0,,,,,,,,20260706
,,,77302555S,Singi Heater,FRV,0,0,0,0,0,0,0,0,0,0,0,0,0,0,0,,,,,,,,0,0,0,1,0,0,0,0,0,0,0,0,0,,,,,,,,0,0,0,0,0,0,0,0,0,0,0,0,0,,,,,,,,20260706
,,,77307550X,Ovik Wallet,FRV,0,0,0,0,0,0,0,0,0,0,0,0,0,0,0,,,,,,,,0,0,0,0,1,0,0,0,0,0,0,0,0,,,,,,,,0,0,0,0,0,0,0,0,0,0,0,0,0,,,,,,,,20260706
,,,77308550X,Ovik Card Holder,FRV,0,0,0,0,0,0,0,0,0,0,0,0,0,0,0,,,,,,,,0,2,0,0,1,0,0,0,0,2,0,0,0,,,,,,,,0,0,0,0,0,0,0,0,0,0,0,0,0,,,,,,,,20260706
,,,77309550X,Ovik Key Ring,FRV,0,0,0,0,0,0,0,0,0,0,0,0,0,0,0,,,,,,,,0,0,0,0,0,0,0,1,0,2,0,0,0,,,,,,,,0,0,0,0,0,0,0,0,0,0,0,0,0,,,,,,,,20260706
,,,77316550X,Keb Trekking Belt,FRV,0,0,0,0,0,0,0,0,0,0,0,0,0,0,0,,,,,,,,0,1,0,0,0,1,0,0,0,0,0,1,0,,,,,,,,0,0,0,0,0,0,0,0,0,0,0,0,0,,,,,,,,20260706
,,,77316633X,Keb Trekking Belt,FRV,0,0,0,0,0,0,0,0,0,0,0,0,0,0,0,,,,,,,,0,2,0,1,0,0,0,2,0,0,0,0,0,,,,,,,,0,0,0,0,0,0,0,0,0,0,0,0,0,,,,,,,,20260706
,,,77340633L,Varmland Heater,FRV,1,0,0,0,0,0,0,0,0,0,0,0,0,0,0,,,,,,,,0,0,0,0,0,0,0,0,0,0,0,0,0,,,,,,,,0,0,0,0,0,0,0,0,0,0,0,0,0,,,,,,,,20260706
,,,77340633S,Varmland Heater,FRV,0,0,0,0,0,0,0,0,0,0,0,0,0,0,0,,,,,,,,0,0,0,1,0,0,0,0,0,0,0,0,0,,,,,,,,0,0,0,0,0,0,0,0,0,0,0,0,0,,,,,,,,20260706
,,,77343249X,Equipment Bag,FRV,0,0,0,0,0,0,0,0,0,0,0,0,0,0,0,,,,,,,,0,0,0,0,0,0,1,0,0,0,0,0,0,,,,,,,,0,0,0,0,0,0,0,0,0,0,0,0,0,,,,,,,,20260706
,,,77352560X,G1000 Seat Pad,FRV,0,0,0,0,0,0,0,0,0,0,0,0,0,0,0,,,,,,,,0,0,0,2,0,0,0,0,0,0,0,0,0,,,,,,,,0,0,0,0,0,0,0,0,0,0,0,0,0,,,,,,,,20260706
,,,77352633X,G1000 Seat Pad,FRV,0,1,0,0,0,0,0,0,0,0,0,0,0,0,0,,,,,,,,0,1,0,2,2,1,2,2,2,2,0,2,0,,,,,,,,0,0,0,0,0,0,0,0,0,0,0,0,0,,,,,,,,20260706
,,,77352679X,G1000 Seat Pad,FRV,0,0,0,0,0,0,0,0,0,0,0,0,0,0,0,,,,,,,,0,1,0,1,2,2,1,1,1,1,0,1,0,,,,,,,,0,0,0,0,0,0,0,0,0,0,0,0,0,,,,,,,,20260706
,,,77355633X,Singi Clip Suspenders,FRV,0,0,0,0,0,0,0,0,0,0,0,0,0,0,0,,,,,,,,0,0,0,0,0,0,0,1,0,2,1,0,0,,,,,,,,0,0,0,0,0,0,0,0,0,0,0,0,0,,,,,,,,20260706
,,,77357030L/XL,Vidda Cap,FRV,0,44,0,0,0,0,0,0,0,0,0,0,0,0,0,,,,,,,,1,2,1,3,2,3,1,2,2,2,3,3,1,,,,,,,,0,0,0,0,0,0,0,0,0,0,0,0,0,,,,,,,,20260706
,,,77357030S/M,Vidda Cap,FRV,0,49,0,0,0,0,0,0,0,0,0,0,0,0,0,,,,,,,,1,3,1,2,2,4,1,2,2,3,3,3,1,,,,,,,,0,0,0,0,0,0,0,0,0,0,0,0,0,,,,,,,,20260706
,,,77357215L/XL,Vidda Cap,FRV,0,0,0,0,0,0,0,0,0,0,0,0,0,0,0,,,,,,,,0,2,0,2,2,0,0,0,0,1,0,0,0,,,,,,,,0,0,0,0,0,0,0,0,0,0,0,0,0,,,,,,,,20260706
,,,77357215S/M,Vidda Cap,FRV,0,0,0,0,0,0,0,0,0,0,0,0,0,0,0,,,,,,,,0,3,0,0,0,3,0,0,0,1,0,0,0,,,,,,,,0,0,0,0,0,0,0,0,0,0,0,0,0,,,,,,,,20260706
,,,77357232L/XL,Vidda Cap,FRV,0,5,0,0,0,0,0,0,0,0,0,0,0,0,0,,,,,,,,1,3,1,4,2,3,1,1,1,2,4,2,2,,,,,,,,0,0,0,0,0,0,0,0,0,0,0,0,0,,,,,,,,20260706
,,,77357232S/M,Vidda Cap,FRV,0,0,0,0,0,0,0,0,0,0,0,0,0,0,0,,,,,,,,1,2,1,2,2,3,1,2,1,1,4,2,2,,,,,,,,0,0,0,0,0,0,0,0,0,0,0,0,0,,,,,,,,20260706
,,,77357300L/XL,Vidda Cap,FRV,0,0,0,0,0,0,0,0,0,0,0,0,0,0,0,,,,,,,,0,2,0,2,2,1,0,2,0,2,1,1,1,,,,,,,,0,0,0,0,0,0,0,0,0,0,0,0,0,,,,,,,,20260706
,,,77357300S/M,Vidda Cap,FRV,0,0,0,0,0,0,0,0,0,0,0,0,0,0,0,,,,,,,,0,2,0,1,0,0,1,0,0,2,1,0,0,,,,,,,,0,0,0,0,0,0,0,0,0,0,0,0,0,,,,,,,,20260706
,,,77357520L/XL,Vidda Cap,FRV,0,13,0,0,0,0,0,0,0,0,0,0,0,0,0,,,,,,,,1,2,1,2,2,3,1,2,2,2,2,2,2,,,,,,,,0,0,0,0,0,0,0,0,0,0,0,0,0,,,,,,,,20260706
,,,77357520S/M,Vidda Cap,FRV,0,5,0,0,0,0,0,0,0,0,0,0,0,0,0,,,,,,,,1,2,1,3,3,3,2,1,1,2,4,2,2,,,,,,,,0,0,0,0,0,0,0,0,0,0,0,0,0,,,,,,,,20260706
,,,77357570-050L/XL,Vidda Cap,FRV,0,13,0,0,0,0,0,0,0,0,0,0,0,0,0,,,,,,,,1,2,1,2,2,3,1,2,1,1,2,3,1,,,,,,,,0,0,0,0,0,0,0,0,0,0,0,0,0,,,,,,,,20260706
,,,77357570-050S/M,Vidda Cap,FRV,8,14,0,0,0,0,0,0,0,0,0,0,0,0,0,,,,,,,,1,4,1,2,2,3,1,2,2,2,2,2,2,,,,,,,,0,0,0,0,0,0,0,0,0,0,0,0,0,,,,,,,,20260706
,,,77357622L/XL,Vidda Cap,FRV,4,9,0,0,0,0,0,0,0,0,0,0,0,0,0,,,,,,,,1,2,1,2,5,3,1,2,2,2,2,2,2,,,,,,,,0,0,0,0,0,0,0,0,0,0,0,0,0,,,,,,,,20260706
,,,77357622S/M,Vidda Cap,FRV,5,19,0,0,0,0,0,0,0,0,0,0,0,0,0,,,,,,,,1,2,1,2,4,5,1,2,2,2,3,2,2,,,,,,,,0,0,0,0,0,0,0,0,0,0,0,0,0,,,,,,,,20260706
,,,77357625L/XL,Vidda Cap,FRV,5,17,0,0,0,0,0,0,0,0,0,0,0,0,0,,,,,,,,1,2,1,2,4,2,1,2,1,2,4,2,2,,,,,,,,0,0,0,0,0,0,0,0,0,0,0,0,0,,,,,,,,20260706
,,,77357625S/M,Vidda Cap,FRV,5,15,0,0,0,0,0,0,0,0,0,0,0,0,0,,,,,,,,1,2,1,2,3,4,1,2,2,2,4,2,2,,,,,,,,0,0,0,0,0,0,0,0,0,0,0,0,0,,,,,,,,20260706
,,,77357633L/XL,Vidda Cap,FRV,32,43,0,0,0,0,0,0,0,0,0,0,0,0,0,,,,,,,,1,2,1,2,4,4,2,2,2,2,1,4,0,,,,,,,,0,0,0,0,0,0,0,0,0,0,0,0,0,,,,,,,,20260706
,,,77357633S/M,Vidda Cap,FRV,41,64,0,0,0,0,0,0,0,0,0,0,0,0,0,,,,,,,,1,2,1,2,4,5,1,1,2,2,3,2,2,,,,,,,,0,0,0,0,0,0,0,0,0,0,0,0,0,,,,,,,,20260706
,,,77357662L/XL,Vidda Cap,FRV,8,14,0,0,0,0,0,0,0,0,0,0,0,0,0,,,,,,,,0,2,0,3,2,2,1,2,2,2,2,2,2,,,,,,,,0,0,0,0,0,0,0,0,0,0,0,0,0,,,,,,,,20260706
,,,77357662S/M,Vidda Cap,FRV,26,21,0,0,0,0,0,0,0,0,0,0,0,0,0,,,,,,,,0,2,0,4,4,2,1,2,3,2,2,2,2,,,,,,,,0,0,0,0,0,0,0,0,0,0,0,0,0,,,,,,,,20260706
,,,77362550X,Leather Luggage Tag,FRV,0,9,0,0,0,0,0,0,0,0,0,0,0,0,0,,,,,,,,0,2,0,2,3,3,2,2,5,2,2,2,0,,,,,,,,0,0,0,0,0,0,0,0,0,0,0,0,0,,,,,,,,20260706
,,,77363550X,Leather Passport Cover,FRV,0,9,0,0,0,0,0,0,0,0,0,0,0,0,0,,,,,,,,0,2,0,2,4,2,2,2,3,2,2,2,0,,,,,,,,0,0,0,0,0,0,0,0,0,0,0,0,0,,,,,,,,20260706
,,,77387031X,Byron Hat Thin,FRV,0,0,0,0,0,0,0,0,0,0,0,0,0,0,0,,,,,,,,0,0,0,3,0,0,0,0,0,0,0,0,0,,,,,,,,0,0,0,0,0,0,0,0,0,0,0,0,0,,,,,,,,20260706
,,,77387113X,Byron Hat Thin,FRV,1,0,0,0,0,0,0,0,0,0,0,0,0,0,0,,,,,,,,0,0,0,0,0,0,0,0,0,0,0,0,0,,,,,,,,0,0,0,0,0,0,0,0,0,0,0,0,0,,,,,,,,20260706
,,,77387215X,Byron Hat Thin,FRV,0,0,0,0,0,0,0,0,0,0,0,0,0,0,0,,,,,,,,0,0,0,2,0,0,0,0,0,0,0,0,0,,,,,,,,0,0,0,0,0,0,0,0,0,0,0,0,0,,,,,,,,20260706
,,,77387555X,Byron Hat Thin,FRV,0,0,0,0,0,0,0,0,0,0,0,0,0,0,0,,,,,,,,0,0,0,2,0,0,0,0,0,0,0,0,0,,,,,,,,0,0,0,0,0,0,0,0,0,0,0,0,0,,,,,,,,20260706
,,,77387574X,Byron Hat Thin,FRV,0,0,0,0,0,0,0,0,0,0,0,0,0,0,0,,,,,,,,0,0,0,1,0,0,0,0,0,0,0,0,0,,,,,,,,0,0,0,0,0,0,0,0,0,0,0,0,0,,,,,,,,20260706
,,,77387614X,Byron Hat Thin,FRV,0,0,0,0,0,0,0,0,0,0,0,0,0,0,0,,,,,,,,0,0,0,1,0,0,0,0,2,0,0,0,0,,,,,,,,0,0,0,0,0,0,0,0,0,0,0,0,0,,,,,,,,20260706
,,,77387633X,Byron Hat Thin,FRV,0,0,0,0,0,0,0,0,0,0,0,0,0,0,0,,,,,,,,0,0,0,2,0,0,0,0,0,0,0,0,0,,,,,,,,0,0,0,0,0,0,0,0,0,0,0,0,0,,,,,,,,20260706
,,,77388113X,Byron Hat,FRV,2,0,0,0,0,0,0,0,0,0,0,0,0,0,0,,,,,,,,0,0,0,0,0,0,1,0,0,0,0,0,0,,,,,,,,0,0,0,0,0,0,0,0,0,0,0,0,0,,,,,,,,20260706
,,,77388166X,Byron Hat,FRV,4,0,0,0,0,0,0,0,0,0,0,0,0,0,0,,,,,,,,0,0,0,1,0,0,1,0,0,0,0,0,0,,,,,,,,0,0,0,0,0,0,0,0,0,0,0,0,0,,,,,,,,20260706
,,,77388550X,Byron Hat,FRV,1,0,0,0,0,0,0,0,0,0,0,0,0,0,0,,,,,,,,0,0,0,0,0,0,1,0,0,0,0,0,0,,,,,,,,0,0,0,0,0,0,0,0,0,0,0,0,0,,,,,,,,20260706
,,,77388555X,Byron Hat,FRV,2,0,0,0,0,0,0,0,0,0,0,0,0,0,0,,,,,,,,0,0,0,0,0,1,0,0,0,0,1,0,0,,,,,,,,0,0,0,0,0,0,0,0,0,0,0,0,0,,,,,,,,20260706
,,,77388574X,Byron Hat,FRV,0,0,0,0,0,0,0,0,0,0,0,0,0,0,0,,,,,,,,0,0,0,1,0,1,0,0,0,0,0,0,0,,,,,,,,0,0,0,0,0,0,0,0,0,0,0,0,0,,,,,,,,20260706
,,,77391243L/XL,Fjallraven Est. 1960 Cap,FRV,0,0,0,0,0,0,0,0,0,0,0,0,0,0,0,,,,,,,,0,0,0,1,0,0,0,0,0,0,0,0,0,,,,,,,,0,0,0,0,0,0,0,0,0,0,0,0,0,,,,,,,,20260706
,,,77391243S/M,Fjallraven Est. 1960 Cap,FRV,0,0,0,0,0,0,0,0,0,0,0,0,0,0,0,,,,,,,,0,0,0,1,0,0,0,0,0,0,0,0,0,,,,,,,,0,0,0,0,0,0,0,0,0,0,0,0,0,,,,,,,,20260706
,,,77391300L/XL,Fjallraven Est. 1960 Cap,FRV,2,0,0,0,0,0,0,0,0,0,0,0,0,0,0,,,,,,,,0,0,0,1,1,1,0,0,0,0,0,0,0,,,,,,,,0,0,0,0,0,0,0,0,0,0,0,0,0,,,,,,,,20260706
,,,77391300S/M,Fjallraven Est. 1960 Cap,FRV,0,0,0,0,0,0,0,0,0,0,0,0,0,0,0,,,,,,,,0,0,0,1,0,0,0,0,0,0,0,0,0,,,,,,,,0,0,0,0,0,0,0,0,0,0,0,0,0,,,,,,,,20260706
,,,77391333L/XL,Fjallraven Est. 1960 Cap,FRV,0,0,0,0,0,0,0,0,0,0,0,0,0,0,0,,,,,,,,0,1,0,0,0,0,0,0,0,0,0,0,0,,,,,,,,0,0,0,0,0,0,0,0,0,0,0,0,0,,,,,,,,20260706
,,,77391534L/XL,Fjallraven Est. 1960 Cap,FRV,0,0,0,0,0,0,0,0,0,0,0,0,0,0,0,,,,,,,,0,0,0,1,0,0,0,0,0,0,0,0,0,,,,,,,,0,0,0,0,0,0,0,0,0,0,0,0,0,,,,,,,,20260706
,,,77391534S/M,Fjallraven Est. 1960 Cap,FRV,0,0,0,0,0,0,0,0,0,0,0,0,0,0,0,,,,,,,,0,0,0,1,0,0,1,0,0,0,0,0,0,,,,,,,,0,0,0,0,0,0,0,0,0,0,0,0,0,,,,,,,,20260706
,,,77391555L/XL,Fjallraven Est. 1960 Cap,FRV,0,0,0,0,0,0,0,0,0,0,0,0,0,0,0,,,,,,,,0,0,0,1,0,0,0,0,0,0,0,0,0,,,,,,,,0,0,0,0,0,0,0,0,0,0,0,0,0,,,,,,,,20260706
,,,77391555S/M,Fjallraven Est. 1960 Cap,FRV,0,0,0,0,0,0,0,0,0,0,0,0,0,0,0,,,,,,,,0,0,0,1,0,0,0,0,0,0,0,0,0,,,,,,,,0,0,0,0,0,0,0,0,0,0,0,0,0,,,,,,,,20260706
,,,77391620S/M,Fjallraven Est. 1960 Cap,FRV,0,0,0,0,0,0,0,0,0,0,0,0,0,0,0,,,,,,,,0,0,0,0,0,0,1,0,1,0,0,0,0,,,,,,,,0,0,0,0,0,0,0,0,0,0,0,0,0,,,,,,,,20260706
,,,77402196X,Abisko Hike Lite Cap,FRV,0,0,0,0,0,0,0,0,0,0,0,0,0,0,0,,,,,,,,0,1,0,0,0,0,1,0,0,0,0,0,0,,,,,,,,0,0,0,0,0,0,0,0,0,0,0,0,0,,,,,,,,20260706
,,,77402550X,Abisko Hike Lite Cap,FRV,0,0,0,0,0,0,0,0,0,0,0,0,0,0,0,,,,,,,,0,0,0,1,0,0,0,0,0,0,0,0,0,,,,,,,,0,0,0,0,0,0,0,0,0,0,0,0,0,,,,,,,,20260706
,,,77402555X,Abisko Hike Lite Cap,FRV,1,0,0,0,0,0,0,0,0,0,0,0,0,0,0,,,,,,,,0,1,1,1,1,0,0,0,0,0,0,0,0,,,,,,,,0,0,0,0,0,0,0,0,0,0,0,0,0,,,,,,,,20260706
,,,77402613X,Abisko Hike Lite Cap,FRV,0,0,0,0,0,0,0,0,0,0,0,0,0,0,0,,,,,,,,0,1,0,0,0,0,1,0,0,0,0,0,0,,,,,,,,0,0,0,0,0,0,0,0,0,0,0,0,0,,,,,,,,20260706
,,,77402620X,Abisko Hike Lite Cap,FRV,2,0,0,0,0,0,0,0,0,0,0,0,0,0,0,,,,,,,,0,1,0,1,1,0,0,0,0,0,0,0,0,,,,,,,,0,0,0,0,0,0,0,0,0,0,0,0,0,,,,,,,,20260706
,,,77403555X,Abisko Mesh Cap,FRV,0,0,0,0,0,0,0,0,0,0,0,0,0,0,0,,,,,,,,0,0,0,2,1,0,0,0,1,0,0,0,0,,,,,,,,0,0,0,0,0,0,0,0,0,0,0,0,0,,,,,,,,20260706
,,,77403614X,Abisko Mesh Cap,FRV,0,0,0,0,0,0,0,0,0,0,0,0,0,0,0,,,,,,,,0,0,0,1,0,0,0,0,0,0,0,0,0,,,,,,,,0,0,0,0,0,0,0,0,0,0,0,0,0,,,,,,,,20260706
,,,77403622X,Abisko Mesh Cap,FRV,0,0,0,0,0,0,0,0,0,0,0,0,0,0,0,,,,,,,,0,0,0,2,0,0,0,0,0,0,0,0,0,,,,,,,,0,0,0,0,0,0,0,0,0,0,0,0,0,,,,,,,,20260706
,,,77404550X,Bergtagen Cap,FRV,0,0,0,0,0,0,0,0,0,0,0,0,0,0,0,,,,,,,,0,0,1,1,0,0,0,0,0,4,2,1,0,,,,,,,,0,0,0,0,0,0,0,0,0,0,0,0,0,,,,,,,,20260706
,,,77404570X,Bergtagen Cap,FRV,0,0,0,0,0,0,0,0,0,0,0,0,0,0,0,,,,,,,,0,0,0,1,1,0,0,0,0,1,2,1,0,,,,,,,,0,0,0,0,0,0,0,0,0,0,0,0,0,,,,,,,,20260706
,,,77406196L/XL,Abisko Sun Hat,FRV,0,0,0,0,0,0,0,0,0,0,0,0,0,0,0,,,,,,,,0,0,0,1,0,0,0,0,0,1,0,0,0,,,,,,,,0,0,0,0,0,0,0,0,0,0,0,0,0,,,,,,,,20260706
,,,77406300L/XL,Abisko Sun Hat,FRV,0,0,0,0,0,0,0,0,0,0,0,0,0,0,0,,,,,,,,0,2,0,0,0,0,0,0,0,2,0,0,0,,,,,,,,0,0,0,0,0,0,0,0,0,0,0,0,0,,,,,,,,20260706
,,,77406300S/M,Abisko Sun Hat,FRV,0,0,0,0,0,0,0,0,0,0,0,0,0,0,0,,,,,,,,0,0,0,0,0,0,0,0,0,1,0,0,0,,,,,,,,0,0,0,0,0,0,0,0,0,0,0,0,0,,,,,,,,20260706
,,,77406550L/XL,Abisko Sun Hat,FRV,2,1,0,0,0,0,0,0,0,0,0,0,0,0,0,,,,,,,,0,1,0,1,1,1,0,0,0,1,1,1,0,,,,,,,,0,0,0,0,0,0,0,0,0,0,0,0,0,,,,,,,,20260706
,,,77406550S/M,Abisko Sun Hat,FRV,2,2,0,0,0,0,0,0,0,0,0,0,0,0,0,,,,,,,,0,1,0,1,1,1,0,1,0,1,1,1,0,,,,,,,,0,0,0,0,0,0,0,0,0,0,0,0,0,,,,,,,,20260706
,,,77406555L/XL,Abisko Sun Hat,FRV,0,0,0,0,0,0,0,0,0,0,0,0,0,0,0,,,,,,,,0,1,0,0,0,0,0,0,0,0,0,0,0,,,,,,,,0,0,0,0,0,0,0,0,0,0,0,0,0,,,,,,,,20260706
,,,77406555S/M,Abisko Sun Hat,FRV,0,0,0,0,0,0,0,0,0,0,0,0,0,0,0,,,,,,,,0,1,0,1,0,0,0,0,0,0,0,0,0,,,,,,,,0,0,0,0,0,0,0,0,0,0,0,0,0,,,,,,,,20260706
,,,77406613L/XL,Abisko Sun Hat,FRV,0,0,0,0,0,0,0,0,0,0,0,0,0,0,0,,,,,,,,0,1,0,1,0,0,0,0,0,1,0,0,0,,,,,,,,0,0,0,0,0,0,0,0,0,0,0,0,0,,,,,,,,20260706
,,,77406613S/M,Abisko Sun Hat,FRV,0,0,0,0,0,0,0,0,0,0,0,0,0,0,0,,,,,,,,0,1,0,0,0,0,0,1,0,0,0,1,0,,,,,,,,0,0,0,0,0,0,0,0,0,0,0,0,0,,,,,,,,20260706
,,,77406620L/XL,Abisko Sun Hat,FRV,2,0,0,0,0,0,0,0,0,0,0,0,0,0,0,,,,,,,,0,1,0,1,1,0,0,1,0,1,1,1,0,,,,,,,,0,0,0,0,0,0,0,0,0,0,0,0,0,,,,,,,,20260706
,,,77406620S/M,Abisko Sun Hat,FRV,2,4,0,0,0,0,0,0,0,0,0,0,0,0,0,,,,,,,,0,1,0,1,1,1,0,1,0,1,1,1,0,,,,,,,,0,0,0,0,0,0,0,0,0,0,0,0,0,,,,,,,,20260706
,,,77407211L/XL,Lappland Camo Cap,FRV,0,0,0,0,0,0,0,0,0,0,0,0,0,0,0,,,,,,,,0,1,0,1,3,0,1,0,0,0,0,0,0,,,,,,,,0,0,0,0,0,0,0,0,0,0,0,0,0,,,,,,,,20260706
,,,77407211S/M,Lappland Camo Cap,FRV,3,0,0,0,0,0,0,0,0,0,0,0,0,0,0,,,,,,,,0,1,0,1,2,0,1,0,1,0,0,0,2,,,,,,,,0,0,0,0,0,0,0,0,0,0,0,0,0,,,,,,,,20260706
,,,77407626L/XL,Lappland Camo Cap,FRV,0,0,0,0,0,0,0,0,0,0,0,0,0,0,0,,,,,,,,0,1,0,1,0,0,0,0,1,0,0,0,0,,,,,,,,0,0,0,0,0,0,0,0,0,0,0,0,0,,,,,,,,20260706
,,,77407626S/M,Lappland Camo Cap,FRV,0,0,0,0,0,0,0,0,0,0,0,0,0,0,0,,,,,,,,0,1,0,1,1,0,1,0,0,0,0,0,0,,,,,,,,0,0,0,0,0,0,0,0,0,0,0,0,0,,,,,,,,20260706
,,,77407636S/M,Lappland Camo Cap,FRV,0,0,0,0,0,0,0,0,0,0,0,0,0,0,0,,,,,,,,0,0,0,1,0,0,1,1,0,0,0,0,0,,,,,,,,0,0,0,0,0,0,0,0,0,0,0,0,0,,,,,,,,20260706
,,,77409543-534X,Abisko Visor Cap,FRV,0,0,0,0,0,0,0,0,0,0,0,0,0,0,0,,,,,,,,0,0,0,1,0,0,0,0,1,0,0,0,0,,,,,,,,0,0,0,0,0,0,0,0,0,0,0,0,0,,,,,,,,20260706
,,,77409555-614X,Abisko Visor Cap,FRV,2,0,0,0,0,0,0,0,0,0,0,0,0,0,0,,,,,,,,0,0,0,1,0,0,0,0,1,0,0,0,0,,,,,,,,0,0,0,0,0,0,0,0,0,0,0,0,0,,,,,,,,20260706
,,,77409622X,Abisko Visor Cap,FRV,0,0,0,0,0,0,0,0,0,0,0,0,0,0,0,,,,,,,,0,0,0,0,0,0,0,0,1,0,0,0,0,,,,,,,,0,0,0,0,0,0,0,0,0,0,0,0,0,,,,,,,,20260706
,,,77410550X,Abisko Midsummer Belt,FRV,0,0,0,0,0,0,0,0,0,0,0,0,0,0,0,,,,,,,,0,1,0,1,1,1,2,2,0,1,0,2,0,,,,,,,,0,0,0,0,0,0,0,0,0,0,0,0,0,,,,,,,,20260706
,,,77410622X,Abisko Midsummer Belt,FRV,3,0,0,0,0,0,0,0,0,0,0,0,0,0,0,,,,,,,,0,2,0,2,1,2,2,2,0,2,0,2,0,,,,,,,,0,0,0,0,0,0,0,0,0,0,0,0,0,,,,,,,,20260706
,,,78128113X,Ovik Knit Hat,FRV,1,0,0,0,0,0,0,0,0,0,0,0,0,0,0,,,,,,,,0,0,0,0,0,0,0,0,3,0,0,0,0,,,,,,,,0,0,0,0,0,0,0,0,0,0,0,0,0,,,,,,,,20260706
,,,78128356X,Ovik Knit Hat,FRV,0,0,0,0,0,0,0,0,0,0,0,0,0,0,0,,,,,,,,0,0,0,1,0,0,0,0,0,0,0,0,0,,,,,,,,0,0,0,0,0,0,0,0,0,0,0,0,0,,,,,,,,20260706
,,,78128560X,Ovik Knit Hat,FRV,0,0,0,0,0,0,0,0,0,0,0,0,0,0,0,,,,,,,,0,0,0,0,0,0,0,0,1,0,0,0,0,,,,,,,,0,0,0,0,0,0,0,0,0,0,0,0,0,,,,,,,,20260706
,,,78128679X,Ovik Knit Hat,FRV,3,0,0,0,0,0,0,0,0,0,0,0,0,0,0,,,,,,,,0,0,0,2,0,0,0,0,3,0,0,0,0,,,,,,,,0,0,0,0,0,0,0,0,0,0,0,0,0,,,,,,,,20260706
,,,78138232L/XL,1960 Logo Langtradarkeps,FRV,0,2,0,0,0,0,0,0,0,0,0,0,0,0,0,,,,,,,,1,1,1,1,1,1,0,1,1,1,1,1,0,,,,,,,,0,0,0,0,0,0,0,0,0,0,0,0,0,,,,,,,,20260706
,,,78138232S/M,1960 Logo Langtradarkeps,FRV,0,3,0,0,0,0,0,0,0,0,0,0,0,0,0,,,,,,,,1,1,1,1,1,1,0,1,1,1,2,1,0,,,,,,,,0,0,0,0,0,0,0,0,0,0,0,0,0,,,,,,,,20260706
,,,78138248S/M,1960 Logo Langtradarkeps,FRV,0,0,0,0,0,0,0,0,0,0,0,0,0,0,0,,,,,,,,0,0,0,2,0,0,0,0,0,0,0,0,0,,,,,,,,0,0,0,0,0,0,0,0,0,0,0,0,0,,,,,,,,20260706
,,,78138300L/XL,1960 Logo Langtradarkeps,FRV,0,5,0,0,0,0,0,0,0,0,0,0,0,0,0,,,,,,,,0,1,0,1,1,1,0,1,1,1,1,1,0,,,,,,,,0,0,0,0,0,0,0,0,0,0,0,0,0,,,,,,,,20260706
,,,78138300S/M,1960 Logo Langtradarkeps,FRV,0,4,0,0,0,0,0,0,0,0,0,0,0,0,0,,,,,,,,0,1,0,1,0,1,0,1,1,1,1,1,0,,,,,,,,0,0,0,0,0,0,0,0,0,0,0,0,0,,,,,,,,20260706
,,,78138534L/XL,1960 Logo Langtradarkeps,FRV,0,0,0,0,0,0,0,0,0,0,0,0,0,0,0,,,,,,,,0,0,0,1,0,0,0,0,0,0,0,0,0,,,,,,,,0,0,0,0,0,0,0,0,0,0,0,0,0,,,,,,,,20260706
,,,78138534S/M,1960 Logo Langtradarkeps,FRV,0,0,0,0,0,0,0,0,0,0,0,0,0,0,0,,,,,,,,0,0,0,1,0,0,0,0,0,0,0,0,0,,,,,,,,0,0,0,0,0,0,0,0,0,0,0,0,0,,,,,,,,20260706
,,,78138550L/XL,1960 Logo Langtradarkeps,FRV,0,0,0,0,0,0,0,0,0,0,0,0,0,0,0,,,,,,,,1,1,0,1,1,1,0,0,0,1,0,1,0,,,,,,,,0,0,0,0,0,0,0,0,0,0,0,0,0,,,,,,,,20260706
,,,78138550S/M,1960 Logo Langtradarkeps,FRV,0,0,0,0,0,0,0,0,0,0,0,0,0,0,0,,,,,,,,1,1,1,1,1,1,0,1,0,1,1,1,0,,,,,,,,0,0,0,0,0,0,0,0,0,0,0,0,0,,,,,,,,20260706
,,,78138555L/XL,1960 Logo Langtradarkeps,FRV,0,0,0,0,0,0,0,0,0,0,0,0,0,0,0,,,,,,,,0,1,0,0,0,0,0,0,0,0,0,0,0,,,,,,,,0,0,0,0,0,0,0,0,0,0,0,0,0,,,,,,,,20260706
,,,78138555S/M,1960 Logo Langtradarkeps,FRV,0,0,0,0,0,0,0,0,0,0,0,0,0,0,0,,,,,,,,0,1,0,1,1,0,0,0,0,0,0,0,0,,,,,,,,0,0,0,0,0,0,0,0,0,0,0,0,0,,,,,,,,20260706
,,,78138614S/M,1960 Logo Langtradarkeps,FRV,0,0,0,0,0,0,0,0,0,0,0,0,0,0,0,,,,,,,,0,0,0,1,0,1,0,0,0,0,0,0,0,,,,,,,,0,0,0,0,0,0,0,0,0,0,0,0,0,,,,,,,,20260706
,,,78138620L/XL,1960 Logo Langtradarkeps,FRV,0,0,0,0,0,0,0,0,0,0,0,0,0,0,0,,,,,,,,0,0,0,1,0,0,0,0,0,0,0,0,0,,,,,,,,0,0,0,0,0,0,0,0,0,0,0,0,0,,,,,,,,20260706
,,,78138620S/M,1960 Logo Langtradarkeps,FRV,0,0,0,0,0,0,0,0,0,0,0,0,0,0,0,,,,,,,,0,0,0,1,0,1,0,0,0,0,0,0,0,,,,,,,,0,0,0,0,0,0,0,0,0,0,0,0,0,,,,,,,,20260706
,,,78138662L/XL,1960 Logo Langtradarkeps,FRV,0,0,0,0,0,0,0,0,0,0,0,0,0,0,0,,,,,,,,0,0,0,1,1,0,0,0,0,0,0,0,0,,,,,,,,0,0,0,0,0,0,0,0,0,0,0,0,0,,,,,,,,20260706
,,,78138662S/M,1960 Logo Langtradarkeps,FRV,0,0,0,0,0,0,0,0,0,0,0,0,0,0,0,,,,,,,,0,0,0,1,0,0,0,0,0,0,0,0,0,,,,,,,,0,0,0,0,0,0,0,0,0,0,0,0,0,,,,,,,,20260706
,,,78139232L/XL,Vardag Langtradarkeps,FRV,1,0,0,0,0,0,0,0,0,0,0,0,0,0,0,,,,,,,,0,0,0,1,0,0,0,0,0,0,2,0,0,,,,,,,,0,0,0,0,0,0,0,0,0,0,0,0,0,,,,,,,,20260706
,,,78139232S/M,Vardag Langtradarkeps,FRV,0,0,0,0,0,0,0,0,0,0,0,0,0,0,0,,,,,,,,0,0,0,1,0,0,0,0,0,0,2,0,0,,,,,,,,0,0,0,0,0,0,0,0,0,0,0,0,0,,,,,,,,20260706
,,,78139248L/XL,Vardag Langtradarkeps,FRV,0,0,0,0,0,0,0,0,0,0,0,0,0,0,0,,,,,,,,0,0,0,1,0,0,0,0,0,0,0,0,0,,,,,,,,0,0,0,0,0,0,0,0,0,0,0,0,0,,,,,,,,20260706
,,,78139248S/M,Vardag Langtradarkeps,FRV,0,0,0,0,0,0,0,0,0,0,0,0,0,0,0,,,,,,,,0,0,0,1,0,0,0,0,0,0,1,0,0,,,,,,,,0,0,0,0,0,0,0,0,0,0,0,0,0,,,,,,,,20260706
,,,78139550L/XL,Vardag Langtradarkeps,FRV,0,0,0,0,0,0,0,0,0,0,0,0,0,0,0,,,,,,,,0,0,0,1,0,0,0,0,0,0,0,0,0,,,,,,,,0,0,0,0,0,0,0,0,0,0,0,0,0,,,,,,,,20260706
,,,78139550S/M,Vardag Langtradarkeps,FRV,0,0,0,0,0,0,0,0,0,0,0,0,0,0,0,,,,,,,,0,0,0,1,0,0,0,0,0,0,1,0,0,,,,,,,,0,0,0,0,0,0,0,0,0,0,0,0,0,,,,,,,,20260706
,,,78139555S/M,Vardag Langtradarkeps,FRV,0,0,0,0,0,0,0,0,0,0,0,0,0,0,0,,,,,,,,0,0,0,2,0,0,0,0,0,0,1,0,0,,,,,,,,0,0,0,0,0,0,0,0,0,0,0,0,0,,,,,,,,20260706
,,,78139560S/M,Vardag Langtradarkeps,FRV,0,0,0,0,0,0,0,0,0,0,0,0,0,0,0,,,,,,,,0,0,0,2,0,0,0,0,0,0,1,0,0,,,,,,,,0,0,0,0,0,0,0,0,0,0,0,0,0,,,,,,,,20260706
,,,78139662S/M,Vardag Langtradarkeps,FRV,0,0,0,0,0,0,0,0,0,0,0,0,0,0,0,,,,,,,,0,0,0,1,0,0,0,0,0,0,0,0,0,,,,,,,,0,0,0,0,0,0,0,0,0,0,0,0,0,,,,,,,,20260706
,,,78141166X,Vardag Classic Beanie,FRV,0,0,0,0,0,0,0,0,0,0,0,0,0,0,0,,,,,,,,0,0,0,1,0,0,0,0,0,0,0,0,0,,,,,,,,0,0,0,0,0,0,0,0,0,0,0,0,0,,,,,,,,20260706
,,,78141243X,Vardag Classic Beanie,FRV,1,0,0,0,0,0,0,0,0,0,0,0,0,0,0,,,,,,,,0,0,0,1,0,0,0,0,2,0,0,0,0,,,,,,,,0,0,0,0,0,0,0,0,0,0,0,0,0,,,,,,,,20260706
,,,78141299X,Vardag Classic Beanie,FRV,0,0,0,0,0,0,0,0,0,0,0,0,0,0,0,,,,,,,,0,0,0,1,0,0,0,0,0,0,0,0,0,,,,,,,,0,0,0,0,0,0,0,0,0,0,0,0,0,,,,,,,,20260706
,,,78141347X,Vardag Classic Beanie,FRV,0,0,0,0,0,0,0,0,0,0,0,0,0,0,0,,,,,,,,0,0,0,1,0,0,0,0,0,0,0,0,0,,,,,,,,0,0,0,0,0,0,0,0,0,0,0,0,0,,,,,,,,20260706
,,,78141538X,Vardag Classic Beanie,FRV,0,0,0,0,0,0,0,0,0,0,0,0,0,0,0,,,,,,,,0,0,0,1,0,0,0,0,0,0,0,0,0,,,,,,,,0,0,0,0,0,0,0,0,0,0,0,0,0,,,,,,,,20260706
,,,78141550X,Vardag Classic Beanie,FRV,0,0,0,0,0,0,0,0,0,0,0,0,0,0,0,,,,,,,,0,0,0,1,0,0,0,0,1,0,0,0,0,,,,,,,,0,0,0,0,0,0,0,0,0,0,0,0,0,,,,,,,,20260706
,,,78141638X,Vardag Classic Beanie,FRV,0,0,0,0,0,0,0,0,0,0,0,0,0,0,0,,,,,,,,0,0,0,1,0,0,0,0,1,0,0,0,0,,,,,,,,0,0,0,0,0,0,0,0,0,0,0,0,0,,,,,,,,20260706
,,,78141667X,Vardag Classic Beanie,FRV,0,0,0,0,0,0,0,0,0,0,0,0,0,0,0,,,,,,,,0,0,0,1,0,0,0,0,0,0,0,0,0,,,,,,,,0,0,0,0,0,0,0,0,0,0,0,0,0,,,,,,,,20260706
,,,78142300X,1960 Logo Hat,FRV,1,0,0,0,0,0,0,0,0,0,0,0,0,0,0,,,,,,,,0,0,0,1,0,0,0,0,0,0,0,0,0,,,,,,,,0,0,0,0,0,0,0,0,0,0,0,0,0,,,,,,,,20260706
,,,78142334X,1960 Logo Hat,FRV,1,0,0,0,0,0,0,0,0,0,0,0,0,0,0,,,,,,,,0,0,0,1,0,0,0,0,0,0,0,0,0,,,,,,,,0,0,0,0,0,0,0,0,0,0,0,0,0,,,,,,,,20260706
,,,78142357X,1960 Logo Hat,FRV,1,0,0,0,0,0,0,0,0,0,0,0,0,0,0,,,,,,,,0,0,0,1,0,0,0,0,0,0,0,0,0,,,,,,,,0,0,0,0,0,0,0,0,0,0,0,0,0,,,,,,,,20260706
,,,78142662X,1960 Logo Hat,FRV,0,0,0,0,0,0,0,0,0,0,0,0,0,0,0,,,,,,,,0,0,0,0,0,1,0,0,0,0,0,0,0,,,,,,,,0,0,0,0,0,0,0,0,0,0,0,0,0,,,,,,,,20260706
,,,78142677X,1960 Logo Hat,FRV,0,0,0,0,0,0,0,0,0,0,0,0,0,0,0,,,,,,,,0,0,0,2,0,0,0,0,0,0,0,0,0,,,,,,,,0,0,0,0,0,0,0,0,0,0,0,0,0,,,,,,,,20260706
,,,78143020X,Directional Rib Beanie,FRV,0,0,0,0,0,0,0,0,0,0,0,0,0,0,0,,,,,,,,0,0,0,1,0,0,0,0,0,0,0,0,0,,,,,,,,0,0,0,0,0,0,0,0,0,0,0,0,0,,,,,,,,20260706
,,,78144166X,Kids 1960 Logo Hat,FRV,5,0,0,0,0,0,0,0,0,0,0,0,0,0,0,,,,,,,,0,0,0,1,0,0,0,0,0,0,0,0,0,,,,,,,,0,0,0,0,0,0,0,0,0,0,0,0,0,,,,,,,,20260706
,,,78144334X,Kids 1960 Logo Hat,FRV,4,0,0,0,0,0,0,0,0,0,0,0,0,0,0,,,,,,,,0,0,0,1,0,0,0,0,0,0,0,0,0,,,,,,,,0,0,0,0,0,0,0,0,0,0,0,0,0,,,,,,,,20260706
,,,78144538X,Kids 1960 Logo Hat,FRV,10,0,0,0,0,0,0,0,0,0,0,0,0,0,0,,,,,,,,0,0,0,1,0,0,0,0,0,0,0,0,0,,,,,,,,0,0,0,0,0,0,0,0,0,0,0,0,0,,,,,,,,20260706
,,,78144638X,Kids 1960 Logo Hat,FRV,4,0,0,0,0,0,0,0,0,0,0,0,0,0,0,,,,,,,,0,0,0,1,0,0,0,0,0,0,0,0,0,,,,,,,,0,0,0,0,0,0,0,0,0,0,0,0,0,,,,,,,,20260706
,,,78150118L/XL,High Coast Lite Cap,FRV,0,0,0,0,0,0,0,0,0,0,0,0,0,0,0,,,,,,,,0,0,0,1,0,0,0,0,0,0,0,0,1,,,,,,,,0,0,0,0,0,0,0,0,0,0,0,0,0,,,,,,,,20260706
,,,78150118S/M,High Coast Lite Cap,FRV,0,0,0,0,0,0,0,0,0,0,0,0,0,0,0,,,,,,,,0,0,0,1,0,0,1,0,0,0,0,0,2,,,,,,,,0,0,0,0,0,0,0,0,0,0,0,0,0,,,,,,,,20260706
,,,78150166L/XL,High Coast Lite Cap,FRV,0,0,0,0,0,0,0,0,0,0,0,0,0,0,0,,,,,,,,0,0,0,1,0,0,0,0,0,0,0,0,1,,,,,,,,0,0,0,0,0,0,0,0,0,0,0,0,0,,,,,,,,20260706
,,,78150166S/M,High Coast Lite Cap,FRV,0,0,0,0,0,0,0,0,0,0,0,0,0,0,0,,,,,,,,0,0,0,1,0,0,0,0,0,0,0,0,2,,,,,,,,0,0,0,0,0,0,0,0,0,0,0,0,0,,,,,,,,20260706
,,,78150214L/XL,High Coast Lite Cap,FRV,0,0,0,0,0,0,0,0,0,0,0,0,0,0,0,,,,,,,,0,0,0,1,0,0,0,0,0,0,0,0,0,,,,,,,,0,0,0,0,0,0,0,0,0,0,0,0,0,,,,,,,,20260706
,,,78150514L/XL,High Coast Lite Cap,FRV,0,0,0,0,0,0,0,0,0,0,0,0,0,0,0,,,,,,,,0,0,0,1,0,0,1,0,0,0,0,0,2,,,,,,,,0,0,0,0,0,0,0,0,0,0,0,0,0,,,,,,,,20260706
,,,78150514S/M,High Coast Lite Cap,FRV,0,0,0,0,0,0,0,0,0,0,0,0,0,0,0,,,,,,,,0,0,0,1,0,0,1,0,0,0,0,0,2,,,,,,,,0,0,0,0,0,0,0,0,0,0,0,0,0,,,,,,,,20260706
,,,78150550L/XL,High Coast Lite Cap,FRV,0,0,0,0,0,0,0,0,0,0,0,0,0,0,0,,,,,,,,0,0,0,1,0,0,0,0,0,0,0,0,0,,,,,,,,0,0,0,0,0,0,0,0,0,0,0,0,0,,,,,,,,20260706
,,,78150550S/M,High Coast Lite Cap,FRV,0,0,0,0,0,0,0,0,0,0,0,0,0,0,0,,,,,,,,0,0,0,1,0,0,0,0,1,0,0,0,1,,,,,,,,0,0,0,0,0,0,0,0,0,0,0,0,0,,,,,,,,20260706
,,,78150555L/XL,High Coast Lite Cap,FRV,0,0,0,0,0,0,0,0,0,0,0,0,0,0,0,,,,,,,,0,0,0,0,0,0,1,0,0,0,0,0,0,,,,,,,,0,0,0,0,0,0,0,0,0,0,0,0,0,,,,,,,,20260706
,,,78150555S/M,High Coast Lite Cap,FRV,0,0,0,0,0,0,0,0,0,0,0,0,0,0,0,,,,,,,,0,0,0,0,0,0,1,0,0,0,0,0,1,,,,,,,,0,0,0,0,0,0,0,0,0,0,0,0,0,,,,,,,,20260706
,,,78150620L/XL,High Coast Lite Cap,FRV,0,0,0,0,0,0,0,0,0,0,0,0,0,0,0,,,,,,,,0,0,0,3,0,0,0,0,1,0,0,0,0,,,,,,,,0,0,0,0,0,0,0,0,0,0,0,0,0,,,,,,,,20260706
,,,78150620S/M,High Coast Lite Cap,FRV,0,0,0,0,0,0,0,0,0,0,0,0,0,0,0,,,,,,,,0,0,0,1,0,0,0,0,1,0,0,0,2,,,,,,,,0,0,0,0,0,0,0,0,0,0,0,0,0,,,,,,,,20260706
,,,78151030L/XL,Ovik Flat Cap,FRV,0,0,0,0,0,0,0,0,0,0,0,0,0,0,0,,,,,,,,0,0,0,0,0,0,0,0,0,3,0,0,0,,,,,,,,0,0,0,0,0,0,0,0,0,0,0,0,0,,,,,,,,20260706
,,,78151030S/M,Ovik Flat Cap,FRV,0,0,0,0,0,0,0,0,0,0,0,0,0,0,0,,,,,,,,0,2,0,1,0,0,1,2,0,3,1,2,0,,,,,,,,0,0,0,0,0,0,0,0,0,0,0,0,0,,,,,,,,20260706
,,,78151625L/XL,Ovik Flat Cap,FRV,0,0,0,0,0,0,0,0,0,0,0,0,0,0,0,,,,,,,,0,0,0,2,0,0,0,2,0,3,0,0,0,,,,,,,,0,0,0,0,0,0,0,0,0,0,0,0,0,,,,,,,,20260706
,,,78151625S/M,Ovik Flat Cap,FRV,6,0,0,0,0,0,0,0,0,0,0,0,0,0,0,,,,,,,,1,2,1,2,2,2,1,2,2,3,3,3,0,,,,,,,,0,0,0,0,0,0,0,0,0,0,0,0,0,,,,,,,,20260706
,,,78151662S/M,Ovik Flat Cap,FRV,0,0,0,0,0,0,0,0,0,0,0,0,0,0,0,,,,,,,,0,0,0,3,0,3,0,2,0,2,0,0,0,,,,,,,,0,0,0,0,0,0,0,0,0,0,0,0,0,,,,,,,,20260706
,,,78152232L/XL,Badge Langtradarkeps,FRV,0,0,0,0,0,0,0,0,0,0,0,0,0,0,0,,,,,,,,0,0,0,0,0,0,0,1,0,0,0,0,0,,,,,,,,0,0,0,0,0,0,0,0,0,0,0,0,0,,,,,,,,20260706
,,,78152232S/M,Badge Langtradarkeps,FRV,0,0,0,0,0,0,0,0,0,0,0,0,0,0,0,,,,,,,,0,0,0,1,0,0,0,2,0,0,0,0,0,,,,,,,,0,0,0,0,0,0,0,0,0,0,0,0,0,,,,,,,,20260706
,,,78152550L/XL,Badge Langtradarkeps,FRV,0,0,0,0,0,0,0,0,0,0,0,0,0,0,0,,,,,,,,0,0,0,0,0,1,0,1,0,0,0,0,0,,,,,,,,0,0,0,0,0,0,0,0,0,0,0,0,0,,,,,,,,20260706
,,,78152550S/M,Badge Langtradarkeps,FRV,0,0,0,0,0,0,0,0,0,0,0,0,0,0,0,,,,,,,,0,0,0,1,0,1,0,1,0,0,0,0,0,,,,,,,,0,0,0,0,0,0,0,0,0,0,0,0,0,,,,,,,,20260706
,,,78152560S/M,Badge Langtradarkeps,FRV,0,0,0,0,0,0,0,0,0,0,0,0,0,0,0,,,,,,,,0,0,0,1,0,1,0,1,0,0,0,0,0,,,,,,,,0,0,0,0,0,0,0,0,0,0,0,0,0,,,,,,,,20260706
,,,78152620L/XL,Badge Langtradarkeps,FRV,0,0,0,0,0,0,0,0,0,0,0,0,0,0,0,,,,,,,,0,0,0,1,0,0,0,1,0,0,0,0,0,,,,,,,,0,0,0,0,0,0,0,0,0,0,0,0,0,,,,,,,,20260706
,,,78152620S/M,Badge Langtradarkeps,FRV,0,0,0,0,0,0,0,0,0,0,0,0,0,0,0,,,,,,,,0,0,0,0,0,2,0,2,0,0,0,0,0,,,,,,,,0,0,0,0,0,0,0,0,0,0,0,0,0,,,,,,,,20260706
,,,78210550M,Nordic heater,FRV,0,0,0,0,0,0,0,0,0,0,0,0,0,0,0,,,,,,,,0,0,0,1,0,0,0,0,0,0,0,0,0,,,,,,,,0,0,0,0,0,0,0,0,0,0,0,0,0,,,,,,,,20260706
,,,78210555XL,Nordic heater,FRV,0,0,0,0,0,0,0,0,0,0,0,0,0,0,0,,,,,,,,0,0,0,1,0,0,0,0,0,0,0,0,0,,,,,,,,0,0,0,0,0,0,0,0,0,0,0,0,0,,,,,,,,20260706
,,,79030X,Greenland Wax travel pack,FRV,897,386,0,0,0,0,0,0,0,0,0,0,0,0,0,,,,,,,,7,20,8,10,29,60,19,30,24,21,55,35,0,,,,,,,,0,0,0,0,0,0,0,0,0,0,0,0,0,,,,,,,,20260706
,,,79060X,Greenland Wax,FRV,2312,658,0,0,0,0,0,0,0,0,0,0,0,0,0,,,,,,,,5,18,16,7,27,78,22,24,15,21,36,28,11,,,,,,,,0,0,0,0,0,0,0,0,0,0,0,0,0,,,,,,,,20260706
,,,79061X,Greenland Wax Bag,FRV,0,29,0,0,0,0,0,0,0,0,0,0,0,0,0,,,,,,,,2,3,2,2,5,3,3,3,2,5,8,5,0,,,,,,,,0,0,0,0,0,0,0,0,0,0,0,0,0,,,,,,,,20260706
,,,79104X,Kneepads,FRV,10,13,0,0,0,0,0,0,0,0,0,0,0,0,0,,,,,,,,0,2,0,2,3,3,2,2,2,2,1,2,0,,,,,,,,0,0,0,0,0,0,0,0,0,0,0,0,0,,,,,,,,20260706
,,,79258030L,Hatfield Hat,FRV,0,0,0,0,0,0,0,0,0,0,0,0,0,0,0,,,,,,,,1,1,0,2,0,0,0,1,0,1,0,1,0,,,,,,,,0,0,0,0,0,0,0,0,0,0,0,0,0,,,,,,,,20260706
,,,79258030S,Hatfield Hat,FRV,0,0,0,0,0,0,0,0,0,0,0,0,0,0,0,,,,,,,,0,0,0,1,1,0,0,0,0,0,0,0,0,,,,,,,,0,0,0,0,0,0,0,0,0,0,0,0,0,,,,,,,,20260706
,,,79258030XL,Hatfield Hat,FRV,0,0,0,0,0,0,0,0,0,0,0,0,0,0,0,,,,,,,,0,1,0,1,1,1,1,1,0,1,1,1,0,,,,,,,,0,0,0,0,0,0,0,0,0,0,0,0,0,,,,,,,,20260706
,,,79258195L,Hatfield Hat,FRV,0,1,0,0,0,0,0,0,0,0,0,0,0,0,0,,,,,,,,1,1,0,3,1,1,1,1,0,1,1,1,0,,,,,,,,0,0,0,0,0,0,0,0,0,0,0,0,0,,,,,,,,20260706
,,,79258195M,Hatfield Hat,FRV,0,0,0,0,0,0,0,0,0,0,0,0,0,0,0,,,,,,,,0,0,0,2,1,0,1,0,0,1,1,1,0,,,,,,,,0,0,0,0,0,0,0,0,0,0,0,0,0,,,,,,,,20260706
,,,79258195S,Hatfield Hat,FRV,0,0,0,0,0,0,0,0,0,0,0,0,0,0,0,,,,,,,,0,0,0,1,0,0,0,0,0,0,0,0,0,,,,,,,,0,0,0,0,0,0,0,0,0,0,0,0,0,,,,,,,,20260706
,,,79258195XL,Hatfield Hat,FRV,0,0,0,0,0,0,0,0,0,0,0,0,0,0,0,,,,,,,,0,1,0,1,1,0,1,1,0,1,0,0,0,,,,,,,,0,0,0,0,0,0,0,0,0,0,0,0,0,,,,,,,,20260706
,,,79258243L,Hatfield Hat,FRV,0,0,0,0,0,0,0,0,0,0,0,0,0,0,0,,,,,,,,0,0,0,1,0,0,0,0,0,0,0,0,0,,,,,,,,0,0,0,0,0,0,0,0,0,0,0,0,0,,,,,,,,20260706
,,,79258243M,Hatfield Hat,FRV,0,0,0,0,0,0,0,0,0,0,0,0,0,0,0,,,,,,,,0,0,0,1,0,0,1,1,0,0,0,0,0,,,,,,,,0,0,0,0,0,0,0,0,0,0,0,0,0,,,,,,,,20260706
,,,79258244L,Hatfield Hat,FRV,0,0,0,0,0,0,0,0,0,0,0,0,0,0,0,,,,,,,,0,0,0,1,1,1,0,1,0,1,1,1,0,,,,,,,,0,0,0,0,0,0,0,0,0,0,0,0,0,,,,,,,,20260706
,,,79258244M,Hatfield Hat,FRV,0,0,0,0,0,0,0,0,0,0,0,0,0,0,0,,,,,,,,0,0,0,2,1,0,0,0,0,1,1,0,0,,,,,,,,0,0,0,0,0,0,0,0,0,0,0,0,0,,,,,,,,20260706
,,,79258244XL,Hatfield Hat,FRV,0,0,0,0,0,0,0,0,0,0,0,0,0,0,0,,,,,,,,0,1,0,2,0,1,0,1,0,1,1,1,0,,,,,,,,0,0,0,0,0,0,0,0,0,0,0,0,0,,,,,,,,20260706
,,,79258620L,Hatfield Hat,FRV,0,1,0,0,0,0,0,0,0,0,0,0,0,0,0,,,,,,,,1,1,0,1,2,3,1,1,0,1,2,1,0,,,,,,,,0,0,0,0,0,0,0,0,0,0,0,0,0,,,,,,,,20260706
,,,79258620M,Hatfield Hat,FRV,0,0,0,0,0,0,0,0,0,0,0,0,0,0,0,,,,,,,,0,1,0,2,2,3,0,0,0,1,2,0,0,,,,,,,,0,0,0,0,0,0,0,0,0,0,0,0,0,,,,,,,,20260706
,,,79258620S,Hatfield Hat,FRV,0,0,0,0,0,0,0,0,0,0,0,0,0,0,0,,,,,,,,0,0,0,2,1,1,0,0,0,1,1,0,0,,,,,,,,0,0,0,0,0,0,0,0,0,0,0,0,0,,,,,,,,20260706
,,,79258620XL,Hatfield Hat,FRV,0,0,0,0,0,0,0,0,0,0,0,0,0,0,0,,,,,,,,0,0,0,0,0,1,0,0,0,0,0,0,0,,,,,,,,0,0,0,0,0,0,0,0,0,0,0,0,0,,,,,,,,20260706
,,,79258633L,Hatfield Hat,FRV,0,0,0,0,0,0,0,0,0,0,0,0,0,0,0,,,,,,,,0,0,0,2,0,1,0,0,0,0,0,0,0,,,,,,,,0,0,0,0,0,0,0,0,0,0,0,0,0,,,,,,,,20260706
,,,79258633M,Hatfield Hat,FRV,0,0,0,0,0,0,0,0,0,0,0,0,0,0,0,,,,,,,,0,0,0,2,0,0,0,0,0,0,0,0,0,,,,,,,,0,0,0,0,0,0,0,0,0,0,0,0,0,,,,,,,,20260706
,,,79258633S,Hatfield Hat,FRV,0,0,0,0,0,0,0,0,0,0,0,0,0,0,0,,,,,,,,0,0,0,2,0,0,0,0,0,0,1,0,0,,,,,,,,0,0,0,0,0,0,0,0,0,0,0,0,0,,,,,,,,20260706
,,,79258633XL,Hatfield Hat,FRV,0,1,0,0,0,0,0,0,0,0,0,0,0,0,0,,,,,,,,0,1,0,2,1,1,1,1,0,1,1,1,0,,,,,,,,0,0,0,0,0,0,0,0,0,0,0,0,0,,,,,,,,20260706
,,,79339030L,Marlin Mosquito Hat,FRV,0,0,0,0,0,0,0,0,0,0,0,0,0,0,0,,,,,,,,0,0,0,2,0,0,0,1,0,1,0,0,0,,,,,,,,0,0,0,0,0,0,0,0,0,0,0,0,0,,,,,,,,20260706
,,,79339030M,Marlin Mosquito Hat,FRV,0,0,0,0,0,0,0,0,0,0,0,0,0,0,0,,,,,,,,0,1,0,0,0,0,0,1,0,2,0,0,0,,,,,,,,0,0,0,0,0,0,0,0,0,0,0,0,0,,,,,,,,20260706
,,,80634510L,Fjallraven Polar Parka M,FRV,2,0,0,0,0,0,0,0,0,0,0,0,0,0,0,,,,,,,,0,0,0,0,0,0,0,0,0,0,0,0,0,,,,,,,,0,0,0,0,0,0,0,0,0,0,0,0,0,,,,,,,,20260706
,,,80634510M,Fjallraven Polar Parka M,FRV,5,0,0,0,0,0,0,0,0,0,0,0,0,0,0,,,,,,,,0,0,0,0,0,0,0,0,0,0,0,0,0,,,,,,,,0,0,0,0,0,0,0,0,0,0,0,0,0,,,,,,,,20260706
,,,80634510S,Fjallraven Polar Parka M,FRV,6,0,0,0,0,0,0,0,0,0,0,0,0,0,0,,,,,,,,0,0,0,0,0,0,0,0,0,0,0,0,0,,,,,,,,0,0,0,0,0,0,0,0,0,0,0,0,0,,,,,,,,20260706
,,,80634510XS,Fjallraven Polar Parka M,FRV,2,0,0,0,0,0,0,0,0,0,0,0,0,0,0,,,,,,,,0,0,0,0,0,0,0,0,0,0,0,0,0,,,,,,,,0,0,0,0,0,0,0,0,0,0,0,0,0,,,,,,,,20260706
,,,80637633M,Luhkka,FRV,2,0,0,0,0,0,0,0,0,0,0,0,0,0,0,,,,,,,,1,0,0,2,0,0,0,0,1,0,0,0,0,,,,,,,,0,0,0,0,0,0,0,0,0,0,0,0,0,,,,,,,,20260706
,,,80637633S,Luhkka,FRV,10,0,0,0,0,0,0,0,0,0,0,0,0,0,0,,,,,,,,1,0,0,2,0,0,0,0,1,0,0,0,0,,,,,,,,0,0,0,0,0,0,0,0,0,0,0,0,0,,,,,,,,20260706
,,,80637633XS,Luhkka,FRV,17,0,0,0,0,0,0,0,0,0,0,0,0,0,0,,,,,,,,1,0,0,2,0,0,0,0,1,0,0,0,0,,,,,,,,0,0,0,0,0,0,0,0,0,0,0,0,0,,,,,,,,20260706
,,,80724210X,Poncho,FRV,6,0,0,0,0,0,0,0,0,0,0,0,0,0,0,,,,,,,,1,0,0,2,0,0,1,0,0,0,0,0,0,,,,,,,,0,0,0,0,0,0,0,0,0,0,0,0,0,,,,,,,,20260706
,,,80724525X,Poncho,FRV,0,0,0,0,0,0,0,0,0,0,0,0,0,0,0,,,,,,,,0,0,0,1,0,0,0,0,0,0,0,0,0,,,,,,,,0,0,0,0,0,0,0,0,0,0,0,0,0,,,,,,,,20260706
,,,80724633X,Poncho,FRV,15,0,0,0,0,0,0,0,0,0,0,0,0,0,0,,,,,,,,1,0,0,2,0,0,1,0,0,0,0,0,0,,,,,,,,0,0,0,0,0,0,0,0,0,0,0,0,0,,,,,,,,20260706
,,,8114455050,Barents Pro Winter Trousers M,FRV,2,0,0,0,0,0,0,0,0,0,0,0,0,0,0,,,,,,,,0,0,0,0,0,0,0,0,0,0,0,0,0,,,,,,,,0,0,0,0,0,0,0,0,0,0,0,0,0,,,,,,,,20260706
,,,8114463346,Barents Pro Winter Trousers M,FRV,1,0,0,0,0,0,0,0,0,0,0,0,0,0,0,,,,,,,,0,0,0,0,0,0,0,0,0,0,0,0,0,,,,,,,,0,0,0,0,0,0,0,0,0,0,0,0,0,,,,,,,,20260706
,,,8114463348,Barents Pro Winter Trousers M,FRV,1,0,0,0,0,0,0,0,0,0,0,0,0,0,0,,,,,,,,0,0,0,0,0,0,0,0,0,0,0,0,0,,,,,,,,0,0,0,0,0,0,0,0,0,0,0,0,0,,,,,,,,20260706
,,,8114463350,Barents Pro Winter Trousers M,FRV,1,0,0,0,0,0,0,0,0,0,0,0,0,0,0,,,,,,,,0,0,0,0,0,0,0,0,0,0,0,0,0,,,,,,,,0,0,0,0,0,0,0,0,0,0,0,0,0,,,,,,,,20260706
,,,81151235-622L,Abisko Midsummer Jacket M,FRV,0,0,0,0,0,0,0,0,0,0,0,0,0,0,0,,,,,,,,0,0,0,1,0,0,0,0,1,0,0,0,0,,,,,,,,0,0,0,0,0,0,0,0,0,0,0,0,0,,,,,,,,20260706
,,,81151235-622M,Abisko Midsummer Jacket M,FRV,0,0,0,0,0,0,0,0,0,0,0,0,0,0,0,,,,,,,,0,0,0,1,0,0,0,0,1,0,0,0,0,,,,,,,,0,0,0,0,0,0,0,0,0,0,0,0,0,,,,,,,,20260706
,,,81151235-622S,Abisko Midsummer Jacket M,FRV,14,0,0,0,0,0,0,0,0,0,0,0,0,0,0,,,,,,,,0,0,0,1,0,0,0,0,1,0,0,0,0,,,,,,,,0,0,0,0,0,0,0,0,0,0,0,0,0,,,,,,,,20260706
,,,81152R030-55046,Abisko Midsummer Trs M Reg,FRV,1,0,0,0,0,0,0,0,0,0,0,0,0,0,0,,,,,,,,0,0,0,0,0,0,0,0,0,0,0,0,0,,,,,,,,0,0,0,0,0,0,0,0,0,0,0,0,0,,,,,,,,20260706
,,,81152R030-55048,Abisko Midsummer Trs M Reg,FRV,5,0,0,0,0,0,0,0,0,0,0,0,0,0,0,,,,,,,,0,0,0,0,0,0,0,0,0,0,0,0,0,,,,,,,,0,0,0,0,0,0,0,0,0,0,0,0,0,,,,,,,,20260706
,,,81152R030-55050,Abisko Midsummer Trs M Reg,FRV,1,0,0,0,0,0,0,0,0,0,0,0,0,0,0,,,,,,,,0,0,0,0,0,0,0,0,0,0,0,0,0,,,,,,,,0,0,0,0,0,0,0,0,0,0,0,0,0,,,,,,,,20260706
,,,81152R030-55052,Abisko Midsummer Trs M Reg,FRV,1,0,0,0,0,0,0,0,0,0,0,0,0,0,0,,,,,,,,0,0,0,0,0,0,0,0,0,0,0,0,0,,,,,,,,0,0,0,0,0,0,0,0,0,0,0,0,0,,,,,,,,20260706
,,,81160R23246,Vidda Pro Ventilated Trs M Reg,FRV,1,0,0,0,0,0,0,0,0,0,0,0,0,0,0,,,,,,,,0,0,0,0,0,0,0,0,0,0,0,0,0,,,,,,,,0,0,0,0,0,0,0,0,0,0,0,0,0,,,,,,,,20260706
,,,8118803044,Ruaha Shorts M,FRV,3,0,0,0,0,0,0,0,0,0,0,0,0,0,0,,,,,,,,0,1,0,1,1,1,0,1,1,1,1,1,0,,,,,,,,0,0,0,0,0,0,0,0,0,0,0,0,0,,,,,,,,20260706
,,,8118803046,Ruaha Shorts M,FRV,3,0,0,0,0,0,0,0,0,0,0,0,0,0,0,,,,,,,,0,1,0,1,1,1,0,1,1,1,1,1,0,,,,,,,,0,0,0,0,0,0,0,0,0,0,0,0,0,,,,,,,,20260706
,,,8118803048,Ruaha Shorts M,FRV,0,1,0,0,0,0,0,0,0,0,0,0,0,0,0,,,,,,,,0,1,0,1,1,1,0,1,1,1,1,0,0,,,,,,,,0,0,0,0,0,0,0,0,0,0,0,0,0,,,,,,,,20260706
,,,8118803050,Ruaha Shorts M,FRV,1,0,0,0,0,0,0,0,0,0,0,0,0,0,0,,,,,,,,0,1,0,1,1,1,0,1,1,1,1,1,0,,,,,,,,0,0,0,0,0,0,0,0,0,0,0,0,0,,,,,,,,20260706
,,,8118803052,Ruaha Shorts M,FRV,0,0,0,0,0,0,0,0,0,0,0,0,0,0,0,,,,,,,,0,1,0,0,1,1,0,1,0,1,0,0,0,,,,,,,,0,0,0,0,0,0,0,0,0,0,0,0,0,,,,,,,,20260706
,,,8118811844,Ruaha Shorts M,FRV,1,0,0,0,0,0,0,0,0,0,0,0,0,0,0,,,,,,,,0,1,0,2,1,1,0,1,1,1,1,1,0,,,,,,,,0,0,0,0,0,0,0,0,0,0,0,0,0,,,,,,,,20260706
,,,8118811846,Ruaha Shorts M,FRV,0,0,0,0,0,0,0,0,0,0,0,0,0,0,0,,,,,,,,0,1,0,1,1,1,1,1,1,1,1,1,0,,,,,,,,0,0,0,0,0,0,0,0,0,0,0,0,0,,,,,,,,20260706
,,,8118811848,Ruaha Shorts M,FRV,2,0,0,0,0,0,0,0,0,0,0,0,0,0,0,,,,,,,,0,1,0,1,1,1,1,1,1,1,1,1,0,,,,,,,,0,0,0,0,0,0,0,0,0,0,0,0,0,,,,,,,,20260706
,,,8118811850,Ruaha Shorts M,FRV,4,1,0,0,0,0,0,0,0,0,0,0,0,0,0,,,,,,,,0,1,0,1,1,1,1,1,1,1,1,1,0,,,,,,,,0,0,0,0,0,0,0,0,0,0,0,0,0,,,,,,,,20260706
,,,8118811852,Ruaha Shorts M,FRV,0,0,0,0,0,0,0,0,0,0,0,0,0,0,0,,,,,,,,0,1,0,1,1,0,1,1,0,1,1,0,0,,,,,,,,0,0,0,0,0,0,0,0,0,0,0,0,0,,,,,,,,20260706
,,,8118822048,Ruaha Shorts M,FRV,0,0,0,0,0,0,0,0,0,0,0,0,0,0,0,,,,,,,,0,0,0,1,0,0,0,0,0,0,0,0,0,,,,,,,,0,0,0,0,0,0,0,0,0,0,0,0,0,,,,,,,,20260706
,,,8118822052,Ruaha Shorts M,FRV,0,0,0,0,0,0,0,0,0,0,0,0,0,0,0,,,,,,,,0,1,0,1,0,0,0,0,0,0,0,0,0,,,,,,,,0,0,0,0,0,0,0,0,0,0,0,0,0,,,,,,,,20260706
,,,8118862544,Ruaha Shorts M,FRV,0,0,0,0,0,0,0,0,0,0,0,0,0,0,0,,,,,,,,0,1,0,1,1,1,0,0,0,0,0,1,0,,,,,,,,0,0,0,0,0,0,0,0,0,0,0,0,0,,,,,,,,20260706
,,,8118862546,Ruaha Shorts M,FRV,0,0,0,0,0,0,0,0,0,0,0,0,0,0,0,,,,,,,,0,1,0,1,1,1,0,0,0,1,1,1,0,,,,,,,,0,0,0,0,0,0,0,0,0,0,0,0,0,,,,,,,,20260706
,,,8118862548,Ruaha Shorts M,FRV,1,1,0,0,0,0,0,0,0,0,0,0,0,0,0,,,,,,,,0,1,0,1,1,1,0,0,0,1,1,1,0,,,,,,,,0,0,0,0,0,0,0,0,0,0,0,0,0,,,,,,,,20260706
,,,8118862550,Ruaha Shorts M,FRV,0,1,0,0,0,0,0,0,0,0,0,0,0,0,0,,,,,,,,0,1,0,1,1,1,0,0,0,1,1,1,0,,,,,,,,0,0,0,0,0,0,0,0,0,0,0,0,0,,,,,,,,20260706
,,,8118862552,Ruaha Shorts M,FRV,0,0,0,0,0,0,0,0,0,0,0,0,0,0,0,,,,,,,,0,0,0,1,1,0,0,0,0,0,0,0,0,,,,,,,,0,0,0,0,0,0,0,0,0,0,0,0,0,,,,,,,,20260706
,,,81280030L,Reporter Lite Vest M,FRV,0,0,0,0,0,0,0,0,0,0,0,0,0,0,0,,,,,,,,0,0,0,1,1,0,0,0,0,0,0,0,0,,,,,,,,0,0,0,0,0,0,0,0,0,0,0,0,0,,,,,,,,20260706
,,,81280030M,Reporter Lite Vest M,FRV,0,0,0,0,0,0,0,0,0,0,0,0,0,0,0,,,,,,,,0,0,0,0,0,0,0,0,0,0,0,1,0,,,,,,,,0,0,0,0,0,0,0,0,0,0,0,0,0,,,,,,,,20260706
,,,81280030S,Reporter Lite Vest M,FRV,0,0,0,0,0,0,0,0,0,0,0,0,0,0,0,,,,,,,,0,0,0,0,1,0,0,0,0,0,0,1,0,,,,,,,,0,0,0,0,0,0,0,0,0,0,0,0,0,,,,,,,,20260706
,,,81280118L,Reporter Lite Vest M,FRV,0,0,0,0,0,0,0,0,0,0,0,0,0,0,0,,,,,,,,0,0,0,1,0,0,0,0,0,0,0,1,0,,,,,,,,0,0,0,0,0,0,0,0,0,0,0,0,0,,,,,,,,20260706
,,,81280118M,Reporter Lite Vest M,FRV,0,0,0,0,0,0,0,0,0,0,0,0,0,0,0,,,,,,,,0,1,0,0,1,1,1,0,0,1,0,0,0,,,,,,,,0,0,0,0,0,0,0,0,0,0,0,0,0,,,,,,,,20260706
,,,81280118S,Reporter Lite Vest M,FRV,0,1,0,0,0,0,0,0,0,0,0,0,0,0,0,,,,,,,,0,1,0,1,1,1,1,1,0,1,0,1,0,,,,,,,,0,0,0,0,0,0,0,0,0,0,0,0,0,,,,,,,,20260706
,,,81280633L,Reporter Lite Vest M,FRV,0,0,0,0,0,0,0,0,0,0,0,0,0,0,0,,,,,,,,0,1,0,1,0,1,1,1,0,0,1,1,0,,,,,,,,0,0,0,0,0,0,0,0,0,0,0,0,0,,,,,,,,20260706
,,,81280633M,Reporter Lite Vest M,FRV,0,5,0,0,0,0,0,0,0,0,0,0,0,0,0,,,,,,,,0,1,0,1,1,1,1,1,0,1,1,1,0,,,,,,,,0,0,0,0,0,0,0,0,0,0,0,0,0,,,,,,,,20260706
,,,81280633S,Reporter Lite Vest M,FRV,0,4,0,0,0,0,0,0,0,0,0,0,0,0,0,,,,,,,,0,1,0,1,1,1,1,1,0,1,1,2,0,,,,,,,,0,0,0,0,0,0,0,0,0,0,0,0,0,,,,,,,,20260706
,,,81328020-999L,Buck Fleece M,FRV,0,0,0,0,0,0,0,0,0,0,0,0,0,0,0,,,,,,,,0,0,0,1,0,0,0,0,0,0,0,0,0,,,,,,,,0,0,0,0,0,0,0,0,0,0,0,0,0,,,,,,,,20260706
,,,81328020-999M,Buck Fleece M,FRV,0,0,0,0,0,0,0,0,0,0,0,0,0,0,0,,,,,,,,0,0,0,1,0,0,0,0,0,0,0,0,0,,,,,,,,0,0,0,0,0,0,0,0,0,0,0,0,0,,,,,,,,20260706
,,,81328020-999S,Buck Fleece M,FRV,0,0,0,0,0,0,0,0,0,0,0,0,0,0,0,,,,,,,,0,0,0,1,0,0,0,0,0,0,0,0,0,,,,,,,,0,0,0,0,0,0,0,0,0,0,0,0,0,,,,,,,,20260706
,,,81328020-999XS,Buck Fleece M,FRV,3,0,0,0,0,0,0,0,0,0,0,0,0,0,0,,,,,,,,0,0,0,2,0,1,0,1,0,0,0,0,0,,,,,,,,0,0,0,0,0,0,0,0,0,0,0,0,0,,,,,,,,20260706
,,,81328031XS,Buck Fleece M,FRV,1,0,0,0,0,0,0,0,0,0,0,0,0,0,0,,,,,,,,0,0,0,2,0,0,0,0,0,0,0,0,0,,,,,,,,0,0,0,0,0,0,0,0,0,0,0,0,0,,,,,,,,20260706
,,,81328230M,Buck Fleece M,FRV,1,0,0,0,0,0,0,0,0,0,0,0,0,0,0,,,,,,,,0,0,0,1,0,0,0,0,0,0,0,0,0,,,,,,,,0,0,0,0,0,0,0,0,0,0,0,0,0,,,,,,,,20260706
,,,81328230S,Buck Fleece M,FRV,0,0,0,0,0,0,0,0,0,0,0,0,0,0,0,,,,,,,,0,0,0,1,0,0,0,0,0,0,0,0,0,,,,,,,,0,0,0,0,0,0,0,0,0,0,0,0,0,,,,,,,,20260706
,,,81328625-662XS,Buck Fleece M,FRV,0,0,0,0,0,0,0,0,0,0,0,0,0,0,0,,,,,,,,0,0,0,1,0,0,0,0,0,0,0,0,0,,,,,,,,0,0,0,0,0,0,0,0,0,0,0,0,0,,,,,,,,20260706
,,,81328633S,Buck Fleece M,FRV,1,0,0,0,0,0,0,0,0,0,0,0,0,0,0,,,,,,,,0,0,0,1,0,0,0,0,0,0,0,0,0,,,,,,,,0,0,0,0,0,0,0,0,0,0,0,0,0,,,,,,,,20260706
,,,81328633XS,Buck Fleece M,FRV,3,0,0,0,0,0,0,0,0,0,0,0,0,0,0,,,,,,,,0,0,0,2,0,1,0,0,0,0,0,0,0,,,,,,,,0,0,0,0,0,0,0,0,0,0,0,0,0,,,,,,,,20260706
,,,81478215-555S,Ovik Twill Shirt M,FRV,0,0,0,0,0,0,0,0,0,0,0,0,0,0,0,,,,,,,,0,0,0,1,0,0,0,0,0,0,0,0,0,,,,,,,,0,0,0,0,0,0,0,0,0,0,0,0,0,,,,,,,,20260706
,,,81478215-555XS,Ovik Twill Shirt M,FRV,1,0,0,0,0,0,0,0,0,0,0,0,0,0,0,,,,,,,,0,0,0,1,0,0,1,0,0,0,0,0,0,,,,,,,,0,0,0,0,0,0,0,0,0,0,0,0,0,,,,,,,,20260706
,,,81478555-050L,Ovik Twill Shirt M,FRV,0,0,0,0,0,0,0,0,0,0,0,0,0,0,0,,,,,,,,0,0,0,1,0,0,0,0,0,0,0,0,0,,,,,,,,0,0,0,0,0,0,0,0,0,0,0,0,0,,,,,,,,20260706
,,,81478555-050M,Ovik Twill Shirt M,FRV,1,0,0,0,0,0,0,0,0,0,0,0,0,0,0,,,,,,,,0,0,0,1,0,1,1,0,0,0,0,0,0,,,,,,,,0,0,0,0,0,0,0,0,0,0,0,0,0,,,,,,,,20260706
,,,81478555-050S,Ovik Twill Shirt M,FRV,1,0,0,0,0,0,0,0,0,0,0,0,0,0,0,,,,,,,,0,0,0,1,0,1,0,0,0,0,1,0,0,,,,,,,,0,0,0,0,0,0,0,0,0,0,0,0,0,,,,,,,,20260706
,,,81478555-050XS,Ovik Twill Shirt M,FRV,1,0,0,0,0,0,0,0,0,0,0,0,0,0,0,,,,,,,,0,0,0,1,0,1,1,0,0,0,1,0,0,,,,,,,,0,0,0,0,0,0,0,0,0,0,0,0,0,,,,,,,,20260706
,,,81511195L,Ovik Polo Shirt M,FRV,1,6,0,0,0,0,0,0,0,0,0,0,0,0,0,,,,,,,,0,1,0,1,1,1,0,1,0,1,1,1,0,,,,,,,,0,0,0,0,0,0,0,0,0,0,0,0,0,,,,,,,,20260706
,,,81511195M,Ovik Polo Shirt M,FRV,1,8,0,0,0,0,0,0,0,0,0,0,0,0,0,,,,,,,,0,1,0,1,1,1,1,1,0,1,1,2,0,,,,,,,,0,0,0,0,0,0,0,0,0,0,0,0,0,,,,,,,,20260706
,,,81511195S,Ovik Polo Shirt M,FRV,0,9,0,0,0,0,0,0,0,0,0,0,0,0,0,,,,,,,,0,1,0,1,1,0,1,1,0,1,1,2,0,,,,,,,,0,0,0,0,0,0,0,0,0,0,0,0,0,,,,,,,,20260706
,,,81511300L,Ovik Polo Shirt M,FRV,0,8,0,0,0,0,0,0,0,0,0,0,0,0,0,,,,,,,,0,1,0,1,1,1,0,1,0,1,1,0,0,,,,,,,,0,0,0,0,0,0,0,0,0,0,0,0,0,,,,,,,,20260706
,,,81511300M,Ovik Polo Shirt M,FRV,0,7,0,0,0,0,0,0,0,0,0,0,0,0,0,,,,,,,,0,1,0,1,1,1,1,1,0,1,1,2,0,,,,,,,,0,0,0,0,0,0,0,0,0,0,0,0,0,,,,,,,,20260706
,,,81511300S,Ovik Polo Shirt M,FRV,0,10,0,0,0,0,0,0,0,0,0,0,0,0,0,,,,,,,,0,1,0,1,1,1,1,2,0,1,1,2,0,,,,,,,,0,0,0,0,0,0,0,0,0,0,0,0,0,,,,,,,,20260706
,,,81511560L,Ovik Polo Shirt M,FRV,0,2,0,0,0,0,0,0,0,0,0,0,0,0,0,,,,,,,,0,1,0,1,0,1,0,2,0,1,1,1,0,,,,,,,,0,0,0,0,0,0,0,0,0,0,0,0,0,,,,,,,,20260706
,,,81511560M,Ovik Polo Shirt M,FRV,0,1,0,0,0,0,0,0,0,0,0,0,0,0,0,,,,,,,,2,1,0,2,2,1,1,1,0,1,1,1,0,,,,,,,,0,0,0,0,0,0,0,0,0,0,0,0,0,,,,,,,,20260706
,,,81511560S,Ovik Polo Shirt M,FRV,0,6,0,0,0,0,0,0,0,0,0,0,0,0,0,,,,,,,,2,1,0,1,1,1,1,1,0,1,1,2,0,,,,,,,,0,0,0,0,0,0,0,0,0,0,0,0,0,,,,,,,,20260706
,,,81511620S,Ovik Polo Shirt M,FRV,0,0,0,0,0,0,0,0,0,0,0,0,0,0,0,,,,,,,,0,0,0,1,0,0,0,0,0,0,0,0,0,,,,,,,,0,0,0,0,0,0,0,0,0,0,0,0,0,,,,,,,,20260706
,,,81679118M,Sten Jacket M,FRV,0,0,0,0,0,0,0,0,0,0,0,0,0,0,0,,,,,,,,0,0,0,0,0,0,0,1,1,0,0,0,0,,,,,,,,0,0,0,0,0,0,0,0,0,0,0,0,0,,,,,,,,20260706
,,,81679118S,Sten Jacket M,FRV,0,0,0,0,0,0,0,0,0,0,0,0,0,0,0,,,,,,,,0,1,0,1,0,0,0,0,0,0,0,0,0,,,,,,,,0,0,0,0,0,0,0,0,0,0,0,0,0,,,,,,,,20260706
,,,81679232S,Sten Jacket M,FRV,0,0,0,0,0,0,0,0,0,0,0,0,0,0,0,,,,,,,,0,0,0,0,0,0,0,0,1,0,0,0,0,,,,,,,,0,0,0,0,0,0,0,0,0,0,0,0,0,,,,,,,,20260706
,,,81679244S,Sten Jacket M,FRV,0,0,0,0,0,0,0,0,0,0,0,0,0,0,0,,,,,,,,0,0,0,0,0,0,0,0,1,0,0,0,0,,,,,,,,0,0,0,0,0,0,0,0,0,0,0,0,0,,,,,,,,20260706
,,,81679550L,Sten Jacket M,FRV,0,0,0,0,0,0,0,0,0,0,0,0,0,0,0,,,,,,,,0,0,0,0,0,0,0,0,1,0,0,0,0,,,,,,,,0,0,0,0,0,0,0,0,0,0,0,0,0,,,,,,,,20260706
,,,81679550M,Sten Jacket M,FRV,0,0,0,0,0,0,0,0,0,0,0,0,0,0,0,,,,,,,,0,0,0,0,0,0,1,0,1,0,0,0,0,,,,,,,,0,0,0,0,0,0,0,0,0,0,0,0,0,,,,,,,,20260706
,,,81679550S,Sten Jacket M,FRV,0,0,0,0,0,0,0,0,0,0,0,0,0,0,0,,,,,,,,0,0,0,0,0,0,0,0,1,0,0,0,0,,,,,,,,0,0,0,0,0,0,0,0,0,0,0,0,0,,,,,,,,20260706
,,,81679550XS,Sten Jacket M,FRV,0,0,0,0,0,0,0,0,0,0,0,0,0,0,0,,,,,,,,0,0,0,0,0,0,0,0,1,0,0,0,0,,,,,,,,0,0,0,0,0,0,0,0,0,0,0,0,0,,,,,,,,20260706
,,,81679620S,Sten Jacket M,FRV,0,0,0,0,0,0,0,0,0,0,0,0,0,0,0,,,,,,,,0,0,0,0,0,0,0,0,1,0,0,0,0,,,,,,,,0,0,0,0,0,0,0,0,0,0,0,0,0,,,,,,,,20260706
,,,81698030L,Skogso Jacket M,FRV,0,0,0,0,0,0,0,0,0,0,0,0,0,0,0,,,,,,,,0,1,0,0,1,1,0,2,0,1,0,1,0,,,,,,,,0,0,0,0,0,0,0,0,0,0,0,0,0,,,,,,,,20260706
,,,81698030M,Skogso Jacket M,FRV,0,1,0,0,0,0,0,0,0,0,0,0,0,0,0,,,,,,,,0,0,0,1,1,1,1,1,0,1,1,1,0,,,,,,,,0,0,0,0,0,0,0,0,0,0,0,0,0,,,,,,,,20260706
,,,81698030S,Skogso Jacket M,FRV,1,1,0,0,0,0,0,0,0,0,0,0,0,0,0,,,,,,,,0,1,0,2,1,1,1,1,0,1,1,1,0,,,,,,,,0,0,0,0,0,0,0,0,0,0,0,0,0,,,,,,,,20260706
,,,81698030XS,Skogso Jacket M,FRV,0,0,0,0,0,0,0,0,0,0,0,0,0,0,0,,,,,,,,0,1,0,1,1,0,0,0,0,1,0,1,0,,,,,,,,0,0,0,0,0,0,0,0,0,0,0,0,0,,,,,,,,20260706
,,,81698118L,Skogso Jacket M,FRV,0,0,0,0,0,0,0,0,0,0,0,0,0,0,0,,,,,,,,0,0,0,1,0,0,0,1,0,1,0,0,0,,,,,,,,0,0,0,0,0,0,0,0,0,0,0,0,0,,,,,,,,20260706
,,,81698118M,Skogso Jacket M,FRV,0,1,0,0,0,0,0,0,0,0,0,0,0,0,0,,,,,,,,0,1,0,1,1,1,1,1,0,1,1,1,0,,,,,,,,0,0,0,0,0,0,0,0,0,0,0,0,0,,,,,,,,20260706
,,,81698118S,Skogso Jacket M,FRV,0,2,0,0,0,0,0,0,0,0,0,0,0,0,0,,,,,,,,0,1,0,1,1,1,1,1,0,1,1,1,0,,,,,,,,0,0,0,0,0,0,0,0,0,0,0,0,0,,,,,,,,20260706
,,,81698232S,Skogso Jacket M,FRV,0,0,0,0,0,0,0,0,0,0,0,0,0,0,0,,,,,,,,0,1,0,2,1,0,1,0,0,0,1,1,0,,,,,,,,0,0,0,0,0,0,0,0,0,0,0,0,0,,,,,,,,20260706
,,,81698232XS,Skogso Jacket M,FRV,0,0,0,0,0,0,0,0,0,0,0,0,0,0,0,,,,,,,,0,0,0,0,1,0,0,0,0,0,0,1,0,,,,,,,,0,0,0,0,0,0,0,0,0,0,0,0,0,,,,,,,,20260706
,,,81698244S,Skogso Jacket M,FRV,0,0,0,0,0,0,0,0,0,0,0,0,0,0,0,,,,,,,,0,1,0,1,1,0,1,0,0,0,1,0,0,,,,,,,,0,0,0,0,0,0,0,0,0,0,0,0,0,,,,,,,,20260706
,,,81698662L,Skogso Jacket M,FRV,0,0,0,0,0,0,0,0,0,0,0,0,0,0,0,,,,,,,,0,0,0,0,1,1,1,2,0,1,1,1,0,,,,,,,,0,0,0,0,0,0,0,0,0,0,0,0,0,,,,,,,,20260706
,,,81698662M,Skogso Jacket M,FRV,0,2,0,0,0,0,0,0,0,0,0,0,0,0,0,,,,,,,,0,1,0,1,1,1,1,1,0,1,1,1,0,,,,,,,,0,0,0,0,0,0,0,0,0,0,0,0,0,,,,,,,,20260706
,,,81698662S,Skogso Jacket M,FRV,0,8,0,0,0,0,0,0,0,0,0,0,0,0,0,,,,,,,,0,1,0,2,1,1,1,1,0,1,1,1,0,,,,,,,,0,0,0,0,0,0,0,0,0,0,0,0,0,,,,,,,,20260706
,,,81698662XS,Skogso Jacket M,FRV,0,0,0,0,0,0,0,0,0,0,0,0,0,0,0,,,,,,,,0,0,0,0,0,1,1,0,0,1,0,1,0,,,,,,,,0,0,0,0,0,0,0,0,0,0,0,0,0,,,,,,,,20260706
,,,8175203044,Nils Trousers M,FRV,0,0,0,0,0,0,0,0,0,0,0,0,0,0,0,,,,,,,,0,0,0,0,2,1,0,0,0,0,0,0,0,,,,,,,,0,0,0,0,0,0,0,0,0,0,0,0,0,,,,,,,,20260706
,,,8175203046,Nils Trousers M,FRV,0,0,0,0,0,0,0,0,0,0,0,0,0,0,0,,,,,,,,0,0,0,0,1,1,1,0,1,0,0,0,0,,,,,,,,0,0,0,0,0,0,0,0,0,0,0,0,0,,,,,,,,20260706
,,,8175203048,Nils Trousers M,FRV,0,0,0,0,0,0,0,0,0,0,0,0,0,0,0,,,,,,,,0,1,0,1,0,0,1,0,1,0,0,0,0,,,,,,,,0,0,0,0,0,0,0,0,0,0,0,0,0,,,,,,,,20260706
,,,8175203050,Nils Trousers M,FRV,0,0,0,0,0,0,0,0,0,0,0,0,0,0,0,,,,,,,,0,0,0,1,0,1,1,1,0,0,0,0,0,,,,,,,,0,0,0,0,0,0,0,0,0,0,0,0,0,,,,,,,,20260706
,,,8175203052,Nils Trousers M,FRV,0,0,0,0,0,0,0,0,0,0,0,0,0,0,0,,,,,,,,0,0,0,1,1,1,0,0,0,0,0,0,0,,,,,,,,0,0,0,0,0,0,0,0,0,0,0,0,0,,,,,,,,20260706
,,,8175263344,Nils Trousers M,FRV,0,0,0,0,0,0,0,0,0,0,0,0,0,0,0,,,,,,,,0,0,0,1,1,1,0,0,0,0,1,0,0,,,,,,,,0,0,0,0,0,0,0,0,0,0,0,0,0,,,,,,,,20260706
,,,8175263346,Nils Trousers M,FRV,0,0,0,0,0,0,0,0,0,0,0,0,0,0,0,,,,,,,,0,1,0,2,1,1,1,0,1,0,1,0,0,,,,,,,,0,0,0,0,0,0,0,0,0,0,0,0,0,,,,,,,,20260706
,,,8175263348,Nils Trousers M,FRV,0,0,0,0,0,0,0,0,0,0,0,0,0,0,0,,,,,,,,0,1,0,1,0,1,1,1,1,0,0,0,0,,,,,,,,0,0,0,0,0,0,0,0,0,0,0,0,0,,,,,,,,20260706
,,,8175263352,Nils Trousers M,FRV,0,0,0,0,0,0,0,0,0,0,0,0,0,0,0,,,,,,,,0,1,0,1,0,1,0,0,0,0,0,0,0,,,,,,,,0,0,0,0,0,0,0,0,0,0,0,0,0,,,,,,,,20260706
,,,81761030-03044,Barents Pro Trousers,FRV,2,0,0,0,0,0,0,0,0,0,0,0,0,0,0,,,,,,,,0,0,0,0,0,0,0,0,0,0,0,0,0,,,,,,,,0,0,0,0,0,0,0,0,0,0,0,0,0,,,,,,,,20260706
,,,81761227-63344,Barents Pro Trousers,FRV,1,0,0,0,0,0,0,0,0,0,0,0,0,0,0,,,,,,,,0,0,0,0,0,0,0,0,0,0,0,0,0,,,,,,,,0,0,0,0,0,0,0,0,0,0,0,0,0,,,,,,,,20260706
,,,81761227-63352,Barents Pro Trousers,FRV,1,0,0,0,0,0,0,0,0,0,0,0,0,0,0,,,,,,,,0,0,0,0,0,0,0,0,0,0,0,0,0,,,,,,,,0,0,0,0,0,0,0,0,0,0,0,0,0,,,,,,,,20260706
,,,8176123244,Barents Pro Trousers,FRV,0,0,0,0,0,0,0,0,0,0,0,0,0,0,0,,,,,,,,0,1,0,2,0,0,0,0,1,0,0,0,0,,,,,,,,0,0,0,0,0,0,0,0,0,0,0,0,0,,,,,,,,20260706
,,,8176123246,Barents Pro Trousers,FRV,0,0,0,0,0,0,0,0,0,0,0,0,0,0,0,,,,,,,,0,0,0,1,0,0,0,0,0,0,0,0,0,,,,,,,,0,0,0,0,0,0,0,0,0,0,0,0,0,,,,,,,,20260706
,,,8176123248,Barents Pro Trousers,FRV,0,0,0,0,0,0,0,0,0,0,0,0,0,0,0,,,,,,,,0,0,0,1,0,0,0,0,0,0,0,0,0,,,,,,,,0,0,0,0,0,0,0,0,0,0,0,0,0,,,,,,,,20260706
,,,8176123250,Barents Pro Trousers,FRV,0,0,0,0,0,0,0,0,0,0,0,0,0,0,0,,,,,,,,0,0,0,2,0,0,0,0,0,0,0,0,0,,,,,,,,0,0,0,0,0,0,0,0,0,0,0,0,0,,,,,,,,20260706
,,,81761550-55044,Barents Pro Trousers,FRV,14,0,0,0,0,0,0,0,0,0,0,0,0,0,0,,,,,,,,0,0,0,0,0,0,0,0,0,0,0,0,0,,,,,,,,0,0,0,0,0,0,0,0,0,0,0,0,0,,,,,,,,20260706
,,,81761550-55046,Barents Pro Trousers,FRV,5,0,0,0,0,0,0,0,0,0,0,0,0,0,0,,,,,,,,0,0,0,0,0,0,0,0,0,0,0,0,0,,,,,,,,0,0,0,0,0,0,0,0,0,0,0,0,0,,,,,,,,20260706
,,,81761620-03044,Barents Pro Trousers,FRV,1,0,0,0,0,0,0,0,0,0,0,0,0,0,0,,,,,,,,0,0,0,0,0,0,0,0,0,0,0,0,0,,,,,,,,0,0,0,0,0,0,0,0,0,0,0,0,0,,,,,,,,20260706
,,,81761620-03046,Barents Pro Trousers,FRV,2,0,0,0,0,0,0,0,0,0,0,0,0,0,0,,,,,,,,0,0,0,0,0,0,0,0,0,0,0,0,0,,,,,,,,0,0,0,0,0,0,0,0,0,0,0,0,0,,,,,,,,20260706
,,,81761620-03048,Barents Pro Trousers,FRV,2,0,0,0,0,0,0,0,0,0,0,0,0,0,0,,,,,,,,0,0,0,0,0,0,0,0,0,0,0,0,0,,,,,,,,0,0,0,0,0,0,0,0,0,0,0,0,0,,,,,,,,20260706
,,,81761633-63344,Barents Pro Trousers,FRV,12,0,0,0,0,0,0,0,0,0,0,0,0,0,0,,,,,,,,0,0,0,0,0,0,0,0,0,0,0,0,0,,,,,,,,0,0,0,0,0,0,0,0,0,0,0,0,0,,,,,,,,20260706
,,,81765030L,Sten Fleece,FRV,0,0,0,0,0,0,0,0,0,0,0,0,0,0,0,,,,,,,,1,0,0,0,0,0,0,0,0,0,0,0,0,,,,,,,,0,0,0,0,0,0,0,0,0,0,0,0,0,,,,,,,,20260706
,,,81765030S,Sten Fleece,FRV,1,0,0,0,0,0,0,0,0,0,0,0,0,0,0,,,,,,,,0,0,0,0,0,0,0,0,0,0,0,0,0,,,,,,,,0,0,0,0,0,0,0,0,0,0,0,0,0,,,,,,,,20260706
,,,81765030XS,Sten Fleece,FRV,10,0,0,0,0,0,0,0,0,0,0,0,0,0,0,,,,,,,,0,0,0,0,0,0,0,0,0,0,0,0,0,,,,,,,,0,0,0,0,0,0,0,0,0,0,0,0,0,,,,,,,,20260706
,,,81765633XS,Sten Fleece,FRV,6,0,0,0,0,0,0,0,0,0,0,0,0,0,0,,,,,,,,1,0,0,0,0,0,0,0,0,0,0,0,0,,,,,,,,0,0,0,0,0,0,0,0,0,0,0,0,0,,,,,,,,20260706
,,,81795320S,Abisko Cool Shirt SS M,FRV,8,0,0,0,0,0,0,0,0,0,0,0,0,0,0,,,,,,,,0,0,0,0,0,0,0,0,0,0,0,0,0,,,,,,,,0,0,0,0,0,0,0,0,0,0,0,0,0,,,,,,,,20260706
,,,81838030L,Singi Trekking Shirt LS M,FRV,0,0,0,0,0,0,0,0,0,0,0,0,0,0,0,,,,,,,,0,1,0,0,1,1,0,1,0,1,0,1,0,,,,,,,,0,0,0,0,0,0,0,0,0,0,0,0,0,,,,,,,,20260706
,,,81838030M,Singi Trekking Shirt LS M,FRV,0,0,0,0,0,0,0,0,0,0,0,0,0,0,0,,,,,,,,0,1,0,0,1,1,1,1,0,0,1,1,0,,,,,,,,0,0,0,0,0,0,0,0,0,0,0,0,0,,,,,,,,20260706
,,,81838030S,Singi Trekking Shirt LS M,FRV,0,1,0,0,0,0,0,0,0,0,0,0,0,0,0,,,,,,,,0,1,0,2,1,1,1,1,0,1,1,1,0,,,,,,,,0,0,0,0,0,0,0,0,0,0,0,0,0,,,,,,,,20260706
,,,81838633L,Singi Trekking Shirt LS M,FRV,0,0,0,0,0,0,0,0,0,0,0,0,0,0,0,,,,,,,,0,0,0,0,1,0,0,0,0,1,1,1,0,,,,,,,,0,0,0,0,0,0,0,0,0,0,0,0,0,,,,,,,,20260706
,,,81838633M,Singi Trekking Shirt LS M,FRV,0,0,0,0,0,0,0,0,0,0,0,0,0,0,0,,,,,,,,0,0,0,0,0,1,1,1,0,1,1,1,0,,,,,,,,0,0,0,0,0,0,0,0,0,0,0,0,0,,,,,,,,20260706
,,,81838633S,Singi Trekking Shirt LS M,FRV,0,0,0,0,0,0,0,0,0,0,0,0,0,0,0,,,,,,,,0,0,0,1,0,1,1,1,0,1,0,1,0,,,,,,,,0,0,0,0,0,0,0,0,0,0,0,0,0,,,,,,,,20260706
,,,81841633M,Smock No. 1 M,FRV,0,0,0,0,0,0,0,0,0,0,0,0,0,0,0,,,,,,,,0,0,0,1,1,0,0,0,0,0,0,0,0,,,,,,,,0,0,0,0,0,0,0,0,0,0,0,0,0,,,,,,,,20260706
,,,81841633S,Smock No. 1 M,FRV,0,0,0,0,0,0,0,0,0,0,0,0,0,0,0,,,,,,,,0,1,0,1,0,0,0,0,0,0,0,1,0,,,,,,,,0,0,0,0,0,0,0,0,0,0,0,0,0,,,,,,,,20260706
,,,81841633XS,Smock No. 1 M,FRV,0,0,0,0,0,0,0,0,0,0,0,0,0,0,0,,,,,,,,0,1,0,2,1,1,1,0,0,1,1,1,0,,,,,,,,0,0,0,0,0,0,0,0,0,0,0,0,0,,,,,,,,20260706
,,,81871R52746,Greenland Jeans,FRV,2,0,0,0,0,0,0,0,0,0,0,0,0,0,0,,,,,,,,0,0,0,0,0,0,0,0,0,0,0,0,0,,,,,,,,0,0,0,0,0,0,0,0,0,0,0,0,0,,,,,,,,20260706
,,,81900662S,Singi Merino Henley M,FRV,2,0,0,0,0,0,0,0,0,0,0,0,0,0,0,,,,,,,,0,0,0,0,0,0,0,0,0,0,0,0,0,,,,,,,,0,0,0,0,0,0,0,0,0,0,0,0,0,,,,,,,,20260706
,,,82257550L,Abisko Trail Fleece M,FRV,0,0,0,0,0,0,0,0,0,0,0,0,0,0,0,,,,,,,,0,1,0,0,0,1,0,0,0,0,0,0,0,,,,,,,,0,0,0,0,0,0,0,0,0,0,0,0,0,,,,,,,,20260706
,,,82257550M,Abisko Trail Fleece M,FRV,0,0,0,0,0,0,0,0,0,0,0,0,0,0,0,,,,,,,,0,1,0,1,1,0,1,1,0,0,0,0,0,,,,,,,,0,0,0,0,0,0,0,0,0,0,0,0,0,,,,,,,,20260706
,,,82257550S,Abisko Trail Fleece M,FRV,0,0,0,0,0,0,0,0,0,0,0,0,0,0,0,,,,,,,,0,1,0,1,0,1,1,1,0,0,0,0,0,,,,,,,,0,0,0,0,0,0,0,0,0,0,0,0,0,,,,,,,,20260706
,,,82257662L,Abisko Trail Fleece M,FRV,0,0,0,0,0,0,0,0,0,0,0,0,0,0,0,,,,,,,,0,0,0,0,1,0,0,0,0,0,0,0,0,,,,,,,,0,0,0,0,0,0,0,0,0,0,0,0,0,,,,,,,,20260706
,,,82257662M,Abisko Trail Fleece M,FRV,1,0,0,0,0,0,0,0,0,0,0,0,0,0,0,,,,,,,,0,1,0,0,0,0,1,0,0,0,0,0,0,,,,,,,,0,0,0,0,0,0,0,0,0,0,0,0,0,,,,,,,,20260706
,,,82257662S,Abisko Trail Fleece M,FRV,0,0,0,0,0,0,0,0,0,0,0,0,0,0,0,,,,,,,,0,0,0,1,0,1,0,0,0,0,0,0,0,,,,,,,,0,0,0,0,0,0,0,0,0,0,0,0,0,,,,,,,,20260706
,,,82411230XS,Keb Eco-Shell Jacket M,FRV,0,0,0,0,0,0,0,0,0,0,0,0,0,0,0,,,,,,,,0,0,0,1,0,0,0,0,0,0,0,0,0,,,,,,,,0,0,0,0,0,0,0,0,0,0,0,0,0,,,,,,,,20260706
,,,82411550L,Keb Eco-Shell Jacket M,FRV,0,0,0,0,0,0,0,0,0,0,0,0,0,0,0,,,,,,,,0,0,0,1,0,0,0,0,0,0,0,0,0,,,,,,,,0,0,0,0,0,0,0,0,0,0,0,0,0,,,,,,,,20260706
,,,82411550M,Keb Eco-Shell Jacket M,FRV,0,0,0,0,0,0,0,0,0,0,0,0,0,0,0,,,,,,,,0,0,0,1,0,0,0,0,0,0,0,0,0,,,,,,,,0,0,0,0,0,0,0,0,0,0,0,0,0,,,,,,,,20260706
,,,82411550S,Keb Eco-Shell Jacket M,FRV,0,0,0,0,0,0,0,0,0,0,0,0,0,0,0,,,,,,,,0,0,0,1,0,1,0,0,0,0,0,1,0,,,,,,,,0,0,0,0,0,0,0,0,0,0,0,0,0,,,,,,,,20260706
,,,82415550S,Keb Eco-Shell Trousers,FRV,0,0,0,0,0,0,0,0,0,0,0,0,0,0,0,,,,,,,,0,1,0,1,1,1,0,0,0,0,0,0,0,,,,,,,,0,0,0,0,0,0,0,0,0,0,0,0,0,,,,,,,,20260706
,,,82415550XS,Keb Eco-Shell Trousers,FRV,0,0,0,0,0,0,0,0,0,0,0,0,0,0,0,,,,,,,,0,0,0,1,1,0,0,0,0,0,0,0,0,,,,,,,,0,0,0,0,0,0,0,0,0,0,0,0,0,,,,,,,,20260706
,,,82415662M,Keb Eco-Shell Trousers,FRV,1,0,0,0,0,0,0,0,0,0,0,0,0,0,0,,,,,,,,0,0,0,1,1,0,0,0,0,0,0,0,0,,,,,,,,0,0,0,0,0,0,0,0,0,0,0,0,0,,,,,,,,20260706
,,,82415662S,Keb Eco-Shell Trousers,FRV,1,0,0,0,0,0,0,0,0,0,0,0,0,0,0,,,,,,,,0,0,0,1,1,0,0,0,0,0,0,0,0,,,,,,,,0,0,0,0,0,0,0,0,0,0,0,0,0,,,,,,,,20260706
,,,82415662XS,Keb Eco-Shell Trousers,FRV,0,0,0,0,0,0,0,0,0,0,0,0,0,0,0,,,,,,,,0,0,0,1,1,0,0,0,0,0,0,0,0,,,,,,,,0,0,0,0,0,0,0,0,0,0,0,0,0,,,,,,,,20260706
,,,82606113-118L,High Coast Wind Jacket M,FRV,0,0,0,0,0,0,0,0,0,0,0,0,0,0,0,,,,,,,,0,1,0,1,1,0,1,0,0,0,0,1,0,,,,,,,,0,0,0,0,0,0,0,0,0,0,0,0,0,,,,,,,,20260706
,,,82606113-118M,High Coast Wind Jacket M,FRV,0,0,0,0,0,0,0,0,0,0,0,0,0,0,0,,,,,,,,0,1,0,1,1,0,1,0,0,1,0,1,0,,,,,,,,0,0,0,0,0,0,0,0,0,0,0,0,0,,,,,,,,20260706
,,,82606113-118S,High Coast Wind Jacket M,FRV,0,0,0,0,0,0,0,0,0,0,0,0,0,0,0,,,,,,,,0,1,0,1,1,0,1,1,0,1,0,2,0,,,,,,,,0,0,0,0,0,0,0,0,0,0,0,0,0,,,,,,,,20260706
,,,82606118-574M,High Coast Wind Jacket M,FRV,0,0,0,0,0,0,0,0,0,0,0,0,0,0,0,,,,,,,,0,0,0,1,0,0,0,0,0,0,0,0,0,,,,,,,,0,0,0,0,0,0,0,0,0,0,0,0,0,,,,,,,,20260706
,,,82606232-620M,High Coast Wind Jacket M,FRV,0,0,0,0,0,0,0,0,0,0,0,0,0,0,0,,,,,,,,0,0,0,1,0,0,0,0,1,0,0,0,0,,,,,,,,0,0,0,0,0,0,0,0,0,0,0,0,0,,,,,,,,20260706
,,,82606550L,High Coast Wind Jacket M,FRV,0,3,0,0,0,0,0,0,0,0,0,0,0,0,0,,,,,,,,0,1,0,1,1,1,1,1,1,1,1,1,0,,,,,,,,0,0,0,0,0,0,0,0,0,0,0,0,0,,,,,,,,20260706
,,,82606550M,High Coast Wind Jacket M,FRV,0,2,0,0,0,0,0,0,0,0,0,0,0,0,0,,,,,,,,0,1,0,1,1,1,1,1,1,1,1,1,0,,,,,,,,0,0,0,0,0,0,0,0,0,0,0,0,0,,,,,,,,20260706
,,,82606550S,High Coast Wind Jacket M,FRV,0,6,0,0,0,0,0,0,0,0,0,0,0,0,0,,,,,,,,0,1,0,1,1,1,1,1,1,1,1,1,0,,,,,,,,0,0,0,0,0,0,0,0,0,0,0,0,0,,,,,,,,20260706
,,,82606560L,High Coast Wind Jacket M,FRV,0,0,0,0,0,0,0,0,0,0,0,0,0,0,0,,,,,,,,0,0,0,1,0,0,0,0,0,0,0,0,0,,,,,,,,0,0,0,0,0,0,0,0,0,0,0,0,0,,,,,,,,20260706
,,,82606560M,High Coast Wind Jacket M,FRV,1,0,0,0,0,0,0,0,0,0,0,0,0,0,0,,,,,,,,0,0,0,1,0,0,0,0,0,0,0,0,0,,,,,,,,0,0,0,0,0,0,0,0,0,0,0,0,0,,,,,,,,20260706
,,,82606560S,High Coast Wind Jacket M,FRV,1,0,0,0,0,0,0,0,0,0,0,0,0,0,0,,,,,,,,0,0,0,1,0,0,0,0,0,0,0,0,0,,,,,,,,0,0,0,0,0,0,0,0,0,0,0,0,0,,,,,,,,20260706
,,,82606614-560L,High Coast Wind Jacket M,FRV,0,0,0,0,0,0,0,0,0,0,0,0,0,0,0,,,,,,,,0,0,0,1,1,0,0,0,0,0,0,0,0,,,,,,,,0,0,0,0,0,0,0,0,0,0,0,0,0,,,,,,,,20260706
,,,82606614-560M,High Coast Wind Jacket M,FRV,0,0,0,0,0,0,0,0,0,0,0,0,0,0,0,,,,,,,,0,1,0,1,1,0,0,0,1,0,0,0,0,,,,,,,,0,0,0,0,0,0,0,0,0,0,0,0,0,,,,,,,,20260706
,,,82606614-560S,High Coast Wind Jacket M,FRV,0,0,0,0,0,0,0,0,0,0,0,0,0,0,0,,,,,,,,0,1,0,1,1,0,0,0,0,0,0,0,0,,,,,,,,0,0,0,0,0,0,0,0,0,0,0,0,0,,,,,,,,20260706
,,,82606662L,High Coast Wind Jacket M,FRV,1,0,0,0,0,0,0,0,0,0,0,0,0,0,0,,,,,,,,0,1,0,1,1,0,1,1,1,1,1,1,0,,,,,,,,0,0,0,0,0,0,0,0,0,0,0,0,0,,,,,,,,20260706
,,,82606662M,High Coast Wind Jacket M,FRV,0,0,0,0,0,0,0,0,0,0,0,0,0,0,0,,,,,,,,0,1,0,1,1,1,1,1,1,1,1,1,0,,,,,,,,0,0,0,0,0,0,0,0,0,0,0,0,0,,,,,,,,20260706
,,,82606662S,High Coast Wind Jacket M,FRV,1,0,0,0,0,0,0,0,0,0,0,0,0,0,0,,,,,,,,0,1,0,1,1,1,1,1,1,1,1,1,0,,,,,,,,0,0,0,0,0,0,0,0,0,0,0,0,0,,,,,,,,20260706
,,,8296003048,Sambava Shade Shorts M,FRV,0,0,0,0,0,0,0,0,0,0,0,0,0,0,0,,,,,,,,0,0,0,1,0,0,0,0,0,0,0,0,0,,,,,,,,0,0,0,0,0,0,0,0,0,0,0,0,0,,,,,,,,20260706
,,,8296055546,Sambava Shade Shorts M,FRV,0,0,0,0,0,0,0,0,0,0,0,0,0,0,0,,,,,,,,0,0,0,1,0,0,0,0,0,0,0,0,0,,,,,,,,0,0,0,0,0,0,0,0,0,0,0,0,0,,,,,,,,20260706
,,,8296055550,Sambava Shade Shorts M,FRV,0,0,0,0,0,0,0,0,0,0,0,0,0,0,0,,,,,,,,0,0,0,1,0,0,0,0,0,0,0,0,0,,,,,,,,0,0,0,0,0,0,0,0,0,0,0,0,0,,,,,,,,20260706
,,,82978320-550M,Ovik Heavy Flannel Shirt M,FRV,0,0,0,0,0,0,0,0,0,0,0,0,0,0,0,,,,,,,,0,0,0,1,0,0,0,1,0,0,0,0,0,,,,,,,,0,0,0,0,0,0,0,0,0,0,0,0,0,,,,,,,,20260706
,,,82978550-020L,Ovik Heavy Flannel Shirt M,FRV,0,0,0,0,0,0,0,0,0,0,0,0,0,0,0,,,,,,,,0,0,0,1,0,0,0,0,0,0,0,0,0,,,,,,,,0,0,0,0,0,0,0,0,0,0,0,0,0,,,,,,,,20260706
,,,82978550-020M,Ovik Heavy Flannel Shirt M,FRV,0,0,0,0,0,0,0,0,0,0,0,0,0,0,0,,,,,,,,0,0,0,1,0,0,0,0,0,0,0,0,0,,,,,,,,0,0,0,0,0,0,0,0,0,0,0,0,0,,,,,,,,20260706
,,,82978555-232M,Ovik Heavy Flannel Shirt M,FRV,0,0,0,0,0,0,0,0,0,0,0,0,0,0,0,,,,,,,,0,0,0,1,0,0,0,0,0,0,0,0,0,,,,,,,,0,0,0,0,0,0,0,0,0,0,0,0,0,,,,,,,,20260706
,,,82978555-232S,Ovik Heavy Flannel Shirt M,FRV,0,0,0,0,0,0,0,0,0,0,0,0,0,0,0,,,,,,,,0,0,0,1,0,0,0,0,0,0,0,0,0,,,,,,,,0,0,0,0,0,0,0,0,0,0,0,0,0,,,,,,,,20260706
,,,82978555-232XS,Ovik Heavy Flannel Shirt M,FRV,0,0,0,0,0,0,0,0,0,0,0,0,0,0,0,,,,,,,,0,0,0,1,0,0,0,0,0,0,0,0,0,,,,,,,,0,0,0,0,0,0,0,0,0,0,0,0,0,,,,,,,,20260706
,,,82978662-555M,Ovik Heavy Flannel Shirt M,FRV,0,0,0,0,0,0,0,0,0,0,0,0,0,0,0,,,,,,,,0,0,0,1,0,0,0,0,0,0,0,0,0,,,,,,,,0,0,0,0,0,0,0,0,0,0,0,0,0,,,,,,,,20260706
,,,82979555M,Ovik Flannel Shirt M,FRV,0,0,0,0,0,0,0,0,0,0,0,0,0,0,0,,,,,,,,0,0,0,1,0,0,0,0,0,0,0,0,0,,,,,,,,0,0,0,0,0,0,0,0,0,0,0,0,0,,,,,,,,20260706
,,,82979625-534L,Ovik Flannel Shirt M,FRV,0,0,0,0,0,0,0,0,0,0,0,0,0,0,0,,,,,,,,0,0,0,1,0,0,0,0,0,0,0,0,0,,,,,,,,0,0,0,0,0,0,0,0,0,0,0,0,0,,,,,,,,20260706
,,,83242633S,Anorak No. 8 M,FRV,0,0,0,0,0,0,0,0,0,0,0,0,0,0,0,,,,,,,,0,1,0,2,1,1,1,0,0,1,1,1,0,,,,,,,,0,0,0,0,0,0,0,0,0,0,0,0,0,,,,,,,,20260706
,,,83242633XS,Anorak No. 8 M,FRV,0,3,0,0,0,0,0,0,0,0,0,0,0,0,0,,,,,,,,0,1,0,1,1,1,1,0,0,1,1,1,0,,,,,,,,0,0,0,0,0,0,0,0,0,0,0,0,0,,,,,,,,20260706
,,,83502300M,High Coast Lite Dress W,FRV,0,0,0,0,0,0,0,0,0,0,0,0,0,0,0,,,,,,,,0,1,0,1,0,1,0,1,1,1,0,1,0,,,,,,,,0,0,0,0,0,0,0,0,0,0,0,0,0,,,,,,,,20260706
,,,83502300S,High Coast Lite Dress W,FRV,0,0,0,0,0,0,0,0,0,0,0,0,0,0,0,,,,,,,,0,1,0,1,1,1,0,1,1,1,0,1,0,,,,,,,,0,0,0,0,0,0,0,0,0,0,0,0,0,,,,,,,,20260706
,,,83502560M,High Coast Lite Dress W,FRV,0,0,0,0,0,0,0,0,0,0,0,0,0,0,0,,,,,,,,0,1,0,1,1,1,0,1,1,1,0,1,0,,,,,,,,0,0,0,0,0,0,0,0,0,0,0,0,0,,,,,,,,20260706
,,,83502560S,High Coast Lite Dress W,FRV,2,0,0,0,0,0,0,0,0,0,0,0,0,0,0,,,,,,,,0,1,0,1,1,1,0,1,1,1,0,1,0,,,,,,,,0,0,0,0,0,0,0,0,0,0,0,0,0,,,,,,,,20260706
,,,83502620M,High Coast Lite Dress W,FRV,0,0,0,0,0,0,0,0,0,0,0,0,0,0,0,,,,,,,,0,0,0,1,0,1,0,0,0,0,0,1,0,,,,,,,,0,0,0,0,0,0,0,0,0,0,0,0,0,,,,,,,,20260706
,,,83502620S,High Coast Lite Dress W,FRV,0,0,0,0,0,0,0,0,0,0,0,0,0,0,0,,,,,,,,0,0,0,1,1,0,0,0,0,0,0,0,0,,,,,,,,0,0,0,0,0,0,0,0,0,0,0,0,0,,,,,,,,20260706
,,,83508333M,High Coast Lite Hoodie W,FRV,2,0,0,0,0,0,0,0,0,0,0,0,0,0,0,,,,,,,,0,0,0,0,0,0,0,0,0,0,0,0,0,,,,,,,,0,0,0,0,0,0,0,0,0,0,0,0,0,,,,,,,,20260706
,,,83516118M,High Coast Wind Jacket W,FRV,0,0,0,0,0,0,0,0,0,0,0,0,0,0,0,,,,,,,,0,0,0,1,1,1,1,0,0,1,1,0,0,,,,,,,,0,0,0,0,0,0,0,0,0,0,0,0,0,,,,,,,,20260706
,,,83516118S,High Coast Wind Jacket W,FRV,0,0,0,0,0,0,0,0,0,0,0,0,0,0,0,,,,,,,,0,2,0,0,1,1,1,1,0,1,1,1,0,,,,,,,,0,0,0,0,0,0,0,0,0,0,0,0,0,,,,,,,,20260706
,,,83516300M,High Coast Wind Jacket W,FRV,0,0,0,0,0,0,0,0,0,0,0,0,0,0,0,,,,,,,,0,0,0,1,0,0,0,0,0,0,0,0,0,,,,,,,,0,0,0,0,0,0,0,0,0,0,0,0,0,,,,,,,,20260706
,,,83516300S,High Coast Wind Jacket W,FRV,1,0,0,0,0,0,0,0,0,0,0,0,0,0,0,,,,,,,,0,0,0,1,0,0,0,0,0,0,0,0,0,,,,,,,,0,0,0,0,0,0,0,0,0,0,0,0,0,,,,,,,,20260706
,,,83516300XS,High Coast Wind Jacket W,FRV,0,0,0,0,0,0,0,0,0,0,0,0,0,0,0,,,,,,,,0,0,0,1,0,0,0,0,0,0,0,0,0,,,,,,,,0,0,0,0,0,0,0,0,0,0,0,0,0,,,,,,,,20260706
,,,83516550M,High Coast Wind Jacket W,FRV,0,0,0,0,0,0,0,0,0,0,0,0,0,0,0,,,,,,,,0,1,0,1,1,0,0,1,0,0,0,0,0,,,,,,,,0,0,0,0,0,0,0,0,0,0,0,0,0,,,,,,,,20260706
,,,83516550S,High Coast Wind Jacket W,FRV,0,0,0,0,0,0,0,0,0,0,0,0,0,0,0,,,,,,,,0,1,0,1,1,0,1,0,0,0,0,0,0,,,,,,,,0,0,0,0,0,0,0,0,0,0,0,0,0,,,,,,,,20260706
,,,83516550XS,High Coast Wind Jacket W,FRV,0,0,0,0,0,0,0,0,0,0,0,0,0,0,0,,,,,,,,0,1,0,1,0,0,0,0,0,0,0,0,0,,,,,,,,0,0,0,0,0,0,0,0,0,0,0,0,0,,,,,,,,20260706
,,,83516620L,High Coast Wind Jacket W,FRV,0,0,0,0,0,0,0,0,0,0,0,0,0,0,0,,,,,,,,0,0,0,1,0,0,0,0,0,0,0,0,0,,,,,,,,0,0,0,0,0,0,0,0,0,0,0,0,0,,,,,,,,20260706
,,,83516620M,High Coast Wind Jacket W,FRV,0,2,0,0,0,0,0,0,0,0,0,0,0,0,0,,,,,,,,0,0,0,1,1,1,1,1,0,1,1,1,0,,,,,,,,0,0,0,0,0,0,0,0,0,0,0,0,0,,,,,,,,20260706
,,,83516620S,High Coast Wind Jacket W,FRV,0,4,0,0,0,0,0,0,0,0,0,0,0,0,0,,,,,,,,0,1,0,1,1,1,1,1,0,1,1,1,0,,,,,,,,0,0,0,0,0,0,0,0,0,0,0,0,0,,,,,,,,20260706
,,,83775550XS,Abisko Padded Vest,FRV,1,0,0,0,0,0,0,0,0,0,0,0,0,0,0,,,,,,,,0,0,0,0,0,0,0,0,0,0,0,0,0,,,,,,,,0,0,0,0,0,0,0,0,0,0,0,0,0,,,,,,,,20260706
,,,83991020M,Bergtagen Longjohns M,FRV,3,0,0,0,0,0,0,0,0,0,0,0,0,0,0,,,,,,,,0,0,0,0,0,0,0,0,0,0,0,0,0,,,,,,,,0,0,0,0,0,0,0,0,0,0,0,0,0,,,,,,,,20260706
,,,84100208L,Bergtagen Thinwool SS W,FRV,1,0,0,0,0,0,0,0,0,0,0,0,0,0,0,,,,,,,,0,0,0,0,0,0,0,0,0,0,0,0,0,,,,,,,,0,0,0,0,0,0,0,0,0,0,0,0,0,,,,,,,,20260706
,,,84100208M,Bergtagen Thinwool SS W,FRV,5,0,0,0,0,0,0,0,0,0,0,0,0,0,0,,,,,,,,0,0,0,0,0,0,0,0,0,0,0,0,0,,,,,,,,0,0,0,0,0,0,0,0,0,0,0,0,0,,,,,,,,20260706
,,,84100208S,Bergtagen Thinwool SS W,FRV,3,0,0,0,0,0,0,0,0,0,0,0,0,0,0,,,,,,,,0,0,0,0,0,0,0,0,0,0,0,0,0,,,,,,,,0,0,0,0,0,0,0,0,0,0,0,0,0,,,,,,,,20260706
,,,84100570L,Bergtagen Thinwool SS W,FRV,1,0,0,0,0,0,0,0,0,0,0,0,0,0,0,,,,,,,,0,0,0,0,0,0,0,0,0,0,0,0,0,,,,,,,,0,0,0,0,0,0,0,0,0,0,0,0,0,,,,,,,,20260706
,,,84100570S,Bergtagen Thinwool SS W,FRV,2,0,0,0,0,0,0,0,0,0,0,0,0,0,0,,,,,,,,0,0,0,0,0,0,0,0,0,0,0,0,0,,,,,,,,0,0,0,0,0,0,0,0,0,0,0,0,0,,,,,,,,20260706
,,,84102550M,Abisko Wool LS W,FRV,0,0,0,0,0,0,0,0,0,0,0,0,0,0,0,,,,,,,,0,0,0,1,0,0,0,0,0,0,0,0,0,,,,,,,,0,0,0,0,0,0,0,0,0,0,0,0,0,,,,,,,,20260706
,,,84102550S,Abisko Wool LS W,FRV,0,0,0,0,0,0,0,0,0,0,0,0,0,0,0,,,,,,,,0,0,0,1,0,0,0,0,0,0,0,0,0,,,,,,,,0,0,0,0,0,0,0,0,0,0,0,0,0,,,,,,,,20260706
,,,84102550XS,Abisko Wool LS W,FRV,0,0,0,0,0,0,0,0,0,0,0,0,0,0,0,,,,,,,,0,0,0,0,1,0,0,0,0,0,0,0,0,,,,,,,,0,0,0,0,0,0,0,0,0,0,0,0,0,,,,,,,,20260706
,,,84108016M,Abisko Sun-hoodie W,FRV,0,0,0,0,0,0,0,0,0,0,0,0,0,0,0,,,,,,,,0,0,0,1,0,1,1,0,0,0,0,1,0,,,,,,,,0,0,0,0,0,0,0,0,0,0,0,0,0,,,,,,,,20260706
,,,84108016S,Abisko Sun-hoodie W,FRV,0,0,0,0,0,0,0,0,0,0,0,0,0,0,0,,,,,,,,0,1,0,0,1,1,0,0,0,0,0,1,0,,,,,,,,0,0,0,0,0,0,0,0,0,0,0,0,0,,,,,,,,20260706
,,,84108016XS,Abisko Sun-hoodie W,FRV,0,0,0,0,0,0,0,0,0,0,0,0,0,0,0,,,,,,,,0,0,0,0,1,0,0,0,0,0,0,1,0,,,,,,,,0,0,0,0,0,0,0,0,0,0,0,0,0,,,,,,,,20260706
,,,84108333M,Abisko Sun-hoodie W,FRV,0,0,0,0,0,0,0,0,0,0,0,0,0,0,0,,,,,,,,0,1,0,1,1,0,1,0,0,1,0,1,0,,,,,,,,0,0,0,0,0,0,0,0,0,0,0,0,0,,,,,,,,20260706
,,,84108357M,Abisko Sun-hoodie W,FRV,0,0,0,0,0,0,0,0,0,0,0,0,0,0,0,,,,,,,,0,1,0,1,1,1,1,0,0,1,0,1,0,,,,,,,,0,0,0,0,0,0,0,0,0,0,0,0,0,,,,,,,,20260706
,,,84108357S,Abisko Sun-hoodie W,FRV,0,0,0,0,0,0,0,0,0,0,0,0,0,0,0,,,,,,,,0,1,0,1,0,1,0,0,0,0,0,1,0,,,,,,,,0,0,0,0,0,0,0,0,0,0,0,0,0,,,,,,,,20260706
,,,84108614M,Abisko Sun-hoodie W,FRV,0,4,0,0,0,0,0,0,0,0,0,0,0,0,0,,,,,,,,0,1,0,1,1,1,1,1,0,1,0,1,0,,,,,,,,0,0,0,0,0,0,0,0,0,0,0,0,0,,,,,,,,20260706
,,,84108614S,Abisko Sun-hoodie W,FRV,0,1,0,0,0,0,0,0,0,0,0,0,0,0,0,,,,,,,,0,1,0,1,1,1,1,1,0,1,0,1,0,,,,,,,,0,0,0,0,0,0,0,0,0,0,0,0,0,,,,,,,,20260706
,,,84118128XS,Abisko Wool Fox SS W,FRV,0,0,0,0,0,0,0,0,0,0,0,0,0,0,0,,,,,,,,0,0,0,1,0,0,0,0,0,0,0,0,0,,,,,,,,0,0,0,0,0,0,0,0,0,0,0,0,0,,,,,,,,20260706
,,,84118550-048M,Abisko Wool Fox SS W,FRV,1,8,0,0,0,0,0,0,0,0,0,0,0,0,0,,,,,,,,0,1,0,1,1,1,1,1,0,1,0,1,0,,,,,,,,0,0,0,0,0,0,0,0,0,0,0,0,0,,,,,,,,20260706
,,,84118550-048S,Abisko Wool Fox SS W,FRV,1,7,0,0,0,0,0,0,0,0,0,0,0,0,0,,,,,,,,0,1,0,1,1,1,1,1,0,1,0,1,0,,,,,,,,0,0,0,0,0,0,0,0,0,0,0,0,0,,,,,,,,20260706
,,,84118550-048XS,Abisko Wool Fox SS W,FRV,0,2,0,0,0,0,0,0,0,0,0,0,0,0,0,,,,,,,,0,1,0,1,1,1,1,1,0,1,0,1,0,,,,,,,,0,0,0,0,0,0,0,0,0,0,0,0,0,,,,,,,,20260706
,,,84118614-243M,Abisko Wool Fox SS W,FRV,0,3,0,0,0,0,0,0,0,0,0,0,0,0,0,,,,,,,,0,1,0,1,1,1,1,1,0,1,0,1,0,,,,,,,,0,0,0,0,0,0,0,0,0,0,0,0,0,,,,,,,,20260706
,,,84118614-243S,Abisko Wool Fox SS W,FRV,0,4,0,0,0,0,0,0,0,0,0,0,0,0,0,,,,,,,,0,1,0,1,1,1,1,1,0,1,0,1,0,,,,,,,,0,0,0,0,0,0,0,0,0,0,0,0,0,,,,,,,,20260706
,,,84118614-243XS,Abisko Wool Fox SS W,FRV,0,6,0,0,0,0,0,0,0,0,0,0,0,0,0,,,,,,,,0,1,0,1,1,1,1,1,0,1,0,1,0,,,,,,,,0,0,0,0,0,0,0,0,0,0,0,0,0,,,,,,,,20260706
,,,84122555S,Karla Hydratic Jacket W,FRV,1,0,0,0,0,0,0,0,0,0,0,0,0,0,0,,,,,,,,0,0,0,0,0,0,0,0,0,0,0,0,0,,,,,,,,0,0,0,0,0,0,0,0,0,0,0,0,0,,,,,,,,20260706
,,,84122662M,Karla Hydratic Jacket W,FRV,1,0,0,0,0,0,0,0,0,0,0,0,0,0,0,,,,,,,,0,0,0,0,0,0,0,0,0,0,0,0,0,,,,,,,,0,0,0,0,0,0,0,0,0,0,0,0,0,,,,,,,,20260706
,,,84122662S,Karla Hydratic Jacket W,FRV,1,0,0,0,0,0,0,0,0,0,0,0,0,0,0,,,,,,,,0,0,0,0,0,0,0,0,0,0,0,0,0,,,,,,,,0,0,0,0,0,0,0,0,0,0,0,0,0,,,,,,,,20260706
,,,84127550S,Ovik Wool Padded Jacket M,FRV,2,0,0,0,0,0,0,0,0,0,0,0,0,0,0,,,,,,,,0,0,0,0,0,0,0,0,0,0,0,0,0,,,,,,,,0,0,0,0,0,0,0,0,0,0,0,0,0,,,,,,,,20260706
,,,84127550XS,Ovik Wool Padded Jacket M,FRV,2,0,0,0,0,0,0,0,0,0,0,0,0,0,0,,,,,,,,0,0,0,0,0,0,0,0,0,0,0,0,0,,,,,,,,0,0,0,0,0,0,0,0,0,0,0,0,0,,,,,,,,20260706
,,,84127633M,Ovik Wool Padded Jacket M,FRV,2,0,0,0,0,0,0,0,0,0,0,0,0,0,0,,,,,,,,0,0,0,0,0,0,0,0,0,0,0,0,0,,,,,,,,0,0,0,0,0,0,0,0,0,0,0,0,0,,,,,,,,20260706
,,,84127633S,Ovik Wool Padded Jacket M,FRV,12,0,0,0,0,0,0,0,0,0,0,0,0,0,0,,,,,,,,0,0,0,0,0,0,0,0,0,0,0,0,0,,,,,,,,0,0,0,0,0,0,0,0,0,0,0,0,0,,,,,,,,20260706
,,,84127633XS,Ovik Wool Padded Jacket M,FRV,1,0,0,0,0,0,0,0,0,0,0,0,0,0,0,,,,,,,,0,0,0,0,0,0,0,0,0,0,0,0,0,,,,,,,,0,0,0,0,0,0,0,0,0,0,0,0,0,,,,,,,,20260706
,,,84128550-030XS,Vardag Lite Padded Jacket M,FRV,4,0,0,0,0,0,0,0,0,0,0,0,0,0,0,,,,,,,,0,0,0,0,0,0,0,0,0,0,0,0,0,,,,,,,,0,0,0,0,0,0,0,0,0,0,0,0,0,,,,,,,,20260706
,,,84128625-232S,Vardag Lite Padded Jacket M,FRV,1,0,0,0,0,0,0,0,0,0,0,0,0,0,0,,,,,,,,0,0,0,0,0,0,0,0,0,0,0,0,0,,,,,,,,0,0,0,0,0,0,0,0,0,0,0,0,0,,,,,,,,20260706
,,,84128667-638M,Vardag Lite Padded Jacket M,FRV,1,0,0,0,0,0,0,0,0,0,0,0,0,0,0,,,,,,,,0,0,0,0,0,0,0,0,0,0,0,0,0,,,,,,,,0,0,0,0,0,0,0,0,0,0,0,0,0,,,,,,,,20260706
,,,84128667-638S,Vardag Lite Padded Jacket M,FRV,2,0,0,0,0,0,0,0,0,0,0,0,0,0,0,,,,,,,,0,0,0,0,0,0,0,0,0,0,0,0,0,,,,,,,,0,0,0,0,0,0,0,0,0,0,0,0,0,,,,,,,,20260706
,,,84139020L,Lada Round-neck Sweater M,FRV,0,0,0,0,0,0,0,0,0,0,0,0,0,0,0,,,,,,,,0,0,0,1,0,0,0,0,1,0,0,0,0,,,,,,,,0,0,0,0,0,0,0,0,0,0,0,0,0,,,,,,,,20260706
,,,84139020M,Lada Round-neck Sweater M,FRV,4,0,0,0,0,0,0,0,0,0,0,0,0,0,0,,,,,,,,0,0,0,1,0,0,0,0,1,0,0,0,0,,,,,,,,0,0,0,0,0,0,0,0,0,0,0,0,0,,,,,,,,20260706
,,,84139020S,Lada Round-neck Sweater M,FRV,11,0,0,0,0,0,0,0,0,0,0,0,0,0,0,,,,,,,,0,0,0,1,0,0,0,0,1,0,0,0,0,,,,,,,,0,0,0,0,0,0,0,0,0,0,0,0,0,,,,,,,,20260706
,,,84139020XS,Lada Round-neck Sweater M,FRV,9,0,0,0,0,0,0,0,0,0,0,0,0,0,0,,,,,,,,0,0,0,1,0,0,0,0,1,0,0,0,0,,,,,,,,0,0,0,0,0,0,0,0,0,0,0,0,0,,,,,,,,20260706
,,,84142020-999L,Fjallraven Logo Sweater M,FRV,1,0,0,0,0,0,0,0,0,0,0,0,0,0,0,,,,,,,,0,0,0,1,2,2,0,0,1,0,1,1,0,,,,,,,,0,0,0,0,0,0,0,0,0,0,0,0,0,,,,,,,,20260706
,,,84142020-999M,Fjallraven Logo Sweater M,FRV,0,0,0,0,0,0,0,0,0,0,0,0,0,0,0,,,,,,,,0,0,0,0,0,0,0,0,0,0,0,1,0,,,,,,,,0,0,0,0,0,0,0,0,0,0,0,0,0,,,,,,,,20260706
,,,84142020-999S,Fjallraven Logo Sweater M,FRV,0,0,0,0,0,0,0,0,0,0,0,0,0,0,0,,,,,,,,0,0,0,0,0,1,0,0,1,0,0,0,0,,,,,,,,0,0,0,0,0,0,0,0,0,0,0,0,0,,,,,,,,20260706
,,,84142020-999XS,Fjallraven Logo Sweater M,FRV,1,0,0,0,0,0,0,0,0,0,0,0,0,0,0,,,,,,,,0,0,0,0,0,1,0,0,0,0,0,1,0,,,,,,,,0,0,0,0,0,0,0,0,0,0,0,0,0,,,,,,,,20260706
,,,84142055M,Fjallraven Logo Sweater M,FRV,0,0,0,0,0,0,0,0,0,0,0,0,0,0,0,,,,,,,,0,0,0,0,0,0,0,0,1,0,0,0,0,,,,,,,,0,0,0,0,0,0,0,0,0,0,0,0,0,,,,,,,,20260706
,,,84142055XL,Fjallraven Logo Sweater M,FRV,0,0,0,0,0,0,0,0,0,0,0,0,0,0,0,,,,,,,,0,0,0,0,0,0,0,0,1,0,0,0,0,,,,,,,,0,0,0,0,0,0,0,0,0,0,0,0,0,,,,,,,,20260706
,,,84142055XS,Fjallraven Logo Sweater M,FRV,0,0,0,0,0,0,0,0,0,0,0,0,0,0,0,,,,,,,,0,0,0,0,0,0,0,0,1,0,0,0,0,,,,,,,,0,0,0,0,0,0,0,0,0,0,0,0,0,,,,,,,,20260706
,,,84142243XL,Fjallraven Logo Sweater M,FRV,0,0,0,0,0,0,0,0,0,0,0,0,0,0,0,,,,,,,,0,0,0,0,0,0,0,0,0,0,0,1,0,,,,,,,,0,0,0,0,0,0,0,0,0,0,0,0,0,,,,,,,,20260706
,,,84142243XS,Fjallraven Logo Sweater M,FRV,0,0,0,0,0,0,0,0,0,0,0,0,0,0,0,,,,,,,,0,0,0,0,0,0,0,0,0,0,0,1,0,,,,,,,,0,0,0,0,0,0,0,0,0,0,0,0,0,,,,,,,,20260706
,,,84142265M,Fjallraven Logo Sweater M,FRV,0,0,0,0,0,0,0,0,0,0,0,0,0,0,0,,,,,,,,0,0,0,0,0,0,0,0,1,0,0,0,0,,,,,,,,0,0,0,0,0,0,0,0,0,0,0,0,0,,,,,,,,20260706
,,,84142265S,Fjallraven Logo Sweater M,FRV,0,0,0,0,0,0,0,0,0,0,0,0,0,0,0,,,,,,,,0,0,0,0,0,0,0,0,1,0,0,1,0,,,,,,,,0,0,0,0,0,0,0,0,0,0,0,0,0,,,,,,,,20260706
,,,84142302L,Fjallraven Logo Sweater M,FRV,0,0,0,0,0,0,0,0,0,0,0,0,0,0,0,,,,,,,,0,0,0,0,1,1,0,0,0,0,0,0,0,,,,,,,,0,0,0,0,0,0,0,0,0,0,0,0,0,,,,,,,,20260706
,,,84142302M,Fjallraven Logo Sweater M,FRV,0,0,0,0,0,0,0,0,0,0,0,0,0,0,0,,,,,,,,0,0,0,0,1,0,0,0,0,0,0,0,0,,,,,,,,0,0,0,0,0,0,0,0,0,0,0,0,0,,,,,,,,20260706
,,,84142302S,Fjallraven Logo Sweater M,FRV,0,0,0,0,0,0,0,0,0,0,0,0,0,0,0,,,,,,,,0,0,0,0,1,0,0,1,0,0,0,0,0,,,,,,,,0,0,0,0,0,0,0,0,0,0,0,0,0,,,,,,,,20260706
,,,84142302XS,Fjallraven Logo Sweater M,FRV,0,0,0,0,0,0,0,0,0,0,0,0,0,0,0,,,,,,,,0,0,0,0,1,0,0,0,0,0,0,1,0,,,,,,,,0,0,0,0,0,0,0,0,0,0,0,0,0,,,,,,,,20260706
,,,84142543M,Fjallraven Logo Sweater M,FRV,0,0,0,0,0,0,0,0,0,0,0,0,0,0,0,,,,,,,,0,0,0,0,0,0,0,0,1,0,0,0,0,,,,,,,,0,0,0,0,0,0,0,0,0,0,0,0,0,,,,,,,,20260706
,,,84142543S,Fjallraven Logo Sweater M,FRV,0,0,0,0,0,0,0,0,0,0,0,0,0,0,0,,,,,,,,0,0,0,0,0,0,0,0,1,0,0,0,0,,,,,,,,0,0,0,0,0,0,0,0,0,0,0,0,0,,,,,,,,20260706
,,,84142543XL,Fjallraven Logo Sweater M,FRV,0,0,0,0,0,0,0,0,0,0,0,0,0,0,0,,,,,,,,0,0,0,0,0,0,0,0,1,0,0,0,0,,,,,,,,0,0,0,0,0,0,0,0,0,0,0,0,0,,,,,,,,20260706
,,,84142543XS,Fjallraven Logo Sweater M,FRV,0,0,0,0,0,0,0,0,0,0,0,0,0,0,0,,,,,,,,0,0,0,0,0,0,0,0,1,0,0,0,0,,,,,,,,0,0,0,0,0,0,0,0,0,0,0,0,0,,,,,,,,20260706
,,,84142550L,Fjallraven Logo Sweater M,FRV,0,0,0,0,0,0,0,0,0,0,0,0,0,0,0,,,,,,,,0,0,0,0,1,1,0,0,0,0,0,0,0,,,,,,,,0,0,0,0,0,0,0,0,0,0,0,0,0,,,,,,,,20260706
,,,84142550M,Fjallraven Logo Sweater M,FRV,1,0,0,0,0,0,0,0,0,0,0,0,0,0,0,,,,,,,,0,0,0,0,1,0,0,0,0,0,0,1,0,,,,,,,,0,0,0,0,0,0,0,0,0,0,0,0,0,,,,,,,,20260706
,,,84142550S,Fjallraven Logo Sweater M,FRV,0,0,0,0,0,0,0,0,0,0,0,0,0,0,0,,,,,,,,0,0,0,1,1,0,0,0,0,0,0,1,0,,,,,,,,0,0,0,0,0,0,0,0,0,0,0,0,0,,,,,,,,20260706
,,,84142550XS,Fjallraven Logo Sweater M,FRV,0,0,0,0,0,0,0,0,0,0,0,0,0,0,0,,,,,,,,0,0,0,0,0,0,0,0,0,0,0,1,0,,,,,,,,0,0,0,0,0,0,0,0,0,0,0,0,0,,,,,,,,20260706
,,,84142555L,Fjallraven Logo Sweater M,FRV,0,0,0,0,0,0,0,0,0,0,0,0,0,0,0,,,,,,,,0,1,0,0,0,0,0,0,0,0,0,0,0,,,,,,,,0,0,0,0,0,0,0,0,0,0,0,0,0,,,,,,,,20260706
,,,84142555M,Fjallraven Logo Sweater M,FRV,2,0,0,0,0,0,0,0,0,0,0,0,0,0,0,,,,,,,,0,1,0,0,0,0,0,0,0,0,0,1,0,,,,,,,,0,0,0,0,0,0,0,0,0,0,0,0,0,,,,,,,,20260706
,,,84142555S,Fjallraven Logo Sweater M,FRV,1,0,0,0,0,0,0,0,0,0,0,0,0,0,0,,,,,,,,0,0,0,0,1,1,0,1,0,0,0,1,0,,,,,,,,0,0,0,0,0,0,0,0,0,0,0,0,0,,,,,,,,20260706
,,,84142555XS,Fjallraven Logo Sweater M,FRV,0,0,0,0,0,0,0,0,0,0,0,0,0,0,0,,,,,,,,0,0,0,0,1,1,0,0,0,0,0,0,0,,,,,,,,0,0,0,0,0,0,0,0,0,0,0,0,0,,,,,,,,20260706
,,,84142574L,Fjallraven Logo Sweater M,FRV,0,0,0,0,0,0,0,0,0,0,0,0,0,0,0,,,,,,,,0,0,0,1,1,0,0,0,1,0,0,1,0,,,,,,,,0,0,0,0,0,0,0,0,0,0,0,0,0,,,,,,,,20260706
,,,84142574M,Fjallraven Logo Sweater M,FRV,0,0,0,0,0,0,0,0,0,0,0,0,0,0,0,,,,,,,,0,0,0,0,0,1,0,0,0,0,0,0,0,,,,,,,,0,0,0,0,0,0,0,0,0,0,0,0,0,,,,,,,,20260706
,,,84142662L,Fjallraven Logo Sweater M,FRV,1,0,0,0,0,0,0,0,0,0,0,0,0,0,0,,,,,,,,0,0,0,0,1,1,0,0,0,0,0,1,0,,,,,,,,0,0,0,0,0,0,0,0,0,0,0,0,0,,,,,,,,20260706
,,,84142662M,Fjallraven Logo Sweater M,FRV,1,0,0,0,0,0,0,0,0,0,0,0,0,0,0,,,,,,,,0,0,0,1,1,0,0,1,0,0,0,1,0,,,,,,,,0,0,0,0,0,0,0,0,0,0,0,0,0,,,,,,,,20260706
,,,84142662S,Fjallraven Logo Sweater M,FRV,1,0,0,0,0,0,0,0,0,0,0,0,0,0,0,,,,,,,,0,0,0,1,0,1,1,0,0,0,1,2,0,,,,,,,,0,0,0,0,0,0,0,0,0,0,0,0,0,,,,,,,,20260706
,,,84142662XL,Fjallraven Logo Sweater M,FRV,0,0,0,0,0,0,0,0,0,0,0,0,0,0,0,,,,,,,,0,0,0,0,1,0,0,0,0,0,0,1,0,,,,,,,,0,0,0,0,0,0,0,0,0,0,0,0,0,,,,,,,,20260706
,,,84142662XS,Fjallraven Logo Sweater M,FRV,0,0,0,0,0,0,0,0,0,0,0,0,0,0,0,,,,,,,,0,1,0,0,1,0,0,0,0,0,0,1,0,,,,,,,,0,0,0,0,0,0,0,0,0,0,0,0,0,,,,,,,,20260706
,,,84143020-999M,Fjallraven Logo Sweater W,FRV,0,0,0,0,0,0,0,0,0,0,0,0,0,0,0,,,,,,,,0,0,0,1,0,0,0,1,0,0,0,0,0,,,,,,,,0,0,0,0,0,0,0,0,0,0,0,0,0,,,,,,,,20260706
,,,84143020-999S,Fjallraven Logo Sweater W,FRV,1,0,0,0,0,0,0,0,0,0,0,0,0,0,0,,,,,,,,0,0,0,1,0,0,0,1,0,0,0,0,0,,,,,,,,0,0,0,0,0,0,0,0,0,0,0,0,0,,,,,,,,20260706
,,,84143020-999XS,Fjallraven Logo Sweater W,FRV,0,0,0,0,0,0,0,0,0,0,0,0,0,0,0,,,,,,,,0,0,0,1,0,0,0,0,0,0,0,0,0,,,,,,,,0,0,0,0,0,0,0,0,0,0,0,0,0,,,,,,,,20260706
,,,84143113-214S,Fjallraven Logo Sweater W,FRV,0,0,0,0,0,0,0,0,0,0,0,0,0,0,0,,,,,,,,0,0,0,0,0,0,0,0,1,0,0,0,0,,,,,,,,0,0,0,0,0,0,0,0,0,0,0,0,0,,,,,,,,20260706
,,,84143113-214XS,Fjallraven Logo Sweater W,FRV,0,0,0,0,0,0,0,0,0,0,0,0,0,0,0,,,,,,,,0,0,0,1,0,0,0,0,1,0,0,0,0,,,,,,,,0,0,0,0,0,0,0,0,0,0,0,0,0,,,,,,,,20260706
,,,84143133L,Fjallraven Logo Sweater W,FRV,0,0,0,0,0,0,0,0,0,0,0,0,0,0,0,,,,,,,,0,0,0,1,0,0,0,1,1,0,0,0,0,,,,,,,,0,0,0,0,0,0,0,0,0,0,0,0,0,,,,,,,,20260706
,,,84143133M,Fjallraven Logo Sweater W,FRV,0,0,0,0,0,0,0,0,0,0,0,0,0,0,0,,,,,,,,0,0,0,1,0,0,0,0,1,0,0,0,0,,,,,,,,0,0,0,0,0,0,0,0,0,0,0,0,0,,,,,,,,20260706
,,,84143133S,Fjallraven Logo Sweater W,FRV,1,0,0,0,0,0,0,0,0,0,0,0,0,0,0,,,,,,,,0,0,0,1,0,0,0,0,0,0,0,0,0,,,,,,,,0,0,0,0,0,0,0,0,0,0,0,0,0,,,,,,,,20260706
,,,84143300-357L,Fjallraven Logo Sweater W,FRV,1,0,0,0,0,0,0,0,0,0,0,0,0,0,0,,,,,,,,0,0,0,0,0,0,0,0,0,0,0,0,0,,,,,,,,0,0,0,0,0,0,0,0,0,0,0,0,0,,,,,,,,20260706
,,,84143300-357S,Fjallraven Logo Sweater W,FRV,0,0,0,0,0,0,0,0,0,0,0,0,0,0,0,,,,,,,,0,0,0,1,0,0,0,1,0,0,0,0,0,,,,,,,,0,0,0,0,0,0,0,0,0,0,0,0,0,,,,,,,,20260706
,,,84143300-357XS,Fjallraven Logo Sweater W,FRV,1,0,0,0,0,0,0,0,0,0,0,0,0,0,0,,,,,,,,0,0,0,1,0,0,0,0,0,0,0,0,0,,,,,,,,0,0,0,0,0,0,0,0,0,0,0,0,0,,,,,,,,20260706
,,,84143514-614M,Fjallraven Logo Sweater W,FRV,0,0,0,0,0,0,0,0,0,0,0,0,0,0,0,,,,,,,,0,0,0,0,0,0,0,1,1,0,0,0,0,,,,,,,,0,0,0,0,0,0,0,0,0,0,0,0,0,,,,,,,,20260706
,,,84143514-614S,Fjallraven Logo Sweater W,FRV,0,0,0,0,0,0,0,0,0,0,0,0,0,0,0,,,,,,,,0,0,0,0,0,0,0,1,1,0,0,0,0,,,,,,,,0,0,0,0,0,0,0,0,0,0,0,0,0,,,,,,,,20260706
,,,84143543-243L,Fjallraven Logo Sweater W,FRV,0,0,0,0,0,0,0,0,0,0,0,0,0,0,0,,,,,,,,0,0,0,1,0,0,0,0,0,0,0,0,0,,,,,,,,0,0,0,0,0,0,0,0,0,0,0,0,0,,,,,,,,20260706
,,,84143543-243M,Fjallraven Logo Sweater W,FRV,0,0,0,0,0,0,0,0,0,0,0,0,0,0,0,,,,,,,,0,0,0,1,0,0,0,0,0,0,0,0,0,,,,,,,,0,0,0,0,0,0,0,0,0,0,0,0,0,,,,,,,,20260706
,,,84143543-243S,Fjallraven Logo Sweater W,FRV,0,0,0,0,0,0,0,0,0,0,0,0,0,0,0,,,,,,,,0,0,0,1,0,0,0,0,0,0,0,0,0,,,,,,,,0,0,0,0,0,0,0,0,0,0,0,0,0,,,,,,,,20260706
,,,84143679-674M,Fjallraven Logo Sweater W,FRV,0,0,0,0,0,0,0,0,0,0,0,0,0,0,0,,,,,,,,0,0,0,0,0,0,0,1,1,0,0,0,0,,,,,,,,0,0,0,0,0,0,0,0,0,0,0,0,0,,,,,,,,20260706
,,,84143679-674S,Fjallraven Logo Sweater W,FRV,0,0,0,0,0,0,0,0,0,0,0,0,0,0,0,,,,,,,,0,0,0,0,0,0,0,1,1,0,0,0,0,,,,,,,,0,0,0,0,0,0,0,0,0,0,0,0,0,,,,,,,,20260706
,,,84144020-999L,Fjallraven Logo Hoodie M,FRV,1,0,0,0,0,0,0,0,0,0,0,0,0,0,0,,,,,,,,0,1,0,0,1,1,0,1,0,0,1,1,0,,,,,,,,0,0,0,0,0,0,0,0,0,0,0,0,0,,,,,,,,20260706
,,,84144020-999M,Fjallraven Logo Hoodie M,FRV,1,0,0,0,0,0,0,0,0,0,0,0,0,0,0,,,,,,,,0,1,0,0,0,1,0,0,0,0,1,1,0,,,,,,,,0,0,0,0,0,0,0,0,0,0,0,0,0,,,,,,,,20260706
,,,84144020-999S,Fjallraven Logo Hoodie M,FRV,1,0,0,0,0,0,0,0,0,0,0,0,0,0,0,,,,,,,,0,0,0,1,0,1,0,0,0,0,0,0,0,,,,,,,,0,0,0,0,0,0,0,0,0,0,0,0,0,,,,,,,,20260706
,,,84144020-999XS,Fjallraven Logo Hoodie M,FRV,0,0,0,0,0,0,0,0,0,0,0,0,0,0,0,,,,,,,,0,0,0,0,1,1,0,0,0,0,0,0,0,,,,,,,,0,0,0,0,0,0,0,0,0,0,0,0,0,,,,,,,,20260706
,,,84144243L,Fjallraven Logo Hoodie M,FRV,0,0,0,0,0,0,0,0,0,0,0,0,0,0,0,,,,,,,,0,0,0,0,0,0,0,0,0,0,0,1,0,,,,,,,,0,0,0,0,0,0,0,0,0,0,0,0,0,,,,,,,,20260706
,,,84144243M,Fjallraven Logo Hoodie M,FRV,0,0,0,0,0,0,0,0,0,0,0,0,0,0,0,,,,,,,,0,0,0,1,0,0,0,0,0,0,0,0,0,,,,,,,,0,0,0,0,0,0,0,0,0,0,0,0,0,,,,,,,,20260706
,,,84144243S,Fjallraven Logo Hoodie M,FRV,0,0,0,0,0,0,0,0,0,0,0,0,0,0,0,,,,,,,,0,0,0,0,0,0,1,0,0,0,0,1,0,,,,,,,,0,0,0,0,0,0,0,0,0,0,0,0,0,,,,,,,,20260706
,,,84144243XL,Fjallraven Logo Hoodie M,FRV,0,0,0,0,0,0,0,0,0,0,0,0,0,0,0,,,,,,,,0,0,0,1,0,0,0,0,0,0,0,0,0,,,,,,,,0,0,0,0,0,0,0,0,0,0,0,0,0,,,,,,,,20260706
,,,84144265L,Fjallraven Logo Hoodie M,FRV,0,0,0,0,0,0,0,0,0,0,0,0,0,0,0,,,,,,,,0,0,0,0,0,0,0,0,0,0,0,1,0,,,,,,,,0,0,0,0,0,0,0,0,0,0,0,0,0,,,,,,,,20260706
,,,84144265M,Fjallraven Logo Hoodie M,FRV,1,0,0,0,0,0,0,0,0,0,0,0,0,0,0,,,,,,,,0,0,0,1,0,0,0,0,0,0,1,1,0,,,,,,,,0,0,0,0,0,0,0,0,0,0,0,0,0,,,,,,,,20260706
,,,84144265S,Fjallraven Logo Hoodie M,FRV,1,0,0,0,0,0,0,0,0,0,0,0,0,0,0,,,,,,,,0,1,0,1,0,1,1,1,0,0,1,1,0,,,,,,,,0,0,0,0,0,0,0,0,0,0,0,0,0,,,,,,,,20260706
,,,84144265XS,Fjallraven Logo Hoodie M,FRV,0,0,0,0,0,0,0,0,0,0,0,0,0,0,0,,,,,,,,0,0,0,1,1,1,0,0,0,0,0,1,0,,,,,,,,0,0,0,0,0,0,0,0,0,0,0,0,0,,,,,,,,20260706
,,,84144555L,Fjallraven Logo Hoodie M,FRV,0,0,0,0,0,0,0,0,0,0,0,0,0,0,0,,,,,,,,0,0,0,1,1,0,0,0,0,0,0,1,0,,,,,,,,0,0,0,0,0,0,0,0,0,0,0,0,0,,,,,,,,20260706
,,,84144555M,Fjallraven Logo Hoodie M,FRV,1,0,0,0,0,0,0,0,0,0,0,0,0,0,0,,,,,,,,0,1,0,0,0,1,0,0,0,0,0,1,0,,,,,,,,0,0,0,0,0,0,0,0,0,0,0,0,0,,,,,,,,20260706
,,,84144555S,Fjallraven Logo Hoodie M,FRV,0,0,0,0,0,0,0,0,0,0,0,0,0,0,0,,,,,,,,0,0,0,1,1,1,0,0,0,0,0,0,0,,,,,,,,0,0,0,0,0,0,0,0,0,0,0,0,0,,,,,,,,20260706
,,,84144622L,Fjallraven Logo Hoodie M,FRV,0,0,0,0,0,0,0,0,0,0,0,0,0,0,0,,,,,,,,0,0,0,0,1,0,0,0,0,0,1,1,0,,,,,,,,0,0,0,0,0,0,0,0,0,0,0,0,0,,,,,,,,20260706
,,,84144622M,Fjallraven Logo Hoodie M,FRV,1,0,0,0,0,0,0,0,0,0,0,0,0,0,0,,,,,,,,0,1,0,1,0,1,0,0,0,0,0,1,0,,,,,,,,0,0,0,0,0,0,0,0,0,0,0,0,0,,,,,,,,20260706
,,,84144622S,Fjallraven Logo Hoodie M,FRV,0,0,0,0,0,0,0,0,0,0,0,0,0,0,0,,,,,,,,0,0,0,1,0,0,0,0,0,0,0,0,0,,,,,,,,0,0,0,0,0,0,0,0,0,0,0,0,0,,,,,,,,20260706
,,,84144622XS,Fjallraven Logo Hoodie M,FRV,0,0,0,0,0,0,0,0,0,0,0,0,0,0,0,,,,,,,,0,0,0,1,0,0,0,0,0,0,0,0,0,,,,,,,,0,0,0,0,0,0,0,0,0,0,0,0,0,,,,,,,,20260706
,,,84144678L,Fjallraven Logo Hoodie M,FRV,0,0,0,0,0,0,0,0,0,0,0,0,0,0,0,,,,,,,,0,0,0,1,0,0,0,0,0,0,0,0,0,,,,,,,,0,0,0,0,0,0,0,0,0,0,0,0,0,,,,,,,,20260706
,,,84144678M,Fjallraven Logo Hoodie M,FRV,0,0,0,0,0,0,0,0,0,0,0,0,0,0,0,,,,,,,,0,0,0,1,0,0,0,0,0,0,0,0,0,,,,,,,,0,0,0,0,0,0,0,0,0,0,0,0,0,,,,,,,,20260706
,,,84144678XS,Fjallraven Logo Hoodie M,FRV,0,0,0,0,0,0,0,0,0,0,0,0,0,0,0,,,,,,,,0,0,0,0,0,0,1,0,0,0,0,0,0,,,,,,,,0,0,0,0,0,0,0,0,0,0,0,0,0,,,,,,,,20260706
,,,84148242M,Ovik Knit Cardigan W,FRV,2,0,0,0,0,0,0,0,0,0,0,0,0,0,0,,,,,,,,0,0,0,1,0,0,0,0,0,0,0,0,0,,,,,,,,0,0,0,0,0,0,0,0,0,0,0,0,0,,,,,,,,20260706
,,,84148242S,Ovik Knit Cardigan W,FRV,1,0,0,0,0,0,0,0,0,0,0,0,0,0,0,,,,,,,,0,0,0,1,0,0,0,0,0,0,0,0,0,,,,,,,,0,0,0,0,0,0,0,0,0,0,0,0,0,,,,,,,,20260706
,,,84148555M,Ovik Knit Cardigan W,FRV,1,0,0,0,0,0,0,0,0,0,0,0,0,0,0,,,,,,,,0,0,0,1,0,0,0,0,0,0,0,0,0,,,,,,,,0,0,0,0,0,0,0,0,0,0,0,0,0,,,,,,,,20260706
,,,84148555S,Ovik Knit Cardigan W,FRV,4,0,0,0,0,0,0,0,0,0,0,0,0,0,0,,,,,,,,0,0,0,1,0,0,0,0,0,0,0,0,0,,,,,,,,0,0,0,0,0,0,0,0,0,0,0,0,0,,,,,,,,20260706
,,,84148555XS,Ovik Knit Cardigan W,FRV,5,0,0,0,0,0,0,0,0,0,0,0,0,0,0,,,,,,,,0,0,0,2,0,0,0,0,0,0,0,0,0,,,,,,,,0,0,0,0,0,0,0,0,0,0,0,0,0,,,,,,,,20260706
,,,84158113M,Vardag Pile Fleece M,FRV,1,0,0,0,0,0,0,0,0,0,0,0,0,0,0,,,,,,,,0,0,0,0,0,0,0,0,1,0,0,0,0,,,,,,,,0,0,0,0,0,0,0,0,0,0,0,0,0,,,,,,,,20260706
,,,84158113S,Vardag Pile Fleece M,FRV,14,0,0,0,0,0,0,0,0,0,0,0,0,0,0,,,,,,,,0,0,0,1,0,0,0,0,1,0,0,0,0,,,,,,,,0,0,0,0,0,0,0,0,0,0,0,0,0,,,,,,,,20260706
,,,84158113XS,Vardag Pile Fleece M,FRV,4,0,0,0,0,0,0,0,0,0,0,0,0,0,0,,,,,,,,0,0,0,1,0,0,0,0,1,0,0,0,0,,,,,,,,0,0,0,0,0,0,0,0,0,0,0,0,0,,,,,,,,20260706
,,,84158560-215L,Vardag Pile Fleece M,FRV,0,0,0,0,0,0,0,0,0,0,0,0,0,0,0,,,,,,,,0,0,0,0,0,0,0,0,1,0,0,0,0,,,,,,,,0,0,0,0,0,0,0,0,0,0,0,0,0,,,,,,,,20260706
,,,84158560-215M,Vardag Pile Fleece M,FRV,1,0,0,0,0,0,0,0,0,0,0,0,0,0,0,,,,,,,,0,0,0,0,0,0,0,0,0,0,0,0,0,,,,,,,,0,0,0,0,0,0,0,0,0,0,0,0,0,,,,,,,,20260706
,,,84158560-215S,Vardag Pile Fleece M,FRV,1,0,0,0,0,0,0,0,0,0,0,0,0,0,0,,,,,,,,0,0,0,1,0,0,0,0,1,0,0,0,0,,,,,,,,0,0,0,0,0,0,0,0,0,0,0,0,0,,,,,,,,20260706
,,,84158560-215XS,Vardag Pile Fleece M,FRV,1,0,0,0,0,0,0,0,0,0,0,0,0,0,0,,,,,,,,0,0,0,0,0,0,0,0,1,0,0,0,0,,,,,,,,0,0,0,0,0,0,0,0,0,0,0,0,0,,,,,,,,20260706
,,,84158662S,Vardag Pile Fleece M,FRV,1,0,0,0,0,0,0,0,0,0,0,0,0,0,0,,,,,,,,0,0,0,1,0,0,0,0,1,0,0,0,0,,,,,,,,0,0,0,0,0,0,0,0,0,0,0,0,0,,,,,,,,20260706
,,,84158662XS,Vardag Pile Fleece M,FRV,1,0,0,0,0,0,0,0,0,0,0,0,0,0,0,,,,,,,,0,0,0,0,0,0,0,0,1,0,0,0,0,,,,,,,,0,0,0,0,0,0,0,0,0,0,0,0,0,,,,,,,,20260706
,,,84605050M,Expedition Down Lite Jacket,FRV,1,0,0,0,0,0,0,0,0,0,0,0,0,0,0,,,,,,,,0,0,0,1,0,0,0,0,0,0,0,0,0,,,,,,,,0,0,0,0,0,0,0,0,0,0,0,0,0,,,,,,,,20260706
,,,84605050S,Expedition Down Lite Jacket,FRV,1,0,0,0,0,0,0,0,0,0,0,0,0,0,0,,,,,,,,0,0,0,1,0,0,0,0,0,0,0,0,0,,,,,,,,0,0,0,0,0,0,0,0,0,0,0,0,0,,,,,,,,20260706
,,,84605050XS,Expedition Down Lite Jacket,FRV,0,0,0,0,0,0,0,0,0,0,0,0,0,0,0,,,,,,,,0,0,0,1,0,0,0,0,0,0,0,0,0,,,,,,,,0,0,0,0,0,0,0,0,0,0,0,0,0,,,,,,,,20260706
,,,84605214M,Expedition Down Lite Jacket,FRV,1,0,0,0,0,0,0,0,0,0,0,0,0,0,0,,,,,,,,0,0,0,0,0,0,0,0,0,0,0,0,0,,,,,,,,0,0,0,0,0,0,0,0,0,0,0,0,0,,,,,,,,20260706
,,,84605525S,Expedition Down Lite Jacket,FRV,2,0,0,0,0,0,0,0,0,0,0,0,0,0,0,,,,,,,,0,0,0,0,0,0,0,0,0,0,0,0,0,,,,,,,,0,0,0,0,0,0,0,0,0,0,0,0,0,,,,,,,,20260706
,,,84605550L,Expedition Down Lite Jacket,FRV,0,0,0,0,0,0,0,0,0,0,0,0,0,0,0,,,,,,,,0,0,0,1,0,0,0,0,0,0,0,0,0,,,,,,,,0,0,0,0,0,0,0,0,0,0,0,0,0,,,,,,,,20260706
,,,84605550M,Expedition Down Lite Jacket,FRV,6,0,0,0,0,0,0,0,0,0,0,0,0,0,0,,,,,,,,0,0,0,2,0,0,0,0,0,0,0,0,0,,,,,,,,0,0,0,0,0,0,0,0,0,0,0,0,0,,,,,,,,20260706
,,,84605550S,Expedition Down Lite Jacket,FRV,0,0,0,0,0,0,0,0,0,0,0,0,0,0,0,,,,,,,,0,0,0,1,0,0,0,0,0,0,0,0,0,,,,,,,,0,0,0,0,0,0,0,0,0,0,0,0,0,,,,,,,,20260706
,,,84605560L,Expedition Down Lite Jacket,FRV,0,0,0,0,0,0,0,0,0,0,0,0,0,0,0,,,,,,,,0,0,0,1,0,0,0,0,0,0,0,0,0,,,,,,,,0,0,0,0,0,0,0,0,0,0,0,0,0,,,,,,,,20260706
,,,84605560M,Expedition Down Lite Jacket,FRV,11,0,0,0,0,0,0,0,0,0,0,0,0,0,0,,,,,,,,0,0,0,2,0,0,0,0,0,0,0,0,0,,,,,,,,0,0,0,0,0,0,0,0,0,0,0,0,0,,,,,,,,20260706
,,,84605560S,Expedition Down Lite Jacket,FRV,3,0,0,0,0,0,0,0,0,0,0,0,0,0,0,,,,,,,,0,0,0,2,0,0,0,0,0,0,0,0,0,,,,,,,,0,0,0,0,0,0,0,0,0,0,0,0,0,,,,,,,,20260706
,,,84605620M,Expedition Down Lite Jacket,FRV,5,0,0,0,0,0,0,0,0,0,0,0,0,0,0,,,,,,,,0,0,0,0,0,0,0,0,0,0,0,0,0,,,,,,,,0,0,0,0,0,0,0,0,0,0,0,0,0,,,,,,,,20260706
,,,84605620S,Expedition Down Lite Jacket,FRV,4,0,0,0,0,0,0,0,0,0,0,0,0,0,0,,,,,,,,0,0,0,0,0,0,0,0,0,0,0,0,0,,,,,,,,0,0,0,0,0,0,0,0,0,0,0,0,0,,,,,,,,20260706
,,,84605662M,Expedition Down Lite Jacket,FRV,6,0,0,0,0,0,0,0,0,0,0,0,0,0,0,,,,,,,,0,0,0,0,0,0,0,0,0,0,0,0,0,,,,,,,,0,0,0,0,0,0,0,0,0,0,0,0,0,,,,,,,,20260706
,,,84605662S,Expedition Down Lite Jacket,FRV,7,0,0,0,0,0,0,0,0,0,0,0,0,0,0,,,,,,,,0,0,0,0,0,0,0,0,0,0,0,0,0,,,,,,,,0,0,0,0,0,0,0,0,0,0,0,0,0,,,,,,,,20260706
,,,84605662XS,Expedition Down Lite Jacket,FRV,2,0,0,0,0,0,0,0,0,0,0,0,0,0,0,,,,,,,,0,0,0,0,0,0,0,0,0,0,0,0,0,,,,,,,,0,0,0,0,0,0,0,0,0,0,0,0,0,,,,,,,,20260706
,,,84606214M,Expedition Down Lite Vest M,FRV,1,0,0,0,0,0,0,0,0,0,0,0,0,0,0,,,,,,,,0,0,0,0,0,0,0,0,0,0,0,0,0,,,,,,,,0,0,0,0,0,0,0,0,0,0,0,0,0,,,,,,,,20260706
,,,84606214S,Expedition Down Lite Vest M,FRV,1,0,0,0,0,0,0,0,0,0,0,0,0,0,0,,,,,,,,0,0,0,0,0,0,0,0,0,0,0,0,0,,,,,,,,0,0,0,0,0,0,0,0,0,0,0,0,0,,,,,,,,20260706
,,,8475603044,Travellers MT Shorts M,FRV,0,0,0,0,0,0,0,0,0,0,0,0,0,0,0,,,,,,,,0,0,0,1,0,0,0,0,0,0,0,0,0,,,,,,,,0,0,0,0,0,0,0,0,0,0,0,0,0,,,,,,,,20260706
,,,8475603046,Travellers MT Shorts M,FRV,0,0,0,0,0,0,0,0,0,0,0,0,0,0,0,,,,,,,,0,1,0,1,1,1,0,0,0,1,1,1,0,,,,,,,,0,0,0,0,0,0,0,0,0,0,0,0,0,,,,,,,,20260706
,,,8475603048,Travellers MT Shorts M,FRV,0,0,0,0,0,0,0,0,0,0,0,0,0,0,0,,,,,,,,0,0,0,1,1,1,0,0,0,1,1,1,0,,,,,,,,0,0,0,0,0,0,0,0,0,0,0,0,0,,,,,,,,20260706
,,,8475603050,Travellers MT Shorts M,FRV,0,0,0,0,0,0,0,0,0,0,0,0,0,0,0,,,,,,,,0,1,0,1,0,1,0,0,0,1,1,1,0,,,,,,,,0,0,0,0,0,0,0,0,0,0,0,0,0,,,,,,,,20260706
,,,8475603052,Travellers MT Shorts M,FRV,0,0,0,0,0,0,0,0,0,0,0,0,0,0,0,,,,,,,,0,1,0,1,1,1,0,0,0,1,0,1,0,,,,,,,,0,0,0,0,0,0,0,0,0,0,0,0,0,,,,,,,,20260706
,,,8475619144,Travellers MT Shorts M,FRV,0,0,0,0,0,0,0,0,0,0,0,0,0,0,0,,,,,,,,0,1,0,0,0,0,0,0,0,0,0,0,0,,,,,,,,0,0,0,0,0,0,0,0,0,0,0,0,0,,,,,,,,20260706
,,,8475619146,Travellers MT Shorts M,FRV,0,0,0,0,0,0,0,0,0,0,0,0,0,0,0,,,,,,,,0,1,0,1,1,1,0,0,0,1,1,1,0,,,,,,,,0,0,0,0,0,0,0,0,0,0,0,0,0,,,,,,,,20260706
,,,8475619148,Travellers MT Shorts M,FRV,0,0,0,0,0,0,0,0,0,0,0,0,0,0,0,,,,,,,,0,1,0,1,1,1,0,0,0,1,1,1,0,,,,,,,,0,0,0,0,0,0,0,0,0,0,0,0,0,,,,,,,,20260706
,,,8475619150,Travellers MT Shorts M,FRV,0,0,0,0,0,0,0,0,0,0,0,0,0,0,0,,,,,,,,0,0,0,1,1,1,0,0,0,1,1,1,0,,,,,,,,0,0,0,0,0,0,0,0,0,0,0,0,0,,,,,,,,20260706
,,,8475619152,Travellers MT Shorts M,FRV,0,0,0,0,0,0,0,0,0,0,0,0,0,0,0,,,,,,,,0,1,0,1,1,1,0,0,0,1,1,1,0,,,,,,,,0,0,0,0,0,0,0,0,0,0,0,0,0,,,,,,,,20260706
,,,84766030L,Travellers MT Hat,FRV,0,0,0,0,0,0,0,0,0,0,0,0,0,0,0,,,,,,,,0,0,0,0,0,0,1,0,0,0,0,0,0,,,,,,,,0,0,0,0,0,0,0,0,0,0,0,0,0,,,,,,,,20260706
,,,84766030M,Travellers MT Hat,FRV,0,0,0,0,0,0,0,0,0,0,0,0,0,0,0,,,,,,,,0,0,0,1,0,0,1,0,0,0,0,0,0,,,,,,,,0,0,0,0,0,0,0,0,0,0,0,0,0,,,,,,,,20260706
,,,84766030XL,Travellers MT Hat,FRV,0,0,0,0,0,0,0,0,0,0,0,0,0,0,0,,,,,,,,0,0,0,1,0,0,0,0,0,0,0,0,0,,,,,,,,0,0,0,0,0,0,0,0,0,0,0,0,0,,,,,,,,20260706
,,,84766191L,Travellers MT Hat,FRV,0,0,0,0,0,0,0,0,0,0,0,0,0,0,0,,,,,,,,0,1,0,1,1,0,1,0,0,0,0,1,0,,,,,,,,0,0,0,0,0,0,0,0,0,0,0,0,0,,,,,,,,20260706
,,,84766191M,Travellers MT Hat,FRV,0,0,0,0,0,0,0,0,0,0,0,0,0,0,0,,,,,,,,0,2,0,1,0,0,1,0,0,1,0,0,0,,,,,,,,0,0,0,0,0,0,0,0,0,0,0,0,0,,,,,,,,20260706
,,,84766191XL,Travellers MT Hat,FRV,0,0,0,0,0,0,0,0,0,0,0,0,0,0,0,,,,,,,,0,0,0,0,0,0,0,0,0,1,0,0,0,,,,,,,,0,0,0,0,0,0,0,0,0,0,0,0,0,,,,,,,,20260706
,,,84766555L,Travellers MT Hat,FRV,0,0,0,0,0,0,0,0,0,0,0,0,0,0,0,,,,,,,,0,0,0,0,1,0,1,0,0,0,0,1,0,,,,,,,,0,0,0,0,0,0,0,0,0,0,0,0,0,,,,,,,,20260706
,,,84766555M,Travellers MT Hat,FRV,0,0,0,0,0,0,0,0,0,0,0,0,0,0,0,,,,,,,,0,1,0,1,0,0,1,0,0,0,0,0,0,,,,,,,,0,0,0,0,0,0,0,0,0,0,0,0,0,,,,,,,,20260706
,,,84767020X,Fjallraven Tab Hat,FRV,0,0,0,0,0,0,0,0,0,0,0,0,0,0,0,,,,,,,,0,0,0,2,0,1,0,0,2,0,0,2,0,,,,,,,,0,0,0,0,0,0,0,0,0,0,0,0,0,,,,,,,,20260706
,,,84767030X,Fjallraven Tab Hat,FRV,0,0,0,0,0,0,0,0,0,0,0,0,0,0,0,,,,,,,,0,0,0,1,0,0,0,0,0,0,0,1,0,,,,,,,,0,0,0,0,0,0,0,0,0,0,0,0,0,,,,,,,,20260706
,,,84767118X,Fjallraven Tab Hat,FRV,5,0,0,0,0,0,0,0,0,0,0,0,0,0,0,,,,,,,,0,0,0,2,0,2,1,0,0,0,0,2,0,,,,,,,,0,0,0,0,0,0,0,0,0,0,0,0,0,,,,,,,,20260706
,,,84767166X,Fjallraven Tab Hat,FRV,2,0,0,0,0,0,0,0,0,0,0,0,0,0,0,,,,,,,,0,0,0,3,0,3,0,2,1,0,0,2,0,,,,,,,,0,0,0,0,0,0,0,0,0,0,0,0,0,,,,,,,,20260706
,,,84767215X,Fjallraven Tab Hat,FRV,1,0,0,0,0,0,0,0,0,0,0,0,0,0,0,,,,,,,,0,0,0,1,0,3,2,1,2,0,0,3,0,,,,,,,,0,0,0,0,0,0,0,0,0,0,0,0,0,,,,,,,,20260706
,,,84767321X,Fjallraven Tab Hat,FRV,0,0,0,0,0,0,0,0,0,0,0,0,0,0,0,,,,,,,,0,0,0,2,0,5,2,1,2,0,3,3,0,,,,,,,,0,0,0,0,0,0,0,0,0,0,0,0,0,,,,,,,,20260706
,,,84767356X,Fjallraven Tab Hat,FRV,0,0,0,0,0,0,0,0,0,0,0,0,0,0,0,,,,,,,,0,0,0,1,0,2,1,0,0,0,0,1,0,,,,,,,,0,0,0,0,0,0,0,0,0,0,0,0,0,,,,,,,,20260706
,,,84767550X,Fjallraven Tab Hat,FRV,0,0,0,0,0,0,0,0,0,0,0,0,0,0,0,,,,,,,,0,0,0,0,0,0,2,0,0,0,0,0,0,,,,,,,,0,0,0,0,0,0,0,0,0,0,0,0,0,,,,,,,,20260706
,,,84767662X,Fjallraven Tab Hat,FRV,0,0,0,0,0,0,0,0,0,0,0,0,0,0,0,,,,,,,,0,0,0,3,0,1,0,0,0,0,0,0,0,,,,,,,,0,0,0,0,0,0,0,0,0,0,0,0,0,,,,,,,,20260706
,,,84767677X,Fjallraven Tab Hat,FRV,0,0,0,0,0,0,0,0,0,0,0,0,0,0,0,,,,,,,,0,0,0,2,0,0,0,0,0,0,1,2,0,,,,,,,,0,0,0,0,0,0,0,0,0,0,0,0,0,,,,,,,,20260706
,,,84768113-534X,Fjallraven Pom Hat,FRV,1,0,0,0,0,0,0,0,0,0,0,0,0,0,0,,,,,,,,0,0,0,0,0,0,0,0,0,0,0,0,0,,,,,,,,0,0,0,0,0,0,0,0,0,0,0,0,0,,,,,,,,20260706
,,,84768215-555X,Fjallraven Pom Hat,FRV,0,0,0,0,0,0,0,0,0,0,0,0,0,0,0,,,,,,,,0,0,0,1,0,0,0,0,0,0,0,0,0,,,,,,,,0,0,0,0,0,0,0,0,0,0,0,0,0,,,,,,,,20260706
,,,84768538-555X,Fjallraven Pom Hat,FRV,0,0,0,0,0,0,0,0,0,0,0,0,0,0,0,,,,,,,,0,0,0,2,0,3,0,0,0,0,1,2,0,,,,,,,,0,0,0,0,0,0,0,0,0,0,0,0,0,,,,,,,,20260706
,,,84768662-166X,Fjallraven Pom Hat,FRV,0,0,0,0,0,0,0,0,0,0,0,0,0,0,0,,,,,,,,0,0,0,1,0,0,0,0,0,0,0,0,0,,,,,,,,0,0,0,0,0,0,0,0,0,0,0,0,0,,,,,,,,20260706
,,,84769555X,Ovik Pom Hat,FRV,0,0,0,0,0,0,0,0,0,0,0,0,0,0,0,,,,,,,,0,0,0,0,0,0,0,0,2,0,0,0,0,,,,,,,,0,0,0,0,0,0,0,0,0,0,0,0,0,,,,,,,,20260706
,,,84771550-048M,Abisko Trekking Tights Pro W,FRV,0,0,0,0,0,0,0,0,0,0,0,0,0,0,0,,,,,,,,0,0,0,1,0,1,1,0,0,1,0,0,0,,,,,,,,0,0,0,0,0,0,0,0,0,0,0,0,0,,,,,,,,20260706
,,,84771550-048S,Abisko Trekking Tights Pro W,FRV,2,0,0,0,0,0,0,0,0,0,0,0,0,0,0,,,,,,,,0,2,0,1,1,1,1,0,0,1,0,0,0,,,,,,,,0,0,0,0,0,0,0,0,0,0,0,0,0,,,,,,,,20260706
,,,84771550-048XS,Abisko Trekking Tights Pro W,FRV,0,1,0,0,0,0,0,0,0,0,0,0,0,0,0,,,,,,,,0,1,0,1,1,1,0,0,0,1,0,0,0,,,,,,,,0,0,0,0,0,0,0,0,0,0,0,0,0,,,,,,,,20260706
,,,84773534M,Abisko Tights W,FRV,0,0,0,0,0,0,0,0,0,0,0,0,0,0,0,,,,,,,,0,0,0,1,0,0,0,0,0,0,0,0,0,,,,,,,,0,0,0,0,0,0,0,0,0,0,0,0,0,,,,,,,,20260706
,,,84773534S,Abisko Tights W,FRV,1,0,0,0,0,0,0,0,0,0,0,0,0,0,0,,,,,,,,0,0,0,1,1,0,0,0,0,0,0,0,0,,,,,,,,0,0,0,0,0,0,0,0,0,0,0,0,0,,,,,,,,20260706
,,,84773550S,Abisko Tights W,FRV,0,0,0,0,0,0,0,0,0,0,0,0,0,0,0,,,,,,,,0,0,0,1,1,0,0,0,0,0,0,0,0,,,,,,,,0,0,0,0,0,0,0,0,0,0,0,0,0,,,,,,,,20260706
,,,84773550XS,Abisko Tights W,FRV,0,0,0,0,0,0,0,0,0,0,0,0,0,0,0,,,,,,,,0,0,0,1,0,0,0,0,0,0,0,0,0,,,,,,,,0,0,0,0,0,0,0,0,0,0,0,0,0,,,,,,,,20260706
,,,8477523234/S,Stina Trousers W,FRV,0,0,0,0,0,0,0,0,0,0,0,0,0,0,0,,,,,,,,0,0,0,1,1,0,0,0,0,0,0,0,0,,,,,,,,0,0,0,0,0,0,0,0,0,0,0,0,0,,,,,,,,20260706
,,,8477523236/S,Stina Trousers W,FRV,0,0,0,0,0,0,0,0,0,0,0,0,0,0,0,,,,,,,,0,0,0,1,1,0,0,0,0,0,0,1,0,,,,,,,,0,0,0,0,0,0,0,0,0,0,0,0,0,,,,,,,,20260706
,,,8477523238/S,Stina Trousers W,FRV,0,0,0,0,0,0,0,0,0,0,0,0,0,0,0,,,,,,,,0,1,0,1,0,1,1,0,0,2,0,1,0,,,,,,,,0,0,0,0,0,0,0,0,0,0,0,0,0,,,,,,,,20260706
,,,8477523240/S,Stina Trousers W,FRV,0,0,0,0,0,0,0,0,0,0,0,0,0,0,0,,,,,,,,0,0,0,1,0,0,0,0,0,0,0,0,0,,,,,,,,0,0,0,0,0,0,0,0,0,0,0,0,0,,,,,,,,20260706
,,,8477553436/S,Stina Trousers W,FRV,0,0,0,0,0,0,0,0,0,0,0,0,0,0,0,,,,,,,,0,0,0,1,0,0,0,0,0,0,0,0,0,,,,,,,,0,0,0,0,0,0,0,0,0,0,0,0,0,,,,,,,,20260706
,,,8477553438/S,Stina Trousers W,FRV,0,0,0,0,0,0,0,0,0,0,0,0,0,0,0,,,,,,,,0,0,0,1,0,0,0,0,0,0,0,0,0,,,,,,,,0,0,0,0,0,0,0,0,0,0,0,0,0,,,,,,,,20260706
,,,8477555034/S,Stina Trousers W,FRV,0,0,0,0,0,0,0,0,0,0,0,0,0,0,0,,,,,,,,0,1,0,1,0,1,0,0,0,0,0,1,0,,,,,,,,0,0,0,0,0,0,0,0,0,0,0,0,0,,,,,,,,20260706
,,,8477555036/S,Stina Trousers W,FRV,0,0,0,0,0,0,0,0,0,0,0,0,0,0,0,,,,,,,,0,0,0,1,0,1,1,0,0,1,1,1,0,,,,,,,,0,0,0,0,0,0,0,0,0,0,0,0,0,,,,,,,,20260706
,,,8477555038/S,Stina Trousers W,FRV,0,0,0,0,0,0,0,0,0,0,0,0,0,0,0,,,,,,,,0,1,0,1,0,1,1,1,0,1,1,1,0,,,,,,,,0,0,0,0,0,0,0,0,0,0,0,0,0,,,,,,,,20260706
,,,8477555040/S,Stina Trousers W,FRV,0,0,0,0,0,0,0,0,0,0,0,0,0,0,0,,,,,,,,0,1,0,1,1,1,1,0,0,1,0,0,0,,,,,,,,0,0,0,0,0,0,0,0,0,0,0,0,0,,,,,,,,20260706
,,,8477563334/S,Stina Trousers W,FRV,0,0,0,0,0,0,0,0,0,0,0,0,0,0,0,,,,,,,,0,0,0,1,1,0,0,0,0,0,0,0,0,,,,,,,,0,0,0,0,0,0,0,0,0,0,0,0,0,,,,,,,,20260706
,,,8477563336/S,Stina Trousers W,FRV,0,0,0,0,0,0,0,0,0,0,0,0,0,0,0,,,,,,,,0,1,0,0,1,1,0,0,0,0,0,1,0,,,,,,,,0,0,0,0,0,0,0,0,0,0,0,0,0,,,,,,,,20260706
,,,8477563338/S,Stina Trousers W,FRV,0,0,0,0,0,0,0,0,0,0,0,0,0,0,0,,,,,,,,0,1,0,1,0,1,1,0,0,0,0,1,0,,,,,,,,0,0,0,0,0,0,0,0,0,0,0,0,0,,,,,,,,20260706
,,,8477563340/S,Stina Trousers W,FRV,0,0,0,0,0,0,0,0,0,0,0,0,0,0,0,,,,,,,,0,0,0,1,1,0,0,0,0,1,1,1,0,,,,,,,,0,0,0,0,0,0,0,0,0,0,0,0,0,,,,,,,,20260706
,,,84782302X,Abisko Wool Headband,FRV,0,0,0,0,0,0,0,0,0,0,0,0,0,0,0,,,,,,,,0,0,0,1,0,2,0,0,0,1,0,1,0,,,,,,,,0,0,0,0,0,0,0,0,0,0,0,0,0,,,,,,,,20260706
,,,84782452X,Abisko Wool Headband,FRV,0,0,0,0,0,0,0,0,0,0,0,0,0,0,0,,,,,,,,0,1,0,1,0,1,0,0,0,1,0,1,0,,,,,,,,0,0,0,0,0,0,0,0,0,0,0,0,0,,,,,,,,20260706
,,,84782550X,Abisko Wool Headband,FRV,0,0,0,0,0,0,0,0,0,0,0,0,0,0,0,,,,,,,,1,2,1,1,2,2,0,0,1,1,1,2,0,,,,,,,,0,0,0,0,0,0,0,0,0,0,0,0,0,,,,,,,,20260706
,,,84782555X,Abisko Wool Headband,FRV,0,0,0,0,0,0,0,0,0,0,0,0,0,0,0,,,,,,,,0,1,0,0,1,1,0,0,0,1,0,1,0,,,,,,,,0,0,0,0,0,0,0,0,0,0,0,0,0,,,,,,,,20260706
,,,84782614X,Abisko Wool Headband,FRV,0,0,0,0,0,0,0,0,0,0,0,0,0,0,0,,,,,,,,1,2,1,2,2,2,0,0,1,1,0,2,0,,,,,,,,0,0,0,0,0,0,0,0,0,0,0,0,0,,,,,,,,20260706
,,,84783195-622L/XL,Reversible Bucket Hat,FRV,0,0,0,0,0,0,0,0,0,0,0,0,0,0,0,,,,,,,,0,2,0,0,1,1,1,0,0,1,0,0,0,,,,,,,,0,0,0,0,0,0,0,0,0,0,0,0,0,,,,,,,,20260706
,,,84783195-622S/M,Reversible Bucket Hat,FRV,0,0,0,0,0,0,0,0,0,0,0,0,0,0,0,,,,,,,,0,1,0,1,0,0,1,0,0,1,0,1,0,,,,,,,,0,0,0,0,0,0,0,0,0,0,0,0,0,,,,,,,,20260706
,,,84783300-118L/XL,Reversible Bucket Hat,FRV,0,0,0,0,0,0,0,0,0,0,0,0,0,0,0,,,,,,,,0,1,0,1,0,1,0,0,0,1,1,1,0,,,,,,,,0,0,0,0,0,0,0,0,0,0,0,0,0,,,,,,,,20260706
,,,84783300-118S/M,Reversible Bucket Hat,FRV,0,0,0,0,0,0,0,0,0,0,0,0,0,0,0,,,,,,,,0,1,0,0,0,0,0,0,0,1,0,0,0,,,,,,,,0,0,0,0,0,0,0,0,0,0,0,0,0,,,,,,,,20260706
,,,84783346-555S/M,Reversible Bucket Hat,FRV,0,0,0,0,0,0,0,0,0,0,0,0,0,0,0,,,,,,,,0,0,0,1,0,0,0,0,0,0,0,0,0,,,,,,,,0,0,0,0,0,0,0,0,0,0,0,0,0,,,,,,,,20260706
,,,84783614-555L/XL,Reversible Bucket Hat,FRV,0,0,0,0,0,0,0,0,0,0,0,0,0,0,0,,,,,,,,0,1,0,0,0,0,0,0,0,0,0,0,0,,,,,,,,0,0,0,0,0,0,0,0,0,0,0,0,0,,,,,,,,20260706
,,,84783614-555S/M,Reversible Bucket Hat,FRV,0,0,0,0,0,0,0,0,0,0,0,0,0,0,0,,,,,,,,0,2,0,2,1,1,0,1,0,1,1,1,0,,,,,,,,0,0,0,0,0,0,0,0,0,0,0,0,0,,,,,,,,20260706
,,,84784981-982X,Campfire Bandana,FRV,8,0,0,0,0,0,0,0,0,0,0,0,0,0,0,,,,,,,,1,0,0,0,0,0,0,0,0,0,0,0,0,,,,,,,,0,0,0,0,0,0,0,0,0,0,0,0,0,,,,,,,,20260706
,,,84784987-986X,Campfire Bandana,FRV,8,0,0,0,0,0,0,0,0,0,0,0,0,0,0,,,,,,,,0,0,0,0,0,0,0,0,0,0,0,0,0,,,,,,,,0,0,0,0,0,0,0,0,0,0,0,0,0,,,,,,,,20260706
,,,84789113S,Vardag Pile Fleece W,FRV,2,0,0,0,0,0,0,0,0,0,0,0,0,0,0,,,,,,,,0,0,0,1,0,1,0,0,0,0,0,0,0,,,,,,,,0,0,0,0,0,0,0,0,0,0,0,0,0,,,,,,,,20260706
,,,84789232S,Vardag Pile Fleece W,FRV,2,0,0,0,0,0,0,0,0,0,0,0,0,0,0,,,,,,,,0,0,0,1,0,1,0,0,1,0,0,0,0,,,,,,,,0,0,0,0,0,0,0,0,0,0,0,0,0,,,,,,,,20260706
,,,84789232XS,Vardag Pile Fleece W,FRV,0,0,0,0,0,0,0,0,0,0,0,0,0,0,0,,,,,,,,0,0,0,0,0,0,0,0,1,0,0,0,0,,,,,,,,0,0,0,0,0,0,0,0,0,0,0,0,0,,,,,,,,20260706
,,,84789676S,Vardag Pile Fleece W,FRV,1,0,0,0,0,0,0,0,0,0,0,0,0,0,0,,,,,,,,0,0,0,0,0,1,0,0,1,0,0,0,0,,,,,,,,0,0,0,0,0,0,0,0,0,0,0,0,0,,,,,,,,20260706
,,,84789676XS,Vardag Pile Fleece W,FRV,0,0,0,0,0,0,0,0,0,0,0,0,0,0,0,,,,,,,,0,0,0,0,0,0,0,0,1,0,0,0,0,,,,,,,,0,0,0,0,0,0,0,0,0,0,0,0,0,,,,,,,,20260706
,,,84791357X,Abisko Varm Headband,FRV,3,0,0,0,0,0,0,0,0,0,0,0,0,0,0,,,,,,,,0,0,0,0,0,0,0,0,0,0,0,0,0,,,,,,,,0,0,0,0,0,0,0,0,0,0,0,0,0,,,,,,,,20260706
,,,84791550X,Abisko Varm Headband,FRV,1,0,0,0,0,0,0,0,0,0,0,0,0,0,0,,,,,,,,0,0,0,0,0,0,0,0,0,0,0,0,0,,,,,,,,0,0,0,0,0,0,0,0,0,0,0,0,0,,,,,,,,20260706
,,,85656R538-52546,Keb Trousers M,FRV,1,0,0,0,0,0,0,0,0,0,0,0,0,0,0,,,,,,,,0,0,0,0,0,0,0,0,0,0,0,0,0,,,,,,,,0,0,0,0,0,0,0,0,0,0,0,0,0,,,,,,,,20260706
,,,86119550L,Expedition Latt Hoodie M,FRV,0,0,0,0,0,0,0,0,0,0,0,0,0,0,0,,,,,,,,0,0,0,1,0,0,0,0,0,0,0,0,0,,,,,,,,0,0,0,0,0,0,0,0,0,0,0,0,0,,,,,,,,20260706
,,,86119550M,Expedition Latt Hoodie M,FRV,1,0,0,0,0,0,0,0,0,0,0,0,0,0,0,,,,,,,,0,0,0,1,0,0,0,0,0,0,0,0,0,,,,,,,,0,0,0,0,0,0,0,0,0,0,0,0,0,,,,,,,,20260706
,,,86119550S,Expedition Latt Hoodie M,FRV,10,0,0,0,0,0,0,0,0,0,0,0,0,0,0,,,,,,,,0,0,0,2,0,0,0,0,0,0,0,0,0,,,,,,,,0,0,0,0,0,0,0,0,0,0,0,0,0,,,,,,,,20260706
,,,86119550XS,Expedition Latt Hoodie M,FRV,2,0,0,0,0,0,0,0,0,0,0,0,0,0,0,,,,,,,,0,0,0,2,0,0,0,0,1,0,0,0,0,,,,,,,,0,0,0,0,0,0,0,0,0,0,0,0,0,,,,,,,,20260706
,,,86120550M,Expedition Latt Hoodie W,FRV,1,0,0,0,0,0,0,0,0,0,0,0,0,0,0,,,,,,,,0,0,0,1,0,0,0,0,1,0,0,0,0,,,,,,,,0,0,0,0,0,0,0,0,0,0,0,0,0,,,,,,,,20260706
,,,86120550S,Expedition Latt Hoodie W,FRV,1,0,0,0,0,0,0,0,0,0,0,0,0,0,0,,,,,,,,0,0,0,1,0,0,0,0,0,0,0,0,0,,,,,,,,0,0,0,0,0,0,0,0,0,0,0,0,0,,,,,,,,20260706
,,,86120550XS,Expedition Latt Hoodie W,FRV,1,0,0,0,0,0,0,0,0,0,0,0,0,0,0,,,,,,,,0,0,0,1,0,0,0,0,0,0,0,0,0,,,,,,,,0,0,0,0,0,0,0,0,0,0,0,0,0,,,,,,,,20260706
,,,86121050M,Expedition Pack Down Hoodie M,FRV,0,0,0,0,0,0,0,0,0,0,0,0,0,0,0,,,,,,,,0,0,0,1,0,0,0,0,0,0,0,0,0,,,,,,,,0,0,0,0,0,0,0,0,0,0,0,0,0,,,,,,,,20260706
,,,86121050XS,Expedition Pack Down Hoodie M,FRV,1,0,0,0,0,0,0,0,0,0,0,0,0,0,0,,,,,,,,0,0,0,2,0,0,0,0,0,0,0,0,0,,,,,,,,0,0,0,0,0,0,0,0,0,0,0,0,0,,,,,,,,20260706
,,,86121154M,Expedition Pack Down Hoodie M,FRV,2,0,0,0,0,0,0,0,0,0,0,0,0,0,0,,,,,,,,0,0,0,0,0,0,0,0,0,0,0,0,0,,,,,,,,0,0,0,0,0,0,0,0,0,0,0,0,0,,,,,,,,20260706
,,,86121154S,Expedition Pack Down Hoodie M,FRV,5,0,0,0,0,0,0,0,0,0,0,0,0,0,0,,,,,,,,0,0,0,0,0,0,0,0,0,0,0,0,0,,,,,,,,0,0,0,0,0,0,0,0,0,0,0,0,0,,,,,,,,20260706
,,,86121334S,Expedition Pack Down Hoodie M,FRV,0,0,0,0,0,0,0,0,0,0,0,0,0,0,0,,,,,,,,0,0,0,1,0,0,0,0,0,0,0,0,0,,,,,,,,0,0,0,0,0,0,0,0,0,0,0,0,0,,,,,,,,20260706
,,,86121334XS,Expedition Pack Down Hoodie M,FRV,0,0,0,0,0,0,0,0,0,0,0,0,0,0,0,,,,,,,,0,0,0,1,0,0,0,0,0,0,0,0,0,,,,,,,,0,0,0,0,0,0,0,0,0,0,0,0,0,,,,,,,,20260706
,,,86121525M,Expedition Pack Down Hoodie M,FRV,7,0,0,0,0,0,0,0,0,0,0,0,0,0,0,,,,,,,,0,0,0,0,0,0,0,0,0,0,0,0,0,,,,,,,,0,0,0,0,0,0,0,0,0,0,0,0,0,,,,,,,,20260706
,,,86121525S,Expedition Pack Down Hoodie M,FRV,8,0,0,0,0,0,0,0,0,0,0,0,0,0,0,,,,,,,,0,0,0,0,0,0,0,0,0,0,0,0,0,,,,,,,,0,0,0,0,0,0,0,0,0,0,0,0,0,,,,,,,,20260706
,,,86121525XS,Expedition Pack Down Hoodie M,FRV,1,0,0,0,0,0,0,0,0,0,0,0,0,0,0,,,,,,,,0,0,0,0,0,0,0,0,0,0,0,0,0,,,,,,,,0,0,0,0,0,0,0,0,0,0,0,0,0,,,,,,,,20260706
,,,86121550L,Expedition Pack Down Hoodie M,FRV,0,0,0,0,0,0,0,0,0,0,0,0,0,0,0,,,,,,,,0,0,0,1,0,0,0,0,0,0,0,0,0,,,,,,,,0,0,0,0,0,0,0,0,0,0,0,0,0,,,,,,,,20260706
,,,86121550M,Expedition Pack Down Hoodie M,FRV,1,0,0,0,0,0,0,0,0,0,0,0,0,0,0,,,,,,,,0,0,0,0,0,0,0,0,0,0,0,0,0,,,,,,,,0,0,0,0,0,0,0,0,0,0,0,0,0,,,,,,,,20260706
,,,86121550S,Expedition Pack Down Hoodie M,FRV,4,0,0,0,0,0,0,0,0,0,0,0,0,0,0,,,,,,,,0,0,0,1,0,0,0,0,0,0,0,0,0,,,,,,,,0,0,0,0,0,0,0,0,0,0,0,0,0,,,,,,,,20260706
,,,86121550XS,Expedition Pack Down Hoodie M,FRV,8,0,0,0,0,0,0,0,0,0,0,0,0,0,0,,,,,,,,0,0,0,2,0,0,0,0,0,0,0,0,0,,,,,,,,0,0,0,0,0,0,0,0,0,0,0,0,0,,,,,,,,20260706
,,,86121662L,Expedition Pack Down Hoodie M,FRV,0,0,0,0,0,0,0,0,0,0,0,0,0,0,0,,,,,,,,0,0,0,1,0,0,0,0,0,0,0,0,0,,,,,,,,0,0,0,0,0,0,0,0,0,0,0,0,0,,,,,,,,20260706
,,,86121662M,Expedition Pack Down Hoodie M,FRV,1,0,0,0,0,0,0,0,0,0,0,0,0,0,0,,,,,,,,0,0,0,0,0,0,0,0,0,0,0,0,0,,,,,,,,0,0,0,0,0,0,0,0,0,0,0,0,0,,,,,,,,20260706
,,,86121662S,Expedition Pack Down Hoodie M,FRV,10,0,0,0,0,0,0,0,0,0,0,0,0,0,0,,,,,,,,0,0,0,2,0,0,0,0,1,0,0,0,0,,,,,,,,0,0,0,0,0,0,0,0,0,0,0,0,0,,,,,,,,20260706
,,,86121662XS,Expedition Pack Down Hoodie M,FRV,6,0,0,0,0,0,0,0,0,0,0,0,0,0,0,,,,,,,,0,0,0,2,0,0,0,0,1,0,0,0,0,,,,,,,,0,0,0,0,0,0,0,0,0,0,0,0,0,,,,,,,,20260706
,,,86122154S,Expedition Pack Down Hoodie W,FRV,3,0,0,0,0,0,0,0,0,0,0,0,0,0,0,,,,,,,,0,0,0,0,0,0,0,0,0,0,0,0,0,,,,,,,,0,0,0,0,0,0,0,0,0,0,0,0,0,,,,,,,,20260706
,,,86122154XS,Expedition Pack Down Hoodie W,FRV,4,0,0,0,0,0,0,0,0,0,0,0,0,0,0,,,,,,,,0,0,0,0,0,0,0,0,0,0,0,0,0,,,,,,,,0,0,0,0,0,0,0,0,0,0,0,0,0,,,,,,,,20260706
,,,86122300M,Expedition Pack Down Hoodie W,FRV,0,0,0,0,0,0,0,0,0,0,0,0,0,0,0,,,,,,,,0,0,0,0,0,0,0,0,1,0,0,0,0,,,,,,,,0,0,0,0,0,0,0,0,0,0,0,0,0,,,,,,,,20260706
,,,86122300S,Expedition Pack Down Hoodie W,FRV,2,0,0,0,0,0,0,0,0,0,0,0,0,0,0,,,,,,,,0,0,0,0,0,0,0,0,1,0,0,0,0,,,,,,,,0,0,0,0,0,0,0,0,0,0,0,0,0,,,,,,,,20260706
,,,86122300XS,Expedition Pack Down Hoodie W,FRV,1,0,0,0,0,0,0,0,0,0,0,0,0,0,0,,,,,,,,0,0,0,0,0,0,0,0,0,0,0,0,0,,,,,,,,0,0,0,0,0,0,0,0,0,0,0,0,0,,,,,,,,20260706
,,,86122334S,Expedition Pack Down Hoodie W,FRV,1,0,0,0,0,0,0,0,0,0,0,0,0,0,0,,,,,,,,0,0,0,0,0,0,0,0,0,0,0,0,0,,,,,,,,0,0,0,0,0,0,0,0,0,0,0,0,0,,,,,,,,20260706
,,,86122550S,Expedition Pack Down Hoodie W,FRV,1,0,0,0,0,0,0,0,0,0,0,0,0,0,0,,,,,,,,0,0,0,1,0,0,0,0,0,0,0,0,0,,,,,,,,0,0,0,0,0,0,0,0,0,0,0,0,0,,,,,,,,20260706
,,,86122550XS,Expedition Pack Down Hoodie W,FRV,3,0,0,0,0,0,0,0,0,0,0,0,0,0,0,,,,,,,,0,0,0,2,0,0,0,0,0,0,0,0,0,,,,,,,,0,0,0,0,0,0,0,0,0,0,0,0,0,,,,,,,,20260706
,,,86122560M,Expedition Pack Down Hoodie W,FRV,0,0,0,0,0,0,0,0,0,0,0,0,0,0,0,,,,,,,,0,0,0,1,0,0,0,0,0,0,0,0,0,,,,,,,,0,0,0,0,0,0,0,0,0,0,0,0,0,,,,,,,,20260706
,,,86122560S,Expedition Pack Down Hoodie W,FRV,4,0,0,0,0,0,0,0,0,0,0,0,0,0,0,,,,,,,,0,0,0,1,0,0,0,0,1,0,0,0,0,,,,,,,,0,0,0,0,0,0,0,0,0,0,0,0,0,,,,,,,,20260706
,,,86122560XS,Expedition Pack Down Hoodie W,FRV,2,0,0,0,0,0,0,0,0,0,0,0,0,0,0,,,,,,,,0,0,0,1,0,0,0,0,1,0,0,0,0,,,,,,,,0,0,0,0,0,0,0,0,0,0,0,0,0,,,,,,,,20260706
,,,86122662M,Expedition Pack Down Hoodie W,FRV,0,0,0,0,0,0,0,0,0,0,0,0,0,0,0,,,,,,,,0,0,0,0,0,0,0,0,1,0,0,0,0,,,,,,,,0,0,0,0,0,0,0,0,0,0,0,0,0,,,,,,,,20260706
,,,86122662S,Expedition Pack Down Hoodie W,FRV,2,0,0,0,0,0,0,0,0,0,0,0,0,0,0,,,,,,,,0,0,0,1,0,0,0,0,1,0,0,0,0,,,,,,,,0,0,0,0,0,0,0,0,0,0,0,0,0,,,,,,,,20260706
,,,86122662XS,Expedition Pack Down Hoodie W,FRV,4,0,0,0,0,0,0,0,0,0,0,0,0,0,0,,,,,,,,0,0,0,1,0,0,0,0,0,0,0,0,0,,,,,,,,0,0,0,0,0,0,0,0,0,0,0,0,0,,,,,,,,20260706
,,,86123154M,Expedition Pack Down Jacket M,FRV,9,0,0,0,0,0,0,0,0,0,0,0,0,0,0,,,,,,,,0,0,0,0,0,0,0,0,0,0,0,0,0,,,,,,,,0,0,0,0,0,0,0,0,0,0,0,0,0,,,,,,,,20260706
,,,86123154S,Expedition Pack Down Jacket M,FRV,7,0,0,0,0,0,0,0,0,0,0,0,0,0,0,,,,,,,,0,0,0,0,0,0,0,0,0,0,0,0,0,,,,,,,,0,0,0,0,0,0,0,0,0,0,0,0,0,,,,,,,,20260706
,,,86123525M,Expedition Pack Down Jacket M,FRV,10,0,0,0,0,0,0,0,0,0,0,0,0,0,0,,,,,,,,0,0,0,0,0,0,0,0,0,0,0,0,0,,,,,,,,0,0,0,0,0,0,0,0,0,0,0,0,0,,,,,,,,20260706
,,,86123525S,Expedition Pack Down Jacket M,FRV,9,0,0,0,0,0,0,0,0,0,0,0,0,0,0,,,,,,,,0,0,0,0,0,0,0,0,0,0,0,0,0,,,,,,,,0,0,0,0,0,0,0,0,0,0,0,0,0,,,,,,,,20260706
,,,86123550S,Expedition Pack Down Jacket M,FRV,2,0,0,0,0,0,0,0,0,0,0,0,0,0,0,,,,,,,,0,0,0,0,0,0,0,0,0,0,0,0,0,,,,,,,,0,0,0,0,0,0,0,0,0,0,0,0,0,,,,,,,,20260706
,,,86124154S,Expedition Pack Down Jacket W,FRV,9,0,0,0,0,0,0,0,0,0,0,0,0,0,0,,,,,,,,0,0,0,0,0,0,0,0,0,0,0,0,0,,,,,,,,0,0,0,0,0,0,0,0,0,0,0,0,0,,,,,,,,20260706
,,,86124154XS,Expedition Pack Down Jacket W,FRV,5,0,0,0,0,0,0,0,0,0,0,0,0,0,0,,,,,,,,0,0,0,0,0,0,0,0,0,0,0,0,0,,,,,,,,0,0,0,0,0,0,0,0,0,0,0,0,0,,,,,,,,20260706
,,,86124550S,Expedition Pack Down Jacket W,FRV,10,0,0,0,0,0,0,0,0,0,0,0,0,0,0,,,,,,,,0,0,0,0,0,0,0,0,0,0,0,0,0,,,,,,,,0,0,0,0,0,0,0,0,0,0,0,0,0,,,,,,,,20260706
,,,86124550XS,Expedition Pack Down Jacket W,FRV,3,0,0,0,0,0,0,0,0,0,0,0,0,0,0,,,,,,,,0,0,0,0,0,0,0,0,0,0,0,0,0,,,,,,,,0,0,0,0,0,0,0,0,0,0,0,0,0,,,,,,,,20260706
,,,86131550L,Abisko Lite Trekking Jacket W,FRV,0,0,0,0,0,0,0,0,0,0,0,0,0,0,0,,,,,,,,0,0,0,1,0,0,0,0,0,0,0,0,0,,,,,,,,0,0,0,0,0,0,0,0,0,0,0,0,0,,,,,,,,20260706
,,,86131550M,Abisko Lite Trekking Jacket W,FRV,0,0,0,0,0,0,0,0,0,0,0,0,0,0,0,,,,,,,,0,0,0,1,0,0,0,0,1,0,0,0,0,,,,,,,,0,0,0,0,0,0,0,0,0,0,0,0,0,,,,,,,,20260706
,,,86131550S,Abisko Lite Trekking Jacket W,FRV,0,0,0,0,0,0,0,0,0,0,0,0,0,0,0,,,,,,,,0,0,0,1,0,0,0,0,1,0,0,0,0,,,,,,,,0,0,0,0,0,0,0,0,0,0,0,0,0,,,,,,,,20260706
,,,86131550XS,Abisko Lite Trekking Jacket W,FRV,0,0,0,0,0,0,0,0,0,0,0,0,0,0,0,,,,,,,,0,0,0,1,0,0,0,0,0,0,0,0,0,,,,,,,,0,0,0,0,0,0,0,0,0,0,0,0,0,,,,,,,,20260706
,,,86132030-550M,Abisko Lite Trekking Jacket M,FRV,0,0,0,0,0,0,0,0,0,0,0,0,0,0,0,,,,,,,,0,0,0,0,0,0,0,0,1,0,0,0,0,,,,,,,,0,0,0,0,0,0,0,0,0,0,0,0,0,,,,,,,,20260706
,,,86132030-550S,Abisko Lite Trekking Jacket M,FRV,0,0,0,0,0,0,0,0,0,0,0,0,0,0,0,,,,,,,,0,0,0,0,0,0,0,0,1,0,0,0,0,,,,,,,,0,0,0,0,0,0,0,0,0,0,0,0,0,,,,,,,,20260706
,,,86132030-550XS,Abisko Lite Trekking Jacket M,FRV,11,0,0,0,0,0,0,0,0,0,0,0,0,0,0,,,,,,,,0,1,0,1,0,0,0,0,1,0,0,0,0,,,,,,,,0,0,0,0,0,0,0,0,0,0,0,0,0,,,,,,,,20260706
,,,86132555-570L,Abisko Lite Trekking Jacket M,FRV,0,0,0,0,0,0,0,0,0,0,0,0,0,0,0,,,,,,,,0,0,0,0,0,0,0,0,1,0,0,0,0,,,,,,,,0,0,0,0,0,0,0,0,0,0,0,0,0,,,,,,,,20260706
,,,86132555-570S,Abisko Lite Trekking Jacket M,FRV,0,0,0,0,0,0,0,0,0,0,0,0,0,0,0,,,,,,,,0,0,0,1,0,0,0,0,1,0,0,0,0,,,,,,,,0,0,0,0,0,0,0,0,0,0,0,0,0,,,,,,,,20260706
,,,86132622XS,Abisko Lite Trekking Jacket M,FRV,1,0,0,0,0,0,0,0,0,0,0,0,0,0,0,,,,,,,,0,0,0,1,0,0,0,0,1,0,0,0,0,,,,,,,,0,0,0,0,0,0,0,0,0,0,0,0,0,,,,,,,,20260706
,,,86224030-55054/30,Vidda Pro Ventilated Trs M Short,FRV,1,0,0,0,0,0,0,0,0,0,0,0,0,0,0,,,,,,,,0,0,0,0,0,0,0,0,0,0,0,0,0,,,,,,,,0,0,0,0,0,0,0,0,0,0,0,0,0,,,,,,,,20260706
,,,86224625-66248/30,Vidda Pro Ventilated Trs M Short,FRV,1,0,0,0,0,0,0,0,0,0,0,0,0,0,0,,,,,,,,0,0,0,0,0,0,0,0,0,0,0,0,0,,,,,,,,0,0,0,0,0,0,0,0,0,0,0,0,0,,,,,,,,20260706
,,,8622463344/30,Vidda Pro Ventilated Trs M Short,FRV,1,0,0,0,0,0,0,0,0,0,0,0,0,0,0,,,,,,,,0,0,0,0,0,0,0,0,0,0,0,0,0,,,,,,,,0,0,0,0,0,0,0,0,0,0,0,0,0,,,,,,,,20260706
,,,8622463346/30,Vidda Pro Ventilated Trs M Short,FRV,1,0,0,0,0,0,0,0,0,0,0,0,0,0,0,,,,,,,,0,0,0,0,0,0,0,0,0,0,0,0,0,,,,,,,,0,0,0,0,0,0,0,0,0,0,0,0,0,,,,,,,,20260706
,,,8622463358/30,Vidda Pro Ventilated Trs M Short,FRV,1,0,0,0,0,0,0,0,0,0,0,0,0,0,0,,,,,,,,0,0,0,0,0,0,0,0,0,0,0,0,0,,,,,,,,0,0,0,0,0,0,0,0,0,0,0,0,0,,,,,,,,20260706
,,,86330633S,Vidda Pro Wool Padded Jacket W,FRV,3,0,0,0,0,0,0,0,0,0,0,0,0,0,0,,,,,,,,0,0,0,0,0,0,0,0,0,0,0,0,0,,,,,,,,0,0,0,0,0,0,0,0,0,0,0,0,0,,,,,,,,20260706
,,,86330633XS,Vidda Pro Wool Padded Jacket W,FRV,1,0,0,0,0,0,0,0,0,0,0,0,0,0,0,,,,,,,,0,0,0,0,0,0,0,0,0,0,0,0,0,,,,,,,,0,0,0,0,0,0,0,0,0,0,0,0,0,,,,,,,,20260706
,,,86367550M,Expedition Pack Down Skirt,FRV,1,0,0,0,0,0,0,0,0,0,0,0,0,0,0,,,,,,,,0,0,0,0,0,0,0,0,0,0,0,0,0,,,,,,,,0,0,0,0,0,0,0,0,0,0,0,0,0,,,,,,,,20260706
,,,86367550XS,Expedition Pack Down Skirt,FRV,2,0,0,0,0,0,0,0,0,0,0,0,0,0,0,,,,,,,,0,0,0,0,0,0,0,0,0,0,0,0,0,,,,,,,,0,0,0,0,0,0,0,0,0,0,0,0,0,,,,,,,,20260706
,,,86372633M,Forest Hybrid Jacket W,FRV,0,0,0,0,0,0,0,0,0,0,0,0,0,0,0,,,,,,,,0,0,0,0,0,0,1,0,0,0,0,0,0,,,,,,,,0,0,0,0,0,0,0,0,0,0,0,0,0,,,,,,,,20260706
,,,86372633XS,Forest Hybrid Jacket W,FRV,0,0,0,0,0,0,0,0,0,0,0,0,0,0,0,,,,,,,,0,1,0,1,1,1,1,1,0,0,1,0,0,,,,,,,,0,0,0,0,0,0,0,0,0,0,0,0,0,,,,,,,,20260706
,,,86372662M,Forest Hybrid Jacket W,FRV,0,0,0,0,0,0,0,0,0,0,0,0,0,0,0,,,,,,,,0,0,0,1,0,0,0,0,0,0,0,0,0,,,,,,,,0,0,0,0,0,0,0,0,0,0,0,0,0,,,,,,,,20260706
,,,86372662S,Forest Hybrid Jacket W,FRV,0,0,0,0,0,0,0,0,0,0,0,0,0,0,0,,,,,,,,0,0,0,1,0,0,0,0,0,0,0,0,0,,,,,,,,0,0,0,0,0,0,0,0,0,0,0,0,0,,,,,,,,20260706
,,,86372662XS,Forest Hybrid Jacket W,FRV,0,0,0,0,0,0,0,0,0,0,0,0,0,0,0,,,,,,,,0,0,0,0,1,0,0,0,0,0,0,0,0,,,,,,,,0,0,0,0,0,0,0,0,0,0,0,0,0,,,,,,,,20260706
,,,86374030M,Singi Down Jacket W,FRV,1,0,0,0,0,0,0,0,0,0,0,0,0,0,0,,,,,,,,0,0,0,0,0,0,0,0,0,0,0,0,0,,,,,,,,0,0,0,0,0,0,0,0,0,0,0,0,0,,,,,,,,20260706
,,,86374550XS,Singi Down Jacket W,FRV,1,0,0,0,0,0,0,0,0,0,0,0,0,0,0,,,,,,,,0,0,0,0,0,0,0,0,0,0,0,0,0,,,,,,,,0,0,0,0,0,0,0,0,0,0,0,0,0,,,,,,,,20260706
,,,86411050-04846/R,Keb Agile Trousers M,FRV,0,0,0,0,0,0,0,0,0,0,0,0,0,0,0,,,,,,,,0,0,0,1,0,0,0,0,0,0,0,0,0,,,,,,,,0,0,0,0,0,0,0,0,0,0,0,0,0,,,,,,,,20260706
,,,86411050-04848/R,Keb Agile Trousers M,FRV,0,0,0,0,0,0,0,0,0,0,0,0,0,0,0,,,,,,,,0,0,0,1,0,0,0,0,0,0,0,0,0,,,,,,,,0,0,0,0,0,0,0,0,0,0,0,0,0,,,,,,,,20260706
,,,86411550-55044/R,Keb Agile Trousers M,FRV,0,0,0,0,0,0,0,0,0,0,0,0,0,0,0,,,,,,,,0,1,0,1,1,1,0,0,0,0,0,1,0,,,,,,,,0,0,0,0,0,0,0,0,0,0,0,0,0,,,,,,,,20260706
,,,86411550-55046/R,Keb Agile Trousers M,FRV,0,6,0,0,0,0,0,0,0,0,0,0,0,0,0,,,,,,,,0,1,0,1,1,0,1,1,0,1,1,1,0,,,,,,,,0,0,0,0,0,0,0,0,0,0,0,0,0,,,,,,,,20260706
,,,86411550-55048/R,Keb Agile Trousers M,FRV,0,0,0,0,0,0,0,0,0,0,0,0,0,0,0,,,,,,,,0,1,0,0,0,0,1,1,0,1,1,1,0,,,,,,,,0,0,0,0,0,0,0,0,0,0,0,0,0,,,,,,,,20260706
,,,86411550-55050/R,Keb Agile Trousers M,FRV,0,0,0,0,0,0,0,0,0,0,0,0,0,0,0,,,,,,,,0,0,0,0,0,1,0,0,0,1,0,1,0,,,,,,,,0,0,0,0,0,0,0,0,0,0,0,0,0,,,,,,,,20260706
,,,86411550-55052/R,Keb Agile Trousers M,FRV,0,0,0,0,0,0,0,0,0,0,0,0,0,0,0,,,,,,,,0,0,0,1,0,0,0,0,0,0,0,0,0,,,,,,,,0,0,0,0,0,0,0,0,0,0,0,0,0,,,,,,,,20260706
,,,8641163344/R,Keb Agile Trousers M,FRV,0,0,0,0,0,0,0,0,0,0,0,0,0,0,0,,,,,,,,0,1,0,1,1,1,0,0,0,1,0,1,0,,,,,,,,0,0,0,0,0,0,0,0,0,0,0,0,0,,,,,,,,20260706
,,,8641163346/R,Keb Agile Trousers M,FRV,0,0,0,0,0,0,0,0,0,0,0,0,0,0,0,,,,,,,,0,0,0,1,0,0,0,0,0,1,1,1,0,,,,,,,,0,0,0,0,0,0,0,0,0,0,0,0,0,,,,,,,,20260706
,,,8641163348/R,Keb Agile Trousers M,FRV,0,0,0,0,0,0,0,0,0,0,0,0,0,0,0,,,,,,,,0,0,0,0,0,0,1,0,0,1,0,1,0,,,,,,,,0,0,0,0,0,0,0,0,0,0,0,0,0,,,,,,,,20260706
,,,8641163350/R,Keb Agile Trousers M,FRV,0,0,0,0,0,0,0,0,0,0,0,0,0,0,0,,,,,,,,0,1,0,1,0,0,1,0,0,0,0,1,0,,,,,,,,0,0,0,0,0,0,0,0,0,0,0,0,0,,,,,,,,20260706
,,,8666601846/S,Vardag Trousers M,FRV,0,0,0,0,0,0,0,0,0,0,0,0,0,0,0,,,,,,,,0,0,0,1,0,0,0,0,0,0,0,0,0,,,,,,,,0,0,0,0,0,0,0,0,0,0,0,0,0,,,,,,,,20260706
,,,8666601850/R,Vardag Trousers M,FRV,0,0,0,0,0,0,0,0,0,0,0,0,0,0,0,,,,,,,,0,0,0,1,0,0,0,0,0,0,0,0,0,,,,,,,,0,0,0,0,0,0,0,0,0,0,0,0,0,,,,,,,,20260706
,,,8666655546/S,Vardag Trousers M,FRV,0,0,0,0,0,0,0,0,0,0,0,0,0,0,0,,,,,,,,0,0,0,1,0,0,0,0,1,0,0,0,0,,,,,,,,0,0,0,0,0,0,0,0,0,0,0,0,0,,,,,,,,20260706
,,,8666655548/S,Vardag Trousers M,FRV,0,0,0,0,0,0,0,0,0,0,0,0,0,0,0,,,,,,,,0,0,0,0,0,0,0,0,1,0,0,0,0,,,,,,,,0,0,0,0,0,0,0,0,0,0,0,0,0,,,,,,,,20260706
,,,8666662046/S,Vardag Trousers M,FRV,0,0,0,0,0,0,0,0,0,0,0,0,0,0,0,,,,,,,,0,0,0,1,0,0,0,0,0,0,0,0,0,,,,,,,,0,0,0,0,0,0,0,0,0,0,0,0,0,,,,,,,,20260706
,,,8666662048/R,Vardag Trousers M,FRV,0,0,0,0,0,0,0,0,0,0,0,0,0,0,0,,,,,,,,0,0,0,1,0,0,0,0,0,0,0,0,0,,,,,,,,0,0,0,0,0,0,0,0,0,0,0,0,0,,,,,,,,20260706
,,,8666662050/R,Vardag Trousers M,FRV,0,0,0,0,0,0,0,0,0,0,0,0,0,0,0,,,,,,,,0,0,0,1,0,0,0,0,0,0,0,0,0,,,,,,,,0,0,0,0,0,0,0,0,0,0,0,0,0,,,,,,,,20260706
,,,8666662050/S,Vardag Trousers M,FRV,0,0,0,0,0,0,0,0,0,0,0,0,0,0,0,,,,,,,,0,0,0,1,0,0,0,0,0,0,0,0,0,,,,,,,,0,0,0,0,0,0,0,0,0,0,0,0,0,,,,,,,,20260706
,,,86699232L,Singi Down Jacket M,FRV,0,0,0,0,0,0,0,0,0,0,0,0,0,0,0,,,,,,,,0,0,0,1,0,0,0,0,0,0,0,0,0,,,,,,,,0,0,0,0,0,0,0,0,0,0,0,0,0,,,,,,,,20260706
,,,86699232M,Singi Down Jacket M,FRV,1,0,0,0,0,0,0,0,0,0,0,0,0,0,0,,,,,,,,0,0,0,1,0,0,0,0,0,0,0,0,0,,,,,,,,0,0,0,0,0,0,0,0,0,0,0,0,0,,,,,,,,20260706
,,,86699232S,Singi Down Jacket M,FRV,3,0,0,0,0,0,0,0,0,0,0,0,0,0,0,,,,,,,,0,0,0,0,0,0,0,0,0,0,0,0,0,,,,,,,,0,0,0,0,0,0,0,0,0,0,0,0,0,,,,,,,,20260706
,,,86700030L,Abisko Hike Jacket M,FRV,0,0,0,0,0,0,0,0,0,0,0,0,0,0,0,,,,,,,,0,0,0,1,0,0,0,0,0,0,0,0,0,,,,,,,,0,0,0,0,0,0,0,0,0,0,0,0,0,,,,,,,,20260706
,,,86700030M,Abisko Hike Jacket M,FRV,0,0,0,0,0,0,0,0,0,0,0,0,0,0,0,,,,,,,,0,0,0,1,1,0,0,0,0,0,0,1,0,,,,,,,,0,0,0,0,0,0,0,0,0,0,0,0,0,,,,,,,,20260706
,,,86700030S,Abisko Hike Jacket M,FRV,0,0,0,0,0,0,0,0,0,0,0,0,0,0,0,,,,,,,,0,0,0,1,1,0,0,0,1,0,0,0,0,,,,,,,,0,0,0,0,0,0,0,0,0,0,0,0,0,,,,,,,,20260706
,,,86700555M,Abisko Hike Jacket M,FRV,0,0,0,0,0,0,0,0,0,0,0,0,0,0,0,,,,,,,,0,0,0,1,0,0,0,0,1,0,0,0,0,,,,,,,,0,0,0,0,0,0,0,0,0,0,0,0,0,,,,,,,,20260706
,,,86700625S,Abisko Hike Jacket M,FRV,0,0,0,0,0,0,0,0,0,0,0,0,0,0,0,,,,,,,,0,0,0,1,0,0,0,0,0,0,0,0,0,,,,,,,,0,0,0,0,0,0,0,0,0,0,0,0,0,,,,,,,,20260706
,,,8670223236/S,Vidda Pro Ventilated Trs W,FRV,0,0,0,0,0,0,0,0,0,0,0,0,0,0,0,,,,,,,,0,0,0,1,1,0,0,0,0,0,0,0,0,,,,,,,,0,0,0,0,0,0,0,0,0,0,0,0,0,,,,,,,,20260706
,,,8670223238/S,Vidda Pro Ventilated Trs W,FRV,0,0,0,0,0,0,0,0,0,0,0,0,0,0,0,,,,,,,,0,0,0,1,0,0,0,1,0,0,0,0,0,,,,,,,,0,0,0,0,0,0,0,0,0,0,0,0,0,,,,,,,,20260706
,,,8670255034/S,Vidda Pro Ventilated Trs W,FRV,0,0,0,0,0,0,0,0,0,0,0,0,0,0,0,,,,,,,,0,1,0,1,1,1,1,1,0,1,1,1,0,,,,,,,,0,0,0,0,0,0,0,0,0,0,0,0,0,,,,,,,,20260706
,,,8670255036/S,Vidda Pro Ventilated Trs W,FRV,1,1,0,0,0,0,0,0,0,0,0,0,0,0,0,,,,,,,,0,1,0,1,1,1,1,1,0,1,1,1,0,,,,,,,,0,0,0,0,0,0,0,0,0,0,0,0,0,,,,,,,,20260706
,,,8670255038/S,Vidda Pro Ventilated Trs W,FRV,1,4,0,0,0,0,0,0,0,0,0,0,0,0,0,,,,,,,,0,1,0,1,2,1,1,1,0,1,1,1,0,,,,,,,,0,0,0,0,0,0,0,0,0,0,0,0,0,,,,,,,,20260706
,,,8670255040/S,Vidda Pro Ventilated Trs W,FRV,0,0,0,0,0,0,0,0,0,0,0,0,0,0,0,,,,,,,,0,1,0,1,0,1,0,0,0,0,0,0,0,,,,,,,,0,0,0,0,0,0,0,0,0,0,0,0,0,,,,,,,,20260706
,,,8670266234/S,Vidda Pro Ventilated Trs W,FRV,0,0,0,0,0,0,0,0,0,0,0,0,0,0,0,,,,,,,,0,1,0,1,1,1,1,0,0,1,1,1,0,,,,,,,,0,0,0,0,0,0,0,0,0,0,0,0,0,,,,,,,,20260706
,,,8670266236/S,Vidda Pro Ventilated Trs W,FRV,0,4,0,0,0,0,0,0,0,0,0,0,0,0,0,,,,,,,,0,1,0,1,1,1,1,1,0,1,1,1,0,,,,,,,,0,0,0,0,0,0,0,0,0,0,0,0,0,,,,,,,,20260706
,,,8670266238/S,Vidda Pro Ventilated Trs W,FRV,0,2,0,0,0,0,0,0,0,0,0,0,0,0,0,,,,,,,,0,1,0,1,1,1,1,1,0,1,1,1,0,,,,,,,,0,0,0,0,0,0,0,0,0,0,0,0,0,,,,,,,,20260706
,,,8670266240/S,Vidda Pro Ventilated Trs W,FRV,0,0,0,0,0,0,0,0,0,0,0,0,0,0,0,,,,,,,,0,1,0,1,0,1,0,0,0,0,0,0,0,,,,,,,,0,0,0,0,0,0,0,0,0,0,0,0,0,,,,,,,,20260706
,,,8670655034/S,Keb Trousers W,FRV,0,0,0,0,0,0,0,0,0,0,0,0,0,0,0,,,,,,,,0,1,0,1,0,0,1,0,0,1,0,1,0,,,,,,,,0,0,0,0,0,0,0,0,0,0,0,0,0,,,,,,,,20260706
,,,8670655036/S,Keb Trousers W,FRV,0,0,0,0,0,0,0,0,0,0,0,0,0,0,0,,,,,,,,0,1,0,1,1,0,1,0,0,1,0,1,0,,,,,,,,0,0,0,0,0,0,0,0,0,0,0,0,0,,,,,,,,20260706
,,,8670655038/S,Keb Trousers W,FRV,0,0,0,0,0,0,0,0,0,0,0,0,0,0,0,,,,,,,,0,1,0,1,0,0,1,0,0,1,0,0,0,,,,,,,,0,0,0,0,0,0,0,0,0,0,0,0,0,,,,,,,,20260706
,,,86706662-62534/S,Keb Trousers W,FRV,0,0,0,0,0,0,0,0,0,0,0,0,0,0,0,,,,,,,,0,1,0,1,0,1,1,0,0,1,0,1,0,,,,,,,,0,0,0,0,0,0,0,0,0,0,0,0,0,,,,,,,,20260706
,,,86706662-62536/S,Keb Trousers W,FRV,0,0,0,0,0,0,0,0,0,0,0,0,0,0,0,,,,,,,,0,1,0,0,0,1,1,0,0,1,0,0,0,,,,,,,,0,0,0,0,0,0,0,0,0,0,0,0,0,,,,,,,,20260706
,,,86706662-62538/S,Keb Trousers W,FRV,0,0,0,0,0,0,0,0,0,0,0,0,0,0,0,,,,,,,,0,0,0,0,0,1,1,0,0,0,0,1,0,,,,,,,,0,0,0,0,0,0,0,0,0,0,0,0,0,,,,,,,,20260706
,,,86708232M,Singi Padded Vest M,FRV,3,0,0,0,0,0,0,0,0,0,0,0,0,0,0,,,,,,,,0,0,0,1,0,0,2,1,0,0,0,0,0,,,,,,,,0,0,0,0,0,0,0,0,0,0,0,0,0,,,,,,,,20260706
,,,86708232S,Singi Padded Vest M,FRV,3,0,0,0,0,0,0,0,0,0,0,0,0,0,0,,,,,,,,0,0,0,1,0,2,1,1,0,0,0,0,0,,,,,,,,0,0,0,0,0,0,0,0,0,0,0,0,0,,,,,,,,20260706
,,,86708232XS,Singi Padded Vest M,FRV,0,0,0,0,0,0,0,0,0,0,0,0,0,0,0,,,,,,,,0,0,0,1,0,0,0,0,0,0,0,0,0,,,,,,,,0,0,0,0,0,0,0,0,0,0,0,0,0,,,,,,,,20260706
,,,86708550M,Singi Padded Vest M,FRV,1,0,0,0,0,0,0,0,0,0,0,0,0,0,0,,,,,,,,0,0,0,0,0,0,0,0,0,0,0,0,0,,,,,,,,0,0,0,0,0,0,0,0,0,0,0,0,0,,,,,,,,20260706
,,,86708550S,Singi Padded Vest M,FRV,2,0,0,0,0,0,0,0,0,0,0,0,0,0,0,,,,,,,,0,0,0,1,0,1,0,1,0,0,0,0,0,,,,,,,,0,0,0,0,0,0,0,0,0,0,0,0,0,,,,,,,,20260706
,,,86708550XS,Singi Padded Vest M,FRV,1,0,0,0,0,0,0,0,0,0,0,0,0,0,0,,,,,,,,0,0,0,1,0,0,0,0,0,0,0,0,0,,,,,,,,0,0,0,0,0,0,0,0,0,0,0,0,0,,,,,,,,20260706
,,,86708625L,Singi Padded Vest M,FRV,0,0,0,0,0,0,0,0,0,0,0,0,0,0,0,,,,,,,,0,0,0,0,1,0,0,0,0,0,0,0,0,,,,,,,,0,0,0,0,0,0,0,0,0,0,0,0,0,,,,,,,,20260706
,,,86708625M,Singi Padded Vest M,FRV,4,0,0,0,0,0,0,0,0,0,0,0,0,0,0,,,,,,,,0,0,0,1,0,1,1,0,0,0,0,0,0,,,,,,,,0,0,0,0,0,0,0,0,0,0,0,0,0,,,,,,,,20260706
,,,86708625S,Singi Padded Vest M,FRV,6,0,0,0,0,0,0,0,0,0,0,0,0,0,0,,,,,,,,0,0,0,1,0,1,1,1,0,0,0,0,0,,,,,,,,0,0,0,0,0,0,0,0,0,0,0,0,0,,,,,,,,20260706
,,,86788118L,Ovik Stencollar Jacket M,FRV,0,1,0,0,0,0,0,0,0,0,0,0,0,0,0,,,,,,,,0,1,0,1,1,1,1,1,0,1,1,1,0,,,,,,,,0,0,0,0,0,0,0,0,0,0,0,0,0,,,,,,,,20260706
,,,86788118M,Ovik Stencollar Jacket M,FRV,0,0,0,0,0,0,0,0,0,0,0,0,0,0,0,,,,,,,,0,1,0,2,1,1,1,1,0,1,1,1,0,,,,,,,,0,0,0,0,0,0,0,0,0,0,0,0,0,,,,,,,,20260706
,,,86788118S,Ovik Stencollar Jacket M,FRV,0,2,0,0,0,0,0,0,0,0,0,0,0,0,0,,,,,,,,0,1,0,1,1,1,1,1,0,1,1,1,0,,,,,,,,0,0,0,0,0,0,0,0,0,0,0,0,0,,,,,,,,20260706
,,,86788232-196L,Ovik Stencollar Jacket M,FRV,0,0,0,0,0,0,0,0,0,0,0,0,0,0,0,,,,,,,,0,0,0,1,0,0,0,0,0,0,0,1,0,,,,,,,,0,0,0,0,0,0,0,0,0,0,0,0,0,,,,,,,,20260706
,,,86788232-196S,Ovik Stencollar Jacket M,FRV,0,0,0,0,0,0,0,0,0,0,0,0,0,0,0,,,,,,,,0,0,0,0,0,0,0,0,0,0,0,1,0,,,,,,,,0,0,0,0,0,0,0,0,0,0,0,0,0,,,,,,,,20260706
,,,86788555L,Ovik Stencollar Jacket M,FRV,0,0,0,0,0,0,0,0,0,0,0,0,0,0,0,,,,,,,,0,1,0,1,0,1,1,1,0,1,1,1,0,,,,,,,,0,0,0,0,0,0,0,0,0,0,0,0,0,,,,,,,,20260706
,,,86788555M,Ovik Stencollar Jacket M,FRV,0,2,0,0,0,0,0,0,0,0,0,0,0,0,0,,,,,,,,0,1,0,1,1,1,1,1,0,1,1,1,0,,,,,,,,0,0,0,0,0,0,0,0,0,0,0,0,0,,,,,,,,20260706
,,,86788555S,Ovik Stencollar Jacket M,FRV,0,0,0,0,0,0,0,0,0,0,0,0,0,0,0,,,,,,,,0,0,0,1,1,0,1,1,0,1,1,1,0,,,,,,,,0,0,0,0,0,0,0,0,0,0,0,0,0,,,,,,,,20260706
,,,8686823250/S,Abisko Hike Trousers M,FRV,0,0,0,0,0,0,0,0,0,0,0,0,0,0,0,,,,,,,,0,0,0,1,0,0,0,0,0,0,0,0,0,,,,,,,,0,0,0,0,0,0,0,0,0,0,0,0,0,,,,,,,,20260706
,,,8686855044/R,Abisko Hike Trousers M,FRV,0,0,0,0,0,0,0,0,0,0,0,0,0,0,0,,,,,,,,0,0,0,1,0,0,0,0,0,0,0,1,0,,,,,,,,0,0,0,0,0,0,0,0,0,0,0,0,0,,,,,,,,20260706
,,,8686855046/R,Abisko Hike Trousers M,FRV,1,2,0,0,0,0,0,0,0,0,0,0,0,0,0,,,,,,,,0,2,0,1,1,1,0,0,0,1,0,1,0,,,,,,,,0,0,0,0,0,0,0,0,0,0,0,0,0,,,,,,,,20260706
,,,8686855048/R,Abisko Hike Trousers M,FRV,0,0,0,0,0,0,0,0,0,0,0,0,0,0,0,,,,,,,,0,1,0,2,1,1,0,0,0,1,0,1,0,,,,,,,,0,0,0,0,0,0,0,0,0,0,0,0,0,,,,,,,,20260706
,,,8686855048/S,Abisko Hike Trousers M,FRV,0,0,0,0,0,0,0,0,0,0,0,0,0,0,0,,,,,,,,0,1,0,0,0,0,0,0,0,0,0,0,0,,,,,,,,0,0,0,0,0,0,0,0,0,0,0,0,0,,,,,,,,20260706
,,,8686855050/R,Abisko Hike Trousers M,FRV,0,1,0,0,0,0,0,0,0,0,0,0,0,0,0,,,,,,,,0,1,0,1,1,1,0,0,0,1,0,1,0,,,,,,,,0,0,0,0,0,0,0,0,0,0,0,0,0,,,,,,,,20260706
,,,8686855050/S,Abisko Hike Trousers M,FRV,0,0,0,0,0,0,0,0,0,0,0,0,0,0,0,,,,,,,,0,0,0,1,1,0,0,0,0,0,0,0,0,,,,,,,,0,0,0,0,0,0,0,0,0,0,0,0,0,,,,,,,,20260706
,,,8686855550/S,Abisko Hike Trousers M,FRV,0,0,0,0,0,0,0,0,0,0,0,0,0,0,0,,,,,,,,0,0,0,1,0,0,0,0,0,0,0,0,0,,,,,,,,0,0,0,0,0,0,0,0,0,0,0,0,0,,,,,,,,20260706
,,,8686862546/R,Abisko Hike Trousers M,FRV,0,0,0,0,0,0,0,0,0,0,0,0,0,0,0,,,,,,,,0,1,0,1,1,1,1,0,0,1,0,1,0,,,,,,,,0,0,0,0,0,0,0,0,0,0,0,0,0,,,,,,,,20260706
,,,8686862548/R,Abisko Hike Trousers M,FRV,0,0,0,0,0,0,0,0,0,0,0,0,0,0,0,,,,,,,,0,1,0,1,1,1,1,0,0,1,0,1,0,,,,,,,,0,0,0,0,0,0,0,0,0,0,0,0,0,,,,,,,,20260706
,,,8686862550/R,Abisko Hike Trousers M,FRV,0,0,0,0,0,0,0,0,0,0,0,0,0,0,0,,,,,,,,0,2,0,1,0,1,0,0,0,1,0,1,0,,,,,,,,0,0,0,0,0,0,0,0,0,0,0,0,0,,,,,,,,20260706
,,,8689103044/R,Vidda Pro Lite Trousers M,FRV,0,0,0,0,0,0,0,0,0,0,0,0,0,0,0,,,,,,,,0,0,0,1,0,0,0,0,0,0,0,0,0,,,,,,,,0,0,0,0,0,0,0,0,0,0,0,0,0,,,,,,,,20260706
,,,8689103046/S,Vidda Pro Lite Trousers M,FRV,4,0,0,0,0,0,0,0,0,0,0,0,0,0,0,,,,,,,,0,0,0,1,0,0,0,0,0,0,0,0,0,,,,,,,,0,0,0,0,0,0,0,0,0,0,0,0,0,,,,,,,,20260706
,,,8689111846/S,Vidda Pro Lite Trousers M,FRV,3,0,0,0,0,0,0,0,0,0,0,0,0,0,0,,,,,,,,0,0,0,1,0,0,0,0,1,0,0,0,0,,,,,,,,0,0,0,0,0,0,0,0,0,0,0,0,0,,,,,,,,20260706
,,,8689162544/R,Vidda Pro Lite Trousers M,FRV,0,0,0,0,0,0,0,0,0,0,0,0,0,0,0,,,,,,,,0,0,0,1,0,0,0,0,0,0,0,0,0,,,,,,,,0,0,0,0,0,0,0,0,0,0,0,0,0,,,,,,,,20260706
,,,8689162546/R,Vidda Pro Lite Trousers M,FRV,0,0,0,0,0,0,0,0,0,0,0,0,0,0,0,,,,,,,,0,0,0,1,0,0,0,0,0,0,0,0,0,,,,,,,,0,0,0,0,0,0,0,0,0,0,0,0,0,,,,,,,,20260706
,,,8689162548/R,Vidda Pro Lite Trousers M,FRV,0,0,0,0,0,0,0,0,0,0,0,0,0,0,0,,,,,,,,0,0,0,1,0,0,0,0,0,0,0,0,0,,,,,,,,0,0,0,0,0,0,0,0,0,0,0,0,0,,,,,,,,20260706
,,,8689203044,Vidda Pro Lite Shorts M,FRV,0,1,0,0,0,0,0,0,0,0,0,0,0,0,0,,,,,,,,0,1,0,1,1,1,1,1,0,1,0,1,0,,,,,,,,0,0,0,0,0,0,0,0,0,0,0,0,0,,,,,,,,20260706
,,,8689203046,Vidda Pro Lite Shorts M,FRV,0,1,0,0,0,0,0,0,0,0,0,0,0,0,0,,,,,,,,0,1,0,1,1,1,1,1,0,1,0,1,0,,,,,,,,0,0,0,0,0,0,0,0,0,0,0,0,0,,,,,,,,20260706
,,,8689203048,Vidda Pro Lite Shorts M,FRV,0,0,0,0,0,0,0,0,0,0,0,0,0,0,0,,,,,,,,0,1,0,0,0,1,1,1,0,1,0,1,0,,,,,,,,0,0,0,0,0,0,0,0,0,0,0,0,0,,,,,,,,20260706
,,,8689203050,Vidda Pro Lite Shorts M,FRV,0,2,0,0,0,0,0,0,0,0,0,0,0,0,0,,,,,,,,0,1,0,1,1,1,1,1,0,1,0,1,0,,,,,,,,0,0,0,0,0,0,0,0,0,0,0,0,0,,,,,,,,20260706
,,,8689203052,Vidda Pro Lite Shorts M,FRV,0,0,0,0,0,0,0,0,0,0,0,0,0,0,0,,,,,,,,0,1,0,1,1,1,1,1,0,1,0,1,0,,,,,,,,0,0,0,0,0,0,0,0,0,0,0,0,0,,,,,,,,20260706
,,,8689211844,Vidda Pro Lite Shorts M,FRV,0,0,0,0,0,0,0,0,0,0,0,0,0,0,0,,,,,,,,0,1,0,1,0,1,0,1,0,1,0,1,0,,,,,,,,0,0,0,0,0,0,0,0,0,0,0,0,0,,,,,,,,20260706
,,,8689211846,Vidda Pro Lite Shorts M,FRV,0,2,0,0,0,0,0,0,0,0,0,0,0,0,0,,,,,,,,0,1,0,1,1,0,0,1,0,1,0,1,0,,,,,,,,0,0,0,0,0,0,0,0,0,0,0,0,0,,,,,,,,20260706
,,,8689211848,Vidda Pro Lite Shorts M,FRV,0,1,0,0,0,0,0,0,0,0,0,0,0,0,0,,,,,,,,0,1,0,1,1,1,0,1,0,1,0,1,0,,,,,,,,0,0,0,0,0,0,0,0,0,0,0,0,0,,,,,,,,20260706
,,,8689211850,Vidda Pro Lite Shorts M,FRV,0,2,0,0,0,0,0,0,0,0,0,0,0,0,0,,,,,,,,0,0,0,1,1,1,0,1,0,1,0,1,0,,,,,,,,0,0,0,0,0,0,0,0,0,0,0,0,0,,,,,,,,20260706
,,,8689211852,Vidda Pro Lite Shorts M,FRV,0,0,0,0,0,0,0,0,0,0,0,0,0,0,0,,,,,,,,0,1,0,1,1,1,0,1,0,1,0,1,0,,,,,,,,0,0,0,0,0,0,0,0,0,0,0,0,0,,,,,,,,20260706
,,,8689262544,Vidda Pro Lite Shorts M,FRV,0,0,0,0,0,0,0,0,0,0,0,0,0,0,0,,,,,,,,0,1,0,1,1,1,0,0,0,1,0,1,0,,,,,,,,0,0,0,0,0,0,0,0,0,0,0,0,0,,,,,,,,20260706
,,,8689262546,Vidda Pro Lite Shorts M,FRV,2,0,0,0,0,0,0,0,0,0,0,0,0,0,0,,,,,,,,0,1,0,1,1,1,1,1,0,1,0,1,0,,,,,,,,0,0,0,0,0,0,0,0,0,0,0,0,0,,,,,,,,20260706
,,,8689262548,Vidda Pro Lite Shorts M,FRV,0,0,0,0,0,0,0,0,0,0,0,0,0,0,0,,,,,,,,0,1,0,0,1,1,1,1,0,0,0,0,0,,,,,,,,0,0,0,0,0,0,0,0,0,0,0,0,0,,,,,,,,20260706
,,,8689262550,Vidda Pro Lite Shorts M,FRV,1,0,0,0,0,0,0,0,0,0,0,0,0,0,0,,,,,,,,0,1,0,1,1,1,1,1,0,1,0,1,0,,,,,,,,0,0,0,0,0,0,0,0,0,0,0,0,0,,,,,,,,20260706
,,,8689262552,Vidda Pro Lite Shorts M,FRV,0,0,0,0,0,0,0,0,0,0,0,0,0,0,0,,,,,,,,0,1,0,1,1,1,0,1,0,1,0,1,0,,,,,,,,0,0,0,0,0,0,0,0,0,0,0,0,0,,,,,,,,20260706
,,,86903633-636S,Varmland Wool Jacket M,FRV,2,0,0,0,0,0,0,0,0,0,0,0,0,0,0,,,,,,,,0,0,0,0,0,0,0,0,0,0,0,0,0,,,,,,,,0,0,0,0,0,0,0,0,0,0,0,0,0,,,,,,,,20260706
,,,86971232M,Abisko Lite Fleece Jacket M,FRV,2,0,0,0,0,0,0,0,0,0,0,0,0,0,0,,,,,,,,0,1,0,1,1,0,0,0,0,0,0,0,0,,,,,,,,0,0,0,0,0,0,0,0,0,0,0,0,0,,,,,,,,20260706
,,,86971232S,Abisko Lite Fleece Jacket M,FRV,0,0,0,0,0,0,0,0,0,0,0,0,0,0,0,,,,,,,,0,0,0,1,1,0,0,0,0,0,0,0,0,,,,,,,,0,0,0,0,0,0,0,0,0,0,0,0,0,,,,,,,,20260706
,,,86971232XS,Abisko Lite Fleece Jacket M,FRV,0,0,0,0,0,0,0,0,0,0,0,0,0,0,0,,,,,,,,0,1,0,1,1,0,0,0,0,0,0,0,0,,,,,,,,0,0,0,0,0,0,0,0,0,0,0,0,0,,,,,,,,20260706
,,,86971550S,Abisko Lite Fleece Jacket M,FRV,0,0,0,0,0,0,0,0,0,0,0,0,0,0,0,,,,,,,,0,0,0,0,1,0,0,0,0,0,0,0,0,,,,,,,,0,0,0,0,0,0,0,0,0,0,0,0,0,,,,,,,,20260706
,,,86971550XS,Abisko Lite Fleece Jacket M,FRV,0,0,0,0,0,0,0,0,0,0,0,0,0,0,0,,,,,,,,0,0,0,1,1,0,0,0,0,0,0,0,0,,,,,,,,0,0,0,0,0,0,0,0,0,0,0,0,0,,,,,,,,20260706
,,,86971620L,Abisko Lite Fleece Jacket M,FRV,2,0,0,0,0,0,0,0,0,0,0,0,0,0,0,,,,,,,,0,1,0,1,0,0,0,0,0,0,0,0,0,,,,,,,,0,0,0,0,0,0,0,0,0,0,0,0,0,,,,,,,,20260706
,,,86971620M,Abisko Lite Fleece Jacket M,FRV,0,0,0,0,0,0,0,0,0,0,0,0,0,0,0,,,,,,,,0,1,0,1,0,0,0,0,0,0,0,0,0,,,,,,,,0,0,0,0,0,0,0,0,0,0,0,0,0,,,,,,,,20260706
,,,86971620S,Abisko Lite Fleece Jacket M,FRV,4,0,0,0,0,0,0,0,0,0,0,0,0,0,0,,,,,,,,0,0,0,1,0,0,0,0,0,0,0,0,0,,,,,,,,0,0,0,0,0,0,0,0,0,0,0,0,0,,,,,,,,20260706
,,,86975050L,Kanken Art T-shirt M,FRV,0,0,0,0,0,0,0,0,0,0,0,0,0,0,0,,,,,,,,0,0,0,0,0,0,0,0,0,0,1,0,0,,,,,,,,0,0,0,0,0,0,0,0,0,0,0,0,0,,,,,,,,20260706
,,,86975050M,Kanken Art T-shirt M,FRV,0,0,0,0,0,0,0,0,0,0,0,0,0,0,0,,,,,,,,0,0,0,0,0,0,0,0,0,0,1,0,0,,,,,,,,0,0,0,0,0,0,0,0,0,0,0,0,0,,,,,,,,20260706
,,,86975135S,Kanken Art T-shirt M,FRV,0,0,0,0,0,0,0,0,0,0,0,0,0,0,0,,,,,,,,0,0,0,0,0,0,0,0,0,0,1,0,0,,,,,,,,0,0,0,0,0,0,0,0,0,0,0,0,0,,,,,,,,20260706
,,,86975534S,Kanken Art T-shirt M,FRV,0,0,0,0,0,0,0,0,0,0,0,0,0,0,0,,,,,,,,0,0,0,0,0,0,0,0,0,0,1,0,0,,,,,,,,0,0,0,0,0,0,0,0,0,0,0,0,0,,,,,,,,20260706
,,,86975620L,Kanken Art T-shirt M,FRV,0,0,0,0,0,0,0,0,0,0,0,0,0,0,0,,,,,,,,0,0,0,0,0,0,0,0,0,0,1,0,0,,,,,,,,0,0,0,0,0,0,0,0,0,0,0,0,0,,,,,,,,20260706
,,,86975620M,Kanken Art T-shirt M,FRV,0,0,0,0,0,0,0,0,0,0,0,0,0,0,0,,,,,,,,0,0,0,0,0,0,0,0,0,0,2,0,0,,,,,,,,0,0,0,0,0,0,0,0,0,0,0,0,0,,,,,,,,20260706
,,,86976113M,Fjallraven Equipment T-shirt M,FRV,0,0,0,0,0,0,0,0,0,0,0,0,0,0,0,,,,,,,,0,0,0,0,0,0,0,0,0,0,1,0,0,,,,,,,,0,0,0,0,0,0,0,0,0,0,0,0,0,,,,,,,,20260706
,,,86976207M,Fjallraven Equipment T-shirt M,FRV,0,0,0,0,0,0,0,0,0,0,0,0,0,0,0,,,,,,,,0,0,0,0,0,0,0,0,0,0,1,0,0,,,,,,,,0,0,0,0,0,0,0,0,0,0,0,0,0,,,,,,,,20260706
,,,86976207S,Fjallraven Equipment T-shirt M,FRV,0,0,0,0,0,0,0,0,0,0,0,0,0,0,0,,,,,,,,0,0,0,0,0,0,0,0,0,0,1,0,0,,,,,,,,0,0,0,0,0,0,0,0,0,0,0,0,0,,,,,,,,20260706
,,,86976534S,Fjallraven Equipment T-shirt M,FRV,0,0,0,0,0,0,0,0,0,0,0,0,0,0,0,,,,,,,,0,0,0,0,0,0,0,0,0,0,1,0,0,,,,,,,,0,0,0,0,0,0,0,0,0,0,0,0,0,,,,,,,,20260706
,,,86976620S,Fjallraven Equipment T-shirt M,FRV,0,0,0,0,0,0,0,0,0,0,0,0,0,0,0,,,,,,,,0,0,0,0,0,0,0,0,0,0,1,0,0,,,,,,,,0,0,0,0,0,0,0,0,0,0,0,0,0,,,,,,,,20260706
,,,86977543L,Abisko Wool Logo SS M,FRV,0,0,0,0,0,0,0,0,0,0,0,0,0,0,0,,,,,,,,0,0,0,1,0,0,0,0,0,1,0,1,0,,,,,,,,0,0,0,0,0,0,0,0,0,0,0,0,0,,,,,,,,20260706
,,,86977543M,Abisko Wool Logo SS M,FRV,0,0,0,0,0,0,0,0,0,0,0,0,0,0,0,,,,,,,,0,1,0,0,0,1,0,0,0,1,0,0,0,,,,,,,,0,0,0,0,0,0,0,0,0,0,0,0,0,,,,,,,,20260706
,,,86977543S,Abisko Wool Logo SS M,FRV,0,0,0,0,0,0,0,0,0,0,0,0,0,0,0,,,,,,,,0,1,0,0,1,1,0,0,0,1,0,0,0,,,,,,,,0,0,0,0,0,0,0,0,0,0,0,0,0,,,,,,,,20260706
,,,86977550M,Abisko Wool Logo SS M,FRV,0,0,0,0,0,0,0,0,0,0,0,0,0,0,0,,,,,,,,0,0,0,0,1,1,0,1,0,1,0,1,0,,,,,,,,0,0,0,0,0,0,0,0,0,0,0,0,0,,,,,,,,20260706
,,,86977550S,Abisko Wool Logo SS M,FRV,0,0,0,0,0,0,0,0,0,0,0,0,0,0,0,,,,,,,,0,0,0,0,1,0,0,1,0,1,0,0,0,,,,,,,,0,0,0,0,0,0,0,0,0,0,0,0,0,,,,,,,,20260706
,,,86977625L,Abisko Wool Logo SS M,FRV,0,0,0,0,0,0,0,0,0,0,0,0,0,0,0,,,,,,,,0,0,0,1,0,1,0,0,0,1,0,0,0,,,,,,,,0,0,0,0,0,0,0,0,0,0,0,0,0,,,,,,,,20260706
,,,86977625M,Abisko Wool Logo SS M,FRV,2,1,0,0,0,0,0,0,0,0,0,0,0,0,0,,,,,,,,0,1,0,1,1,1,2,1,0,1,0,1,0,,,,,,,,0,0,0,0,0,0,0,0,0,0,0,0,0,,,,,,,,20260706
,,,86977625S,Abisko Wool Logo SS M,FRV,1,3,0,0,0,0,0,0,0,0,0,0,0,0,0,,,,,,,,0,1,0,1,1,0,1,1,0,1,0,1,0,,,,,,,,0,0,0,0,0,0,0,0,0,0,0,0,0,,,,,,,,20260706
,,,86978243X,1960 Logo Belt,FRV,0,0,0,0,0,0,0,0,0,0,0,0,0,0,0,,,,,,,,0,0,0,1,0,0,0,0,0,0,0,0,0,,,,,,,,0,0,0,0,0,0,0,0,0,0,0,0,0,,,,,,,,20260706
,,,86978620X,1960 Logo Belt,FRV,0,0,0,0,0,0,0,0,0,0,0,0,0,0,0,,,,,,,,0,0,0,2,1,0,0,0,0,0,1,0,0,,,,,,,,0,0,0,0,0,0,0,0,0,0,0,0,0,,,,,,,,20260706
,,,86978633X,1960 Logo Belt,FRV,16,0,0,0,0,0,0,0,0,0,0,0,0,0,0,,,,,,,,0,2,0,2,2,2,0,2,1,2,3,2,0,,,,,,,,0,0,0,0,0,0,0,0,0,0,0,0,0,,,,,,,,20260706
,,,86979243L/XL,Classic Badge Cap,FRV,0,0,0,0,0,0,0,0,0,0,0,0,0,0,0,,,,,,,,0,0,0,1,0,0,0,0,0,0,0,0,0,,,,,,,,0,0,0,0,0,0,0,0,0,0,0,0,0,,,,,,,,20260706
,,,86979555S/M,Classic Badge Cap,FRV,0,0,0,0,0,0,0,0,0,0,0,0,0,0,0,,,,,,,,0,0,0,1,0,0,0,0,0,0,0,0,0,,,,,,,,0,0,0,0,0,0,0,0,0,0,0,0,0,,,,,,,,20260706
,,,86980042M,Raven Jacket M,FRV,0,0,0,0,0,0,0,0,0,0,0,0,0,0,0,,,,,,,,0,0,0,0,0,0,1,0,0,0,0,0,0,,,,,,,,0,0,0,0,0,0,0,0,0,0,0,0,0,,,,,,,,20260706
,,,86980042XS,Raven Jacket M,FRV,0,0,0,0,0,0,0,0,0,0,0,0,0,0,0,,,,,,,,0,1,0,0,0,1,0,0,0,0,0,0,0,,,,,,,,0,0,0,0,0,0,0,0,0,0,0,0,0,,,,,,,,20260706
,,,86980550M,Raven Jacket M,FRV,0,0,0,0,0,0,0,0,0,0,0,0,0,0,0,,,,,,,,0,1,0,1,0,0,0,0,0,0,0,0,0,,,,,,,,0,0,0,0,0,0,0,0,0,0,0,0,0,,,,,,,,20260706
,,,86980550S,Raven Jacket M,FRV,0,0,0,0,0,0,0,0,0,0,0,0,0,0,0,,,,,,,,0,0,0,1,0,0,0,0,0,1,0,0,0,,,,,,,,0,0,0,0,0,0,0,0,0,0,0,0,0,,,,,,,,20260706
,,,86980550XS,Raven Jacket M,FRV,0,0,0,0,0,0,0,0,0,0,0,0,0,0,0,,,,,,,,0,1,0,1,0,1,0,0,0,1,0,0,0,,,,,,,,0,0,0,0,0,0,0,0,0,0,0,0,0,,,,,,,,20260706
,,,86980620M,Raven Jacket M,FRV,0,0,0,0,0,0,0,0,0,0,0,0,0,0,0,,,,,,,,0,0,0,1,0,0,0,0,0,0,0,0,0,,,,,,,,0,0,0,0,0,0,0,0,0,0,0,0,0,,,,,,,,20260706
,,,86980620S,Raven Jacket M,FRV,0,0,0,0,0,0,0,0,0,0,0,0,0,0,0,,,,,,,,0,0,0,0,1,0,0,0,0,0,0,0,0,,,,,,,,0,0,0,0,0,0,0,0,0,0,0,0,0,,,,,,,,20260706
,,,86982452M,HC Hydratic Trail Jacket W,FRV,0,0,0,0,0,0,0,0,0,0,0,0,0,0,0,,,,,,,,0,0,0,1,1,0,0,0,0,0,0,0,0,,,,,,,,0,0,0,0,0,0,0,0,0,0,0,0,0,,,,,,,,20260706
,,,86982452S,HC Hydratic Trail Jacket W,FRV,1,0,0,0,0,0,0,0,0,0,0,0,0,0,0,,,,,,,,0,0,0,1,1,0,0,0,0,0,0,0,0,,,,,,,,0,0,0,0,0,0,0,0,0,0,0,0,0,,,,,,,,20260706
,,,86982452XS,HC Hydratic Trail Jacket W,FRV,0,0,0,0,0,0,0,0,0,0,0,0,0,0,0,,,,,,,,0,0,0,1,1,0,0,0,0,0,0,0,0,,,,,,,,0,0,0,0,0,0,0,0,0,0,0,0,0,,,,,,,,20260706
,,,86982550M,HC Hydratic Trail Jacket W,FRV,0,0,0,0,0,0,0,0,0,0,0,0,0,0,0,,,,,,,,0,0,0,0,0,1,0,0,0,0,0,0,0,,,,,,,,0,0,0,0,0,0,0,0,0,0,0,0,0,,,,,,,,20260706
,,,86982550S,HC Hydratic Trail Jacket W,FRV,0,0,0,0,0,0,0,0,0,0,0,0,0,0,0,,,,,,,,0,1,0,1,0,0,0,0,0,0,0,1,0,,,,,,,,0,0,0,0,0,0,0,0,0,0,0,0,0,,,,,,,,20260706
,,,86982550XS,HC Hydratic Trail Jacket W,FRV,0,0,0,0,0,0,0,0,0,0,0,0,0,0,0,,,,,,,,0,0,0,1,1,0,1,0,0,0,0,1,0,,,,,,,,0,0,0,0,0,0,0,0,0,0,0,0,0,,,,,,,,20260706
,,,86982625S,HC Hydratic Trail Jacket W,FRV,0,0,0,0,0,0,0,0,0,0,0,0,0,0,0,,,,,,,,0,1,0,0,1,0,0,0,0,0,0,0,0,,,,,,,,0,0,0,0,0,0,0,0,0,0,0,0,0,,,,,,,,20260706
,,,86983550M/S,HC Hydratic Trail Trousers W,FRV,1,2,0,0,0,0,0,0,0,0,0,0,0,0,0,,,,,,,,0,0,0,1,1,0,0,0,1,0,0,0,0,,,,,,,,0,0,0,0,0,0,0,0,0,0,0,0,0,,,,,,,,20260706
,,,86983550S/S,HC Hydratic Trail Trousers W,FRV,2,2,0,0,0,0,0,0,0,0,0,0,0,0,0,,,,,,,,0,0,0,1,1,0,0,0,1,0,0,0,0,,,,,,,,0,0,0,0,0,0,0,0,0,0,0,0,0,,,,,,,,20260706
,,,86984550L,HC Hydratic Trail Jacket M,FRV,1,0,0,0,0,0,0,0,0,0,0,0,0,0,0,,,,,,,,0,1,0,1,1,1,0,0,0,0,0,0,0,,,,,,,,0,0,0,0,0,0,0,0,0,0,0,0,0,,,,,,,,20260706
,,,86984550M,HC Hydratic Trail Jacket M,FRV,0,0,0,0,0,0,0,0,0,0,0,0,0,0,0,,,,,,,,0,1,0,1,1,1,1,0,0,0,0,0,0,,,,,,,,0,0,0,0,0,0,0,0,0,0,0,0,0,,,,,,,,20260706
,,,86984550S,HC Hydratic Trail Jacket M,FRV,0,0,0,0,0,0,0,0,0,0,0,0,0,0,0,,,,,,,,0,0,0,1,0,0,0,0,0,0,0,0,0,,,,,,,,0,0,0,0,0,0,0,0,0,0,0,0,0,,,,,,,,20260706
,,,86984550XS,HC Hydratic Trail Jacket M,FRV,0,0,0,0,0,0,0,0,0,0,0,0,0,0,0,,,,,,,,0,1,0,1,0,0,1,0,0,0,0,0,0,,,,,,,,0,0,0,0,0,0,0,0,0,0,0,0,0,,,,,,,,20260706
,,,86984625M,HC Hydratic Trail Jacket M,FRV,0,0,0,0,0,0,0,0,0,0,0,0,0,0,0,,,,,,,,0,1,0,1,1,1,0,0,0,0,0,1,0,,,,,,,,0,0,0,0,0,0,0,0,0,0,0,0,0,,,,,,,,20260706
,,,86984625S,HC Hydratic Trail Jacket M,FRV,2,0,0,0,0,0,0,0,0,0,0,0,0,0,0,,,,,,,,0,1,0,1,1,1,0,0,0,0,0,1,0,,,,,,,,0,0,0,0,0,0,0,0,0,0,0,0,0,,,,,,,,20260706
,,,86985550L/R,HC Hydratic Trail Trousers M,FRV,0,0,0,0,0,0,0,0,0,0,0,0,0,0,0,,,,,,,,0,0,0,1,1,0,0,0,0,0,0,0,0,,,,,,,,0,0,0,0,0,0,0,0,0,0,0,0,0,,,,,,,,20260706
,,,86985550M/R,HC Hydratic Trail Trousers M,FRV,1,0,0,0,0,0,0,0,0,0,0,0,0,0,0,,,,,,,,0,0,0,1,1,0,0,0,0,0,0,0,0,,,,,,,,0,0,0,0,0,0,0,0,0,0,0,0,0,,,,,,,,20260706
,,,86987020-999L,Vardag Hoodie W,FRV,2,0,0,0,0,0,0,0,0,0,0,0,0,0,0,,,,,,,,0,0,0,1,0,0,0,0,0,0,0,0,0,,,,,,,,0,0,0,0,0,0,0,0,0,0,0,0,0,,,,,,,,20260706
,,,86987020-999M,Vardag Hoodie W,FRV,1,0,0,0,0,0,0,0,0,0,0,0,0,0,0,,,,,,,,0,0,0,1,0,0,0,0,0,0,0,0,0,,,,,,,,0,0,0,0,0,0,0,0,0,0,0,0,0,,,,,,,,20260706
,,,86987020-999S,Vardag Hoodie W,FRV,1,0,0,0,0,0,0,0,0,0,0,0,0,0,0,,,,,,,,0,0,0,1,0,0,0,0,0,0,0,0,0,,,,,,,,0,0,0,0,0,0,0,0,0,0,0,0,0,,,,,,,,20260706
,,,86987020-999XXS,Vardag Hoodie W,FRV,0,0,0,0,0,0,0,0,0,0,0,0,0,0,0,,,,,,,,0,0,0,1,0,0,0,0,0,0,0,0,0,,,,,,,,0,0,0,0,0,0,0,0,0,0,0,0,0,,,,,,,,20260706
,,,86996550L/XL,Keb Fleece Hat,FRV,1,0,0,0,0,0,0,0,0,0,0,0,0,0,0,,,,,,,,0,0,0,1,0,0,0,0,0,0,0,0,0,,,,,,,,0,0,0,0,0,0,0,0,0,0,0,0,0,,,,,,,,20260706
,,,86996550S/M,Keb Fleece Hat,FRV,0,0,0,0,0,0,0,0,0,0,0,0,0,0,0,,,,,,,,0,0,0,1,0,0,0,0,0,0,0,0,0,,,,,,,,0,0,0,0,0,0,0,0,0,0,0,0,0,,,,,,,,20260706
,,,86997550S/M,Keb Fleece Balaclava,FRV,0,0,0,0,0,0,0,0,0,0,0,0,0,0,0,,,,,,,,0,0,0,1,0,0,0,0,0,0,0,0,0,,,,,,,,0,0,0,0,0,0,0,0,0,0,0,0,0,,,,,,,,20260706
,,,86999113-118M,Ovik Heavy Flannel Shirt W,FRV,1,0,0,0,0,0,0,0,0,0,0,0,0,0,0,,,,,,,,0,0,0,1,0,0,1,0,0,0,0,0,0,,,,,,,,0,0,0,0,0,0,0,0,0,0,0,0,0,,,,,,,,20260706
,,,86999113-118S,Ovik Heavy Flannel Shirt W,FRV,1,0,0,0,0,0,0,0,0,0,0,0,0,0,0,,,,,,,,0,0,0,0,0,0,1,0,0,0,0,0,0,,,,,,,,0,0,0,0,0,0,0,0,0,0,0,0,0,,,,,,,,20260706
,,,86999614-679M,Ovik Heavy Flannel Shirt W,FRV,2,0,0,0,0,0,0,0,0,0,0,0,0,0,0,,,,,,,,0,0,0,1,0,1,1,0,0,0,1,0,0,,,,,,,,0,0,0,0,0,0,0,0,0,0,0,0,0,,,,,,,,20260706
,,,86999614-679S,Ovik Heavy Flannel Shirt W,FRV,1,0,0,0,0,0,0,0,0,0,0,0,0,0,0,,,,,,,,0,0,0,1,0,1,0,0,0,0,1,0,0,,,,,,,,0,0,0,0,0,0,0,0,0,0,0,0,0,,,,,,,,20260706
,,,86999614-679XS,Ovik Heavy Flannel Shirt W,FRV,0,0,0,0,0,0,0,0,0,0,0,0,0,0,0,,,,,,,,0,0,0,1,0,0,0,0,0,0,0,0,0,,,,,,,,0,0,0,0,0,0,0,0,0,0,0,0,0,,,,,,,,20260706
,,,87008030L,Vardag Anorak M,FRV,0,0,0,0,0,0,0,0,0,0,0,0,0,0,0,,,,,,,,0,0,0,1,0,0,0,0,0,0,0,1,0,,,,,,,,0,0,0,0,0,0,0,0,0,0,0,0,0,,,,,,,,20260706
,,,87008030M,Vardag Anorak M,FRV,0,0,0,0,0,0,0,0,0,0,0,0,0,0,0,,,,,,,,0,0,0,0,0,0,0,0,0,0,0,1,0,,,,,,,,0,0,0,0,0,0,0,0,0,0,0,0,0,,,,,,,,20260706
,,,87008030S,Vardag Anorak M,FRV,0,0,0,0,0,0,0,0,0,0,0,0,0,0,0,,,,,,,,0,0,0,0,0,0,0,0,0,0,0,1,0,,,,,,,,0,0,0,0,0,0,0,0,0,0,0,0,0,,,,,,,,20260706
,,,87008215-243S,Vardag Anorak M,FRV,0,0,0,0,0,0,0,0,0,0,0,0,0,0,0,,,,,,,,0,0,0,1,0,0,0,0,0,0,0,0,0,,,,,,,,0,0,0,0,0,0,0,0,0,0,0,0,0,,,,,,,,20260706
,,,87008520-195S,Vardag Anorak M,FRV,0,0,0,0,0,0,0,0,0,0,0,0,0,0,0,,,,,,,,0,0,0,1,0,0,0,0,0,0,0,0,0,,,,,,,,0,0,0,0,0,0,0,0,0,0,0,0,0,,,,,,,,20260706
,,,87008662S,Vardag Anorak M,FRV,0,0,0,0,0,0,0,0,0,0,0,0,0,0,0,,,,,,,,0,0,0,1,0,0,0,0,0,0,0,0,0,,,,,,,,0,0,0,0,0,0,0,0,0,0,0,0,0,,,,,,,,20260706
,,,87008662XS,Vardag Anorak M,FRV,0,0,0,0,0,0,0,0,0,0,0,0,0,0,0,,,,,,,,0,1,0,1,0,0,0,0,0,0,1,1,0,,,,,,,,0,0,0,0,0,0,0,0,0,0,0,0,0,,,,,,,,20260706
,,,87009133-676S,Vardag Anorak W,FRV,0,0,0,0,0,0,0,0,0,0,0,0,0,0,0,,,,,,,,0,0,0,0,0,0,0,0,1,0,0,0,0,,,,,,,,0,0,0,0,0,0,0,0,0,0,0,0,0,,,,,,,,20260706
,,,87009161XS,Vardag Anorak W,FRV,0,0,0,0,0,0,0,0,0,0,0,0,0,0,0,,,,,,,,0,0,0,0,0,0,0,0,0,0,0,1,0,,,,,,,,0,0,0,0,0,0,0,0,0,0,0,0,0,,,,,,,,20260706
,,,87009242S,Vardag Anorak W,FRV,0,0,0,0,0,0,0,0,0,0,0,0,0,0,0,,,,,,,,0,0,0,0,0,0,0,0,1,0,0,0,0,,,,,,,,0,0,0,0,0,0,0,0,0,0,0,0,0,,,,,,,,20260706
,,,87009242XS,Vardag Anorak W,FRV,0,0,0,0,0,0,0,0,0,0,0,0,0,0,0,,,,,,,,0,0,0,0,0,0,0,0,0,0,0,1,0,,,,,,,,0,0,0,0,0,0,0,0,0,0,0,0,0,,,,,,,,20260706
,,,87009244M,Vardag Anorak W,FRV,1,0,0,0,0,0,0,0,0,0,0,0,0,0,0,,,,,,,,0,0,0,0,0,0,0,0,1,0,0,0,0,,,,,,,,0,0,0,0,0,0,0,0,0,0,0,0,0,,,,,,,,20260706
,,,87009347L,Vardag Anorak W,FRV,0,0,0,0,0,0,0,0,0,0,0,0,0,0,0,,,,,,,,0,0,0,0,0,0,0,0,1,0,0,0,0,,,,,,,,0,0,0,0,0,0,0,0,0,0,0,0,0,,,,,,,,20260706
,,,87009620M,Vardag Anorak W,FRV,1,0,0,0,0,0,0,0,0,0,0,0,0,0,0,,,,,,,,0,0,0,0,0,0,0,0,1,0,0,0,0,,,,,,,,0,0,0,0,0,0,0,0,0,0,0,0,0,,,,,,,,20260706
,,,87009667-232S,Vardag Anorak W,FRV,0,0,0,0,0,0,0,0,0,0,0,0,0,0,0,,,,,,,,0,0,0,0,1,0,0,0,1,0,0,1,0,,,,,,,,0,0,0,0,0,0,0,0,0,0,0,0,0,,,,,,,,20260706
,,,87009667-232XS,Vardag Anorak W,FRV,0,0,0,0,0,0,0,0,0,0,0,0,0,0,0,,,,,,,,0,0,0,0,1,0,0,0,1,1,0,1,0,,,,,,,,0,0,0,0,0,0,0,0,0,0,0,0,0,,,,,,,,20260706
,,,8701103036,Vardag Lite Trousers W,FRV,19,0,0,0,0,0,0,0,0,0,0,0,0,0,0,,,,,,,,0,0,0,0,0,0,0,0,0,0,0,0,0,,,,,,,,0,0,0,0,0,0,0,0,0,0,0,0,0,,,,,,,,20260706
,,,8701103038,Vardag Lite Trousers W,FRV,1,0,0,0,0,0,0,0,0,0,0,0,0,0,0,,,,,,,,0,0,0,0,0,0,0,0,0,0,0,0,0,,,,,,,,0,0,0,0,0,0,0,0,0,0,0,0,0,,,,,,,,20260706
,,,8701155034,Vardag Lite Trousers W,FRV,4,0,0,0,0,0,0,0,0,0,0,0,0,0,0,,,,,,,,0,0,0,0,0,0,0,0,0,0,0,0,0,,,,,,,,0,0,0,0,0,0,0,0,0,0,0,0,0,,,,,,,,20260706
,,,8701155036,Vardag Lite Trousers W,FRV,9,0,0,0,0,0,0,0,0,0,0,0,0,0,0,,,,,,,,0,0,0,0,0,0,0,0,0,0,0,0,0,,,,,,,,0,0,0,0,0,0,0,0,0,0,0,0,0,,,,,,,,20260706
,,,8701155038,Vardag Lite Trousers W,FRV,1,0,0,0,0,0,0,0,0,0,0,0,0,0,0,,,,,,,,0,0,0,0,0,0,0,0,0,0,0,0,0,,,,,,,,0,0,0,0,0,0,0,0,0,0,0,0,0,,,,,,,,20260706
,,,8701155536,Vardag Lite Trousers W,FRV,1,0,0,0,0,0,0,0,0,0,0,0,0,0,0,,,,,,,,0,0,0,0,0,0,0,0,0,0,0,0,0,,,,,,,,0,0,0,0,0,0,0,0,0,0,0,0,0,,,,,,,,20260706
,,,87030242M,Vardag Dungaree Trousers W,FRV,0,0,0,0,0,0,0,0,0,0,0,0,0,0,0,,,,,,,,0,0,0,0,0,0,0,0,0,0,0,1,0,,,,,,,,0,0,0,0,0,0,0,0,0,0,0,0,0,,,,,,,,20260706
,,,87030242S,Vardag Dungaree Trousers W,FRV,0,0,0,0,0,0,0,0,0,0,0,0,0,0,0,,,,,,,,0,0,0,1,1,1,0,0,0,0,0,1,0,,,,,,,,0,0,0,0,0,0,0,0,0,0,0,0,0,,,,,,,,20260706
,,,87030242XS,Vardag Dungaree Trousers W,FRV,0,0,0,0,0,0,0,0,0,0,0,0,0,0,0,,,,,,,,0,0,0,1,1,1,0,1,0,0,0,0,0,,,,,,,,0,0,0,0,0,0,0,0,0,0,0,0,0,,,,,,,,20260706
,,,87030550L,Vardag Dungaree Trousers W,FRV,0,0,0,0,0,0,0,0,0,0,0,0,0,0,0,,,,,,,,0,1,0,1,1,1,0,0,0,0,0,1,0,,,,,,,,0,0,0,0,0,0,0,0,0,0,0,0,0,,,,,,,,20260706
,,,87030550M,Vardag Dungaree Trousers W,FRV,0,0,0,0,0,0,0,0,0,0,0,0,0,0,0,,,,,,,,0,1,0,1,1,1,0,0,0,0,0,1,0,,,,,,,,0,0,0,0,0,0,0,0,0,0,0,0,0,,,,,,,,20260706
,,,87030550S,Vardag Dungaree Trousers W,FRV,0,0,0,0,0,0,0,0,0,0,0,0,0,0,0,,,,,,,,0,1,0,1,1,1,0,1,0,1,0,1,0,,,,,,,,0,0,0,0,0,0,0,0,0,0,0,0,0,,,,,,,,20260706
,,,87030550XS,Vardag Dungaree Trousers W,FRV,0,0,0,0,0,0,0,0,0,0,0,0,0,0,0,,,,,,,,0,1,0,0,1,1,0,1,0,1,0,1,0,,,,,,,,0,0,0,0,0,0,0,0,0,0,0,0,0,,,,,,,,20260706
,,,87030620L,Vardag Dungaree Trousers W,FRV,0,0,0,0,0,0,0,0,0,0,0,0,0,0,0,,,,,,,,0,1,0,1,1,0,1,0,0,0,0,1,0,,,,,,,,0,0,0,0,0,0,0,0,0,0,0,0,0,,,,,,,,20260706
,,,87030620M,Vardag Dungaree Trousers W,FRV,0,0,0,0,0,0,0,0,0,0,0,0,0,0,0,,,,,,,,0,1,0,1,1,1,1,0,0,1,0,1,0,,,,,,,,0,0,0,0,0,0,0,0,0,0,0,0,0,,,,,,,,20260706
,,,87030620S,Vardag Dungaree Trousers W,FRV,0,0,0,0,0,0,0,0,0,0,0,0,0,0,0,,,,,,,,0,0,0,1,1,1,0,0,0,1,0,1,0,,,,,,,,0,0,0,0,0,0,0,0,0,0,0,0,0,,,,,,,,20260706
,,,87030620XS,Vardag Dungaree Trousers W,FRV,0,0,0,0,0,0,0,0,0,0,0,0,0,0,0,,,,,,,,0,0,0,1,2,1,0,0,0,1,0,1,0,,,,,,,,0,0,0,0,0,0,0,0,0,0,0,0,0,,,,,,,,20260706
,,,8703455036,High Coast Relaxed Shorts W,FRV,0,0,0,0,0,0,0,0,0,0,0,0,0,0,0,,,,,,,,0,0,0,1,0,0,0,0,1,0,1,0,0,,,,,,,,0,0,0,0,0,0,0,0,0,0,0,0,0,,,,,,,,20260706
,,,8703455038,High Coast Relaxed Shorts W,FRV,3,0,0,0,0,0,0,0,0,0,0,0,0,0,0,,,,,,,,0,0,0,1,0,0,0,0,1,0,1,0,0,,,,,,,,0,0,0,0,0,0,0,0,0,0,0,0,0,,,,,,,,20260706
,,,8703456036,High Coast Relaxed Shorts W,FRV,3,0,0,0,0,0,0,0,0,0,0,0,0,0,0,,,,,,,,0,0,0,1,0,0,0,0,1,0,1,0,0,,,,,,,,0,0,0,0,0,0,0,0,0,0,0,0,0,,,,,,,,20260706
,,,8703456038,High Coast Relaxed Shorts W,FRV,4,0,0,0,0,0,0,0,0,0,0,0,0,0,0,,,,,,,,0,0,0,1,0,0,0,0,1,0,1,0,0,,,,,,,,0,0,0,0,0,0,0,0,0,0,0,0,0,,,,,,,,20260706
,,,87038620L,Ovik Lite Shirt SS M,FRV,0,0,0,0,0,0,0,0,0,0,0,0,0,0,0,,,,,,,,0,0,0,1,0,0,0,0,0,0,0,0,0,,,,,,,,0,0,0,0,0,0,0,0,0,0,0,0,0,,,,,,,,20260706
,,,87038620M,Ovik Lite Shirt SS M,FRV,0,0,0,0,0,0,0,0,0,0,0,0,0,0,0,,,,,,,,0,0,0,1,0,0,0,0,0,0,0,0,0,,,,,,,,0,0,0,0,0,0,0,0,0,0,0,0,0,,,,,,,,20260706
,,,87039113L,Ovik Travel Shirt SS M,FRV,0,0,0,0,0,0,0,0,0,0,0,0,0,0,0,,,,,,,,0,1,0,2,0,0,0,1,0,1,1,1,0,,,,,,,,0,0,0,0,0,0,0,0,0,0,0,0,0,,,,,,,,20260706
,,,87039113M,Ovik Travel Shirt SS M,FRV,0,0,0,0,0,0,0,0,0,0,0,0,0,0,0,,,,,,,,0,1,0,1,1,0,0,1,0,1,1,1,0,,,,,,,,0,0,0,0,0,0,0,0,0,0,0,0,0,,,,,,,,20260706
,,,87039113S,Ovik Travel Shirt SS M,FRV,0,0,0,0,0,0,0,0,0,0,0,0,0,0,0,,,,,,,,0,0,0,2,1,0,0,1,0,0,1,1,0,,,,,,,,0,0,0,0,0,0,0,0,0,0,0,0,0,,,,,,,,20260706
,,,87039195L,Ovik Travel Shirt SS M,FRV,0,0,0,0,0,0,0,0,0,0,0,0,0,0,0,,,,,,,,0,0,0,0,0,1,0,1,0,1,1,1,0,,,,,,,,0,0,0,0,0,0,0,0,0,0,0,0,0,,,,,,,,20260706
,,,87039195M,Ovik Travel Shirt SS M,FRV,0,2,0,0,0,0,0,0,0,0,0,0,0,0,0,,,,,,,,0,1,0,1,1,1,0,1,0,1,1,1,0,,,,,,,,0,0,0,0,0,0,0,0,0,0,0,0,0,,,,,,,,20260706
,,,87039195S,Ovik Travel Shirt SS M,FRV,0,4,0,0,0,0,0,0,0,0,0,0,0,0,0,,,,,,,,0,0,0,1,1,1,0,1,0,1,1,1,0,,,,,,,,0,0,0,0,0,0,0,0,0,0,0,0,0,,,,,,,,20260706
,,,87039300S,Ovik Travel Shirt SS M,FRV,0,0,0,0,0,0,0,0,0,0,0,0,0,0,0,,,,,,,,0,0,0,1,1,0,0,0,0,0,0,0,0,,,,,,,,0,0,0,0,0,0,0,0,0,0,0,0,0,,,,,,,,20260706
,,,87039620L,Ovik Travel Shirt SS M,FRV,0,0,0,0,0,0,0,0,0,0,0,0,0,0,0,,,,,,,,0,1,0,2,1,1,0,1,0,1,1,1,0,,,,,,,,0,0,0,0,0,0,0,0,0,0,0,0,0,,,,,,,,20260706
,,,87039620M,Ovik Travel Shirt SS M,FRV,0,0,0,0,0,0,0,0,0,0,0,0,0,0,0,,,,,,,,0,1,0,2,1,1,1,1,0,1,1,1,0,,,,,,,,0,0,0,0,0,0,0,0,0,0,0,0,0,,,,,,,,20260706
,,,87039620S,Ovik Travel Shirt SS M,FRV,0,2,0,0,0,0,0,0,0,0,0,0,0,0,0,,,,,,,,0,1,0,2,1,1,1,1,0,1,1,1,0,,,,,,,,0,0,0,0,0,0,0,0,0,0,0,0,0,,,,,,,,20260706
,,,87040195XS,Ovik Travel Shirt SS W,FRV,0,0,0,0,0,0,0,0,0,0,0,0,0,0,0,,,,,,,,0,1,0,0,0,0,0,0,0,0,0,0,0,,,,,,,,0,0,0,0,0,0,0,0,0,0,0,0,0,,,,,,,,20260706
,,,87040357M,Ovik Travel Shirt SS W,FRV,0,0,0,0,0,0,0,0,0,0,0,0,0,0,0,,,,,,,,0,0,0,1,0,0,0,0,0,0,0,0,0,,,,,,,,0,0,0,0,0,0,0,0,0,0,0,0,0,,,,,,,,20260706
,,,87040357S,Ovik Travel Shirt SS W,FRV,1,0,0,0,0,0,0,0,0,0,0,0,0,0,0,,,,,,,,0,1,0,1,1,0,0,0,0,0,0,0,0,,,,,,,,0,0,0,0,0,0,0,0,0,0,0,0,0,,,,,,,,20260706
,,,87040357XS,Ovik Travel Shirt SS W,FRV,0,0,0,0,0,0,0,0,0,0,0,0,0,0,0,,,,,,,,0,0,0,1,0,0,0,0,0,0,0,0,0,,,,,,,,0,0,0,0,0,0,0,0,0,0,0,0,0,,,,,,,,20260706
,,,87047560L,Sunrise T-shirt M,FRV,0,0,0,0,0,0,0,0,0,0,0,0,0,0,0,,,,,,,,0,0,0,1,0,0,0,0,0,0,0,0,0,,,,,,,,0,0,0,0,0,0,0,0,0,0,0,0,0,,,,,,,,20260706
,,,87047560S,Sunrise T-shirt M,FRV,0,0,0,0,0,0,0,0,0,0,0,0,0,0,0,,,,,,,,0,0,0,1,0,0,0,0,0,0,0,0,0,,,,,,,,0,0,0,0,0,0,0,0,0,0,0,0,0,,,,,,,,20260706
,,,87053118L,Nature T-shirt M,FRV,0,0,0,0,0,0,0,0,0,0,0,0,0,0,0,,,,,,,,0,0,0,1,0,0,0,0,0,0,0,0,0,,,,,,,,0,0,0,0,0,0,0,0,0,0,0,0,0,,,,,,,,20260706
,,,87053243L,Nature T-shirt M,FRV,0,0,0,0,0,0,0,0,0,0,0,0,0,0,0,,,,,,,,0,0,0,1,0,0,0,0,0,0,0,0,0,,,,,,,,0,0,0,0,0,0,0,0,0,0,0,0,0,,,,,,,,20260706
,,,87053243M,Nature T-shirt M,FRV,0,0,0,0,0,0,0,0,0,0,0,0,0,0,0,,,,,,,,0,0,0,1,0,0,0,0,0,0,0,0,0,,,,,,,,0,0,0,0,0,0,0,0,0,0,0,0,0,,,,,,,,20260706
,,,87053243S,Nature T-shirt M,FRV,0,0,0,0,0,0,0,0,0,0,0,0,0,0,0,,,,,,,,0,0,0,1,0,0,0,0,0,0,0,0,0,,,,,,,,0,0,0,0,0,0,0,0,0,0,0,0,0,,,,,,,,20260706
,,,87053243XS,Nature T-shirt M,FRV,0,0,0,0,0,0,0,0,0,0,0,0,0,0,0,,,,,,,,0,0,0,1,0,0,0,0,0,0,0,0,0,,,,,,,,0,0,0,0,0,0,0,0,0,0,0,0,0,,,,,,,,20260706
,,,87053543L,Nature T-shirt M,FRV,0,0,0,0,0,0,0,0,0,0,0,0,0,0,0,,,,,,,,0,0,0,1,0,0,0,0,0,0,0,0,0,,,,,,,,0,0,0,0,0,0,0,0,0,0,0,0,0,,,,,,,,20260706
,,,87053543M,Nature T-shirt M,FRV,0,0,0,0,0,0,0,0,0,0,0,0,0,0,0,,,,,,,,0,0,0,1,0,0,0,0,0,0,0,0,0,,,,,,,,0,0,0,0,0,0,0,0,0,0,0,0,0,,,,,,,,20260706
,,,87053543S,Nature T-shirt M,FRV,0,0,0,0,0,0,0,0,0,0,0,0,0,0,0,,,,,,,,0,0,0,1,0,0,0,0,0,0,0,0,0,,,,,,,,0,0,0,0,0,0,0,0,0,0,0,0,0,,,,,,,,20260706
,,,87053555S,Nature T-shirt M,FRV,0,0,0,0,0,0,0,0,0,0,0,0,0,0,0,,,,,,,,0,0,0,1,0,0,0,0,0,0,0,0,0,,,,,,,,0,0,0,0,0,0,0,0,0,0,0,0,0,,,,,,,,20260706
,,,87053620M,Nature T-shirt M,FRV,0,0,0,0,0,0,0,0,0,0,0,0,0,0,0,,,,,,,,0,0,0,1,0,0,0,0,0,0,0,0,0,,,,,,,,0,0,0,0,0,0,0,0,0,0,0,0,0,,,,,,,,20260706
,,,87053620S,Nature T-shirt M,FRV,0,0,0,0,0,0,0,0,0,0,0,0,0,0,0,,,,,,,,0,0,0,1,0,0,0,0,0,0,0,0,0,,,,,,,,0,0,0,0,0,0,0,0,0,0,0,0,0,,,,,,,,20260706
,,,87069555-555M,Ovik Lite Padded Shirt M,FRV,3,0,0,0,0,0,0,0,0,0,0,0,0,0,0,,,,,,,,0,0,0,0,0,0,0,0,0,0,0,0,0,,,,,,,,0,0,0,0,0,0,0,0,0,0,0,0,0,,,,,,,,20260706
,,,87069555-555S,Ovik Lite Padded Shirt M,FRV,1,0,0,0,0,0,0,0,0,0,0,0,0,0,0,,,,,,,,0,0,0,0,0,0,0,0,0,0,0,0,0,,,,,,,,0,0,0,0,0,0,0,0,0,0,0,0,0,,,,,,,,20260706
,,,87069662-625M,Ovik Lite Padded Shirt M,FRV,1,0,0,0,0,0,0,0,0,0,0,0,0,0,0,,,,,,,,0,0,0,0,0,0,0,0,0,0,0,0,0,,,,,,,,0,0,0,0,0,0,0,0,0,0,0,0,0,,,,,,,,20260706
,,,87069662-625S,Ovik Lite Padded Shirt M,FRV,1,0,0,0,0,0,0,0,0,0,0,0,0,0,0,,,,,,,,0,0,0,0,0,0,0,0,0,0,0,0,0,,,,,,,,0,0,0,0,0,0,0,0,0,0,0,0,0,,,,,,,,20260706
,,,87072113M,Ovik Roller Neck Sweater M,FRV,2,0,0,0,0,0,0,0,0,0,0,0,0,0,0,,,,,,,,0,0,0,0,0,0,0,0,0,0,0,0,0,,,,,,,,0,0,0,0,0,0,0,0,0,0,0,0,0,,,,,,,,20260706
,,,87072113S,Ovik Roller Neck Sweater M,FRV,1,0,0,0,0,0,0,0,0,0,0,0,0,0,0,,,,,,,,0,0,0,0,0,0,0,0,0,0,0,0,0,,,,,,,,0,0,0,0,0,0,0,0,0,0,0,0,0,,,,,,,,20260706
,,,87073113-232S,Vardag Pile Fleece Vest M,FRV,17,0,0,0,0,0,0,0,0,0,0,0,0,0,0,,,,,,,,0,0,0,0,0,0,0,0,0,0,0,0,0,,,,,,,,0,0,0,0,0,0,0,0,0,0,0,0,0,,,,,,,,20260706
,,,87073113-232XS,Vardag Pile Fleece Vest M,FRV,2,0,0,0,0,0,0,0,0,0,0,0,0,0,0,,,,,,,,0,0,0,0,0,0,0,0,0,0,0,0,0,,,,,,,,0,0,0,0,0,0,0,0,0,0,0,0,0,,,,,,,,20260706
,,,87073232-625S,Vardag Pile Fleece Vest M,FRV,15,0,0,0,0,0,0,0,0,0,0,0,0,0,0,,,,,,,,0,0,0,0,0,0,0,0,0,0,0,0,0,,,,,,,,0,0,0,0,0,0,0,0,0,0,0,0,0,,,,,,,,20260706
,,,87073232-625XS,Vardag Pile Fleece Vest M,FRV,13,0,0,0,0,0,0,0,0,0,0,0,0,0,0,,,,,,,,0,0,0,0,0,0,0,0,0,0,0,0,0,,,,,,,,0,0,0,0,0,0,0,0,0,0,0,0,0,,,,,,,,20260706
,,,87074662M,Expedition X-Latt Shirt M,FRV,3,0,0,0,0,0,0,0,0,0,0,0,0,0,0,,,,,,,,0,0,0,0,0,0,0,0,0,0,0,0,0,,,,,,,,0,0,0,0,0,0,0,0,0,0,0,0,0,,,,,,,,20260706
,,,87074662S,Expedition X-Latt Shirt M,FRV,4,0,0,0,0,0,0,0,0,0,0,0,0,0,0,,,,,,,,0,0,0,0,0,0,0,0,0,0,0,0,0,,,,,,,,0,0,0,0,0,0,0,0,0,0,0,0,0,,,,,,,,20260706
,,,87074662XS,Expedition X-Latt Shirt M,FRV,3,0,0,0,0,0,0,0,0,0,0,0,0,0,0,,,,,,,,0,0,0,0,0,0,0,0,0,0,0,0,0,,,,,,,,0,0,0,0,0,0,0,0,0,0,0,0,0,,,,,,,,20260706
,,,87076243L,Expedition X-Latt Vest M,FRV,0,0,0,0,0,0,0,0,0,0,0,0,0,0,0,,,,,,,,0,0,0,1,0,0,0,0,0,0,0,0,0,,,,,,,,0,0,0,0,0,0,0,0,0,0,0,0,0,,,,,,,,20260706
,,,87076243M,Expedition X-Latt Vest M,FRV,0,0,0,0,0,0,0,0,0,0,0,0,0,0,0,,,,,,,,0,0,0,1,0,0,0,0,0,0,0,0,0,,,,,,,,0,0,0,0,0,0,0,0,0,0,0,0,0,,,,,,,,20260706
,,,87076243S,Expedition X-Latt Vest M,FRV,0,0,0,0,0,0,0,0,0,0,0,0,0,0,0,,,,,,,,0,0,0,1,0,0,0,0,1,0,0,0,0,,,,,,,,0,0,0,0,0,0,0,0,0,0,0,0,0,,,,,,,,20260706
,,,87076243XS,Expedition X-Latt Vest M,FRV,0,0,0,0,0,0,0,0,0,0,0,0,0,0,0,,,,,,,,0,0,0,1,0,0,0,0,1,0,0,0,0,,,,,,,,0,0,0,0,0,0,0,0,0,0,0,0,0,,,,,,,,20260706
,,,87076550M,Expedition X-Latt Vest M,FRV,0,0,0,0,0,0,0,0,0,0,0,0,0,0,0,,,,,,,,0,0,0,1,0,0,0,0,1,0,0,0,0,,,,,,,,0,0,0,0,0,0,0,0,0,0,0,0,0,,,,,,,,20260706
,,,87076550S,Expedition X-Latt Vest M,FRV,0,0,0,0,0,0,0,0,0,0,0,0,0,0,0,,,,,,,,0,0,0,1,0,0,0,0,0,0,0,0,0,,,,,,,,0,0,0,0,0,0,0,0,0,0,0,0,0,,,,,,,,20260706
,,,87076550XS,Expedition X-Latt Vest M,FRV,0,0,0,0,0,0,0,0,0,0,0,0,0,0,0,,,,,,,,0,0,0,1,0,0,0,0,0,0,0,0,0,,,,,,,,0,0,0,0,0,0,0,0,0,0,0,0,0,,,,,,,,20260706
,,,87076662M,Expedition X-Latt Vest M,FRV,0,0,0,0,0,0,0,0,0,0,0,0,0,0,0,,,,,,,,0,0,0,1,0,0,0,0,0,0,0,0,0,,,,,,,,0,0,0,0,0,0,0,0,0,0,0,0,0,,,,,,,,20260706
,,,87081550X,Abisko Lite Neck Gaiter,FRV,1,0,0,0,0,0,0,0,0,0,0,0,0,0,0,,,,,,,,0,0,0,2,0,0,0,0,0,0,0,0,0,,,,,,,,0,0,0,0,0,0,0,0,0,0,0,0,0,,,,,,,,20260706
,,,87081622X,Abisko Lite Neck Gaiter,FRV,0,0,0,0,0,0,0,0,0,0,0,0,0,0,0,,,,,,,,0,0,0,1,0,0,0,0,0,0,0,0,0,,,,,,,,0,0,0,0,0,0,0,0,0,0,0,0,0,,,,,,,,20260706
,,,87082161X,1960 Logo Headband,FRV,0,0,0,0,0,0,0,0,0,0,0,0,0,0,0,,,,,,,,0,0,0,1,0,0,0,0,0,0,0,0,0,,,,,,,,0,0,0,0,0,0,0,0,0,0,0,0,0,,,,,,,,20260706
,,,87082334X,1960 Logo Headband,FRV,0,0,0,0,0,0,0,0,0,0,0,0,0,0,0,,,,,,,,0,0,0,1,0,0,0,0,0,0,0,0,0,,,,,,,,0,0,0,0,0,0,0,0,0,0,0,0,0,,,,,,,,20260706
,,,87082550X,1960 Logo Headband,FRV,0,0,0,0,0,0,0,0,0,0,0,0,0,0,0,,,,,,,,0,0,0,1,0,0,0,0,0,0,0,0,0,,,,,,,,0,0,0,0,0,0,0,0,0,0,0,0,0,,,,,,,,20260706
,,,87082555X,1960 Logo Headband,FRV,0,0,0,0,0,0,0,0,0,0,0,0,0,0,0,,,,,,,,0,0,0,1,0,0,0,0,0,0,0,0,0,,,,,,,,0,0,0,0,0,0,0,0,0,0,0,0,0,,,,,,,,20260706
,,,87098196S,High coast Shade Dress W,FRV,0,0,0,0,0,0,0,0,0,0,0,0,0,0,0,,,,,,,,0,0,0,1,0,0,0,0,0,0,0,1,0,,,,,,,,0,0,0,0,0,0,0,0,0,0,0,0,0,,,,,,,,20260706
,,,87098555M,High coast Shade Dress W,FRV,0,0,0,0,0,0,0,0,0,0,0,0,0,0,0,,,,,,,,0,0,0,1,0,0,0,0,0,0,0,0,0,,,,,,,,0,0,0,0,0,0,0,0,0,0,0,0,0,,,,,,,,20260706
,,,87098555S,High coast Shade Dress W,FRV,0,0,0,0,0,0,0,0,0,0,0,0,0,0,0,,,,,,,,0,0,0,1,0,0,0,0,0,0,0,0,0,,,,,,,,0,0,0,0,0,0,0,0,0,0,0,0,0,,,,,,,,20260706
,,,87098674L,High coast Shade Dress W,FRV,0,0,0,0,0,0,0,0,0,0,0,0,0,0,0,,,,,,,,0,0,0,1,0,0,0,0,0,0,0,0,0,,,,,,,,0,0,0,0,0,0,0,0,0,0,0,0,0,,,,,,,,20260706
,,,87098674M,High coast Shade Dress W,FRV,0,0,0,0,0,0,0,0,0,0,0,0,0,0,0,,,,,,,,0,0,0,1,0,0,0,0,0,0,0,0,0,,,,,,,,0,0,0,0,0,0,0,0,0,0,0,0,0,,,,,,,,20260706
,,,87098674S,High coast Shade Dress W,FRV,1,0,0,0,0,0,0,0,0,0,0,0,0,0,0,,,,,,,,0,0,0,1,0,0,0,0,0,0,0,1,0,,,,,,,,0,0,0,0,0,0,0,0,0,0,0,0,0,,,,,,,,20260706
,,,8710155034/S,Abisko Trail Stretch Trousers W,FRV,0,0,0,0,0,0,0,0,0,0,0,0,0,0,0,,,,,,,,0,0,0,0,0,0,0,0,0,0,0,1,0,,,,,,,,0,0,0,0,0,0,0,0,0,0,0,0,0,,,,,,,,20260706
,,,8710155036/S,Abisko Trail Stretch Trousers W,FRV,0,0,0,0,0,0,0,0,0,0,0,0,0,0,0,,,,,,,,0,1,0,1,0,0,0,0,0,0,0,0,0,,,,,,,,0,0,0,0,0,0,0,0,0,0,0,0,0,,,,,,,,20260706
,,,8710155038/S,Abisko Trail Stretch Trousers W,FRV,0,0,0,0,0,0,0,0,0,0,0,0,0,0,0,,,,,,,,0,0,0,1,0,0,0,0,0,0,0,0,0,,,,,,,,0,0,0,0,0,0,0,0,0,0,0,0,0,,,,,,,,20260706
,,,8710155040/S,Abisko Trail Stretch Trousers W,FRV,0,0,0,0,0,0,0,0,0,0,0,0,0,0,0,,,,,,,,0,1,0,1,1,0,1,0,1,1,0,1,0,,,,,,,,0,0,0,0,0,0,0,0,0,0,0,0,0,,,,,,,,20260706
,,,8710503036,Vardag Shorts W,FRV,0,0,0,0,0,0,0,0,0,0,0,0,0,0,0,,,,,,,,0,0,0,0,0,0,0,0,0,0,1,0,0,,,,,,,,0,0,0,0,0,0,0,0,0,0,0,0,0,,,,,,,,20260706
,,,8710503038,Vardag Shorts W,FRV,0,0,0,0,0,0,0,0,0,0,0,0,0,0,0,,,,,,,,0,0,0,1,1,0,0,0,1,0,1,0,0,,,,,,,,0,0,0,0,0,0,0,0,0,0,0,0,0,,,,,,,,20260706
,,,8710562036,Vardag Shorts W,FRV,0,0,0,0,0,0,0,0,0,0,0,0,0,0,0,,,,,,,,0,0,0,1,1,0,0,0,0,0,0,0,0,,,,,,,,0,0,0,0,0,0,0,0,0,0,0,0,0,,,,,,,,20260706
,,,8710562038,Vardag Shorts W,FRV,0,0,0,0,0,0,0,0,0,0,0,0,0,0,0,,,,,,,,0,0,0,1,1,0,0,0,1,0,0,0,0,,,,,,,,0,0,0,0,0,0,0,0,0,0,0,0,0,,,,,,,,20260706
,,,87122166XS,Greenland Winter Jacket M,FRV,1,0,0,0,0,0,0,0,0,0,0,0,0,0,0,,,,,,,,0,0,0,0,0,0,0,0,0,0,0,0,0,,,,,,,,0,0,0,0,0,0,0,0,0,0,0,0,0,,,,,,,,20260706
,,,87122550L,Greenland Winter Jacket M,FRV,2,0,0,0,0,0,0,0,0,0,0,0,0,0,0,,,,,,,,0,0,0,0,0,0,0,0,0,0,0,0,0,,,,,,,,0,0,0,0,0,0,0,0,0,0,0,0,0,,,,,,,,20260706
,,,87122550M,Greenland Winter Jacket M,FRV,1,0,0,0,0,0,0,0,0,0,0,0,0,0,0,,,,,,,,0,0,0,1,0,0,0,0,0,0,0,0,0,,,,,,,,0,0,0,0,0,0,0,0,0,0,0,0,0,,,,,,,,20260706
,,,87122550S,Greenland Winter Jacket M,FRV,3,0,0,0,0,0,0,0,0,0,0,0,0,0,0,,,,,,,,0,0,0,0,0,0,0,0,0,0,0,0,0,,,,,,,,0,0,0,0,0,0,0,0,0,0,0,0,0,,,,,,,,20260706
,,,87122550XS,Greenland Winter Jacket M,FRV,2,0,0,0,0,0,0,0,0,0,0,0,0,0,0,,,,,,,,0,0,0,1,0,1,0,0,0,0,0,0,0,,,,,,,,0,0,0,0,0,0,0,0,0,0,0,0,0,,,,,,,,20260706
,,,87122662L,Greenland Winter Jacket M,FRV,1,0,0,0,0,0,0,0,0,0,0,0,0,0,0,,,,,,,,0,0,0,0,0,1,0,0,0,0,0,0,0,,,,,,,,0,0,0,0,0,0,0,0,0,0,0,0,0,,,,,,,,20260706
,,,87122662M,Greenland Winter Jacket M,FRV,3,0,0,0,0,0,0,0,0,0,0,0,0,0,0,,,,,,,,0,0,0,1,0,0,0,0,0,0,0,0,0,,,,,,,,0,0,0,0,0,0,0,0,0,0,0,0,0,,,,,,,,20260706
,,,87122662S,Greenland Winter Jacket M,FRV,0,0,0,0,0,0,0,0,0,0,0,0,0,0,0,,,,,,,,0,0,0,0,0,1,0,0,0,0,0,0,0,,,,,,,,0,0,0,0,0,0,0,0,0,0,0,0,0,,,,,,,,20260706
,,,87122662XS,Greenland Winter Jacket M,FRV,2,0,0,0,0,0,0,0,0,0,0,0,0,0,0,,,,,,,,0,0,0,2,0,1,0,0,0,0,0,0,0,,,,,,,,0,0,0,0,0,0,0,0,0,0,0,0,0,,,,,,,,20260706
,,,87142302M,Abisko Lite Fleece Jacket W,FRV,0,0,0,0,0,0,0,0,0,0,0,0,0,0,0,,,,,,,,0,0,0,1,1,0,0,0,0,0,0,0,0,,,,,,,,0,0,0,0,0,0,0,0,0,0,0,0,0,,,,,,,,20260706
,,,87142550M,Abisko Lite Fleece Jacket W,FRV,1,0,0,0,0,0,0,0,0,0,0,0,0,0,0,,,,,,,,0,1,0,1,1,0,0,0,0,0,0,0,0,,,,,,,,0,0,0,0,0,0,0,0,0,0,0,0,0,,,,,,,,20260706
,,,87142550S,Abisko Lite Fleece Jacket W,FRV,4,0,0,0,0,0,0,0,0,0,0,0,0,0,0,,,,,,,,0,1,0,1,1,0,1,0,0,0,0,0,0,,,,,,,,0,0,0,0,0,0,0,0,0,0,0,0,0,,,,,,,,20260706
,,,87142550XS,Abisko Lite Fleece Jacket W,FRV,0,0,0,0,0,0,0,0,0,0,0,0,0,0,0,,,,,,,,0,1,0,1,0,0,0,0,0,0,0,0,0,,,,,,,,0,0,0,0,0,0,0,0,0,0,0,0,0,,,,,,,,20260706
,,,87142555S,Abisko Lite Fleece Jacket W,FRV,0,0,0,0,0,0,0,0,0,0,0,0,0,0,0,,,,,,,,0,0,0,1,0,0,0,0,0,0,0,0,0,,,,,,,,0,0,0,0,0,0,0,0,0,0,0,0,0,,,,,,,,20260706
,,,87142674M,Abisko Lite Fleece Jacket W,FRV,2,0,0,0,0,0,0,0,0,0,0,0,0,0,0,,,,,,,,0,1,0,1,1,0,1,0,0,0,0,0,0,,,,,,,,0,0,0,0,0,0,0,0,0,0,0,0,0,,,,,,,,20260706
,,,87142674S,Abisko Lite Fleece Jacket W,FRV,5,0,0,0,0,0,0,0,0,0,0,0,0,0,0,,,,,,,,0,1,0,1,1,0,1,0,0,0,0,0,0,,,,,,,,0,0,0,0,0,0,0,0,0,0,0,0,0,,,,,,,,20260706
,,,87142674XS,Abisko Lite Fleece Jacket W,FRV,0,0,0,0,0,0,0,0,0,0,0,0,0,0,0,,,,,,,,0,1,0,1,0,0,1,0,0,0,0,0,0,,,,,,,,0,0,0,0,0,0,0,0,0,0,0,0,0,,,,,,,,20260706
,,,87143550L,Abisko Trekking Tights HD W,FRV,0,0,0,0,0,0,0,0,0,0,0,0,0,0,0,,,,,,,,0,0,0,1,0,0,0,0,0,0,0,0,0,,,,,,,,0,0,0,0,0,0,0,0,0,0,0,0,0,,,,,,,,20260706
,,,87143550M,Abisko Trekking Tights HD W,FRV,0,0,0,0,0,0,0,0,0,0,0,0,0,0,0,,,,,,,,0,0,0,1,0,0,0,0,0,0,0,0,0,,,,,,,,0,0,0,0,0,0,0,0,0,0,0,0,0,,,,,,,,20260706
,,,87143550S,Abisko Trekking Tights HD W,FRV,0,0,0,0,0,0,0,0,0,0,0,0,0,0,0,,,,,,,,0,0,0,1,0,0,0,0,0,0,0,0,0,,,,,,,,0,0,0,0,0,0,0,0,0,0,0,0,0,,,,,,,,20260706
,,,87143550XS,Abisko Trekking Tights HD W,FRV,0,0,0,0,0,0,0,0,0,0,0,0,0,0,0,,,,,,,,0,0,0,1,0,0,0,0,0,0,0,0,0,,,,,,,,0,0,0,0,0,0,0,0,0,0,0,0,0,,,,,,,,20260706
,,,87146113M,Fjallraven Logo Tee W,FRV,0,2,0,0,0,0,0,0,0,0,0,0,0,0,0,,,,,,,,1,1,0,1,1,1,1,0,1,1,1,1,0,,,,,,,,0,0,0,0,0,0,0,0,0,0,0,0,0,,,,,,,,20260706
,,,87146113S,Fjallraven Logo Tee W,FRV,0,2,0,0,0,0,0,0,0,0,0,0,0,0,0,,,,,,,,1,1,0,1,1,1,1,1,0,1,1,1,0,,,,,,,,0,0,0,0,0,0,0,0,0,0,0,0,0,,,,,,,,20260706
,,,87146113XS,Fjallraven Logo Tee W,FRV,0,4,0,0,0,0,0,0,0,0,0,0,0,0,0,,,,,,,,1,1,0,1,1,1,1,1,1,1,1,1,0,,,,,,,,0,0,0,0,0,0,0,0,0,0,0,0,0,,,,,,,,20260706
,,,87146133M,Fjallraven Logo Tee W,FRV,0,0,0,0,0,0,0,0,0,0,0,0,0,0,0,,,,,,,,0,0,0,1,1,0,1,2,1,0,1,1,0,,,,,,,,0,0,0,0,0,0,0,0,0,0,0,0,0,,,,,,,,20260706
,,,87146133S,Fjallraven Logo Tee W,FRV,0,0,0,0,0,0,0,0,0,0,0,0,0,0,0,,,,,,,,0,1,0,0,2,0,1,0,0,1,0,0,0,,,,,,,,0,0,0,0,0,0,0,0,0,0,0,0,0,,,,,,,,20260706
,,,87146133XS,Fjallraven Logo Tee W,FRV,0,0,0,0,0,0,0,0,0,0,0,0,0,0,0,,,,,,,,0,0,0,1,0,0,0,0,0,0,0,0,0,,,,,,,,0,0,0,0,0,0,0,0,0,0,0,0,0,,,,,,,,20260706
,,,87146243S,Fjallraven Logo Tee W,FRV,0,0,0,0,0,0,0,0,0,0,0,0,0,0,0,,,,,,,,0,0,0,1,0,0,0,0,0,0,0,0,0,,,,,,,,0,0,0,0,0,0,0,0,0,0,0,0,0,,,,,,,,20260706
,,,87146357M,Fjallraven Logo Tee W,FRV,0,1,0,0,0,0,0,0,0,0,0,0,0,0,0,,,,,,,,0,1,0,1,1,1,1,1,1,1,1,1,0,,,,,,,,0,0,0,0,0,0,0,0,0,0,0,0,0,,,,,,,,20260706
,,,87146357S,Fjallraven Logo Tee W,FRV,0,0,0,0,0,0,0,0,0,0,0,0,0,0,0,,,,,,,,0,1,0,1,1,0,1,1,1,1,1,1,0,,,,,,,,0,0,0,0,0,0,0,0,0,0,0,0,0,,,,,,,,20260706
,,,87146357XS,Fjallraven Logo Tee W,FRV,0,0,0,0,0,0,0,0,0,0,0,0,0,0,0,,,,,,,,0,1,0,1,1,1,1,1,1,1,1,1,0,,,,,,,,0,0,0,0,0,0,0,0,0,0,0,0,0,,,,,,,,20260706
,,,87146514M,Fjallraven Logo Tee W,FRV,0,0,0,0,0,0,0,0,0,0,0,0,0,0,0,,,,,,,,0,0,0,1,0,0,1,1,0,1,1,1,0,,,,,,,,0,0,0,0,0,0,0,0,0,0,0,0,0,,,,,,,,20260706
,,,87146514S,Fjallraven Logo Tee W,FRV,0,0,0,0,0,0,0,0,0,0,0,0,0,0,0,,,,,,,,0,1,0,1,0,1,1,0,0,1,0,1,0,,,,,,,,0,0,0,0,0,0,0,0,0,0,0,0,0,,,,,,,,20260706
,,,87146514XS,Fjallraven Logo Tee W,FRV,0,0,0,0,0,0,0,0,0,0,0,0,0,0,0,,,,,,,,0,1,0,1,1,1,1,1,0,1,1,1,0,,,,,,,,0,0,0,0,0,0,0,0,0,0,0,0,0,,,,,,,,20260706
,,,87146543M,Fjallraven Logo Tee W,FRV,0,0,0,0,0,0,0,0,0,0,0,0,0,0,0,,,,,,,,0,0,0,1,0,0,0,0,0,0,0,0,0,,,,,,,,0,0,0,0,0,0,0,0,0,0,0,0,0,,,,,,,,20260706
,,,87146543XS,Fjallraven Logo Tee W,FRV,0,0,0,0,0,0,0,0,0,0,0,0,0,0,0,,,,,,,,0,0,0,1,0,0,0,0,0,0,0,0,0,,,,,,,,0,0,0,0,0,0,0,0,0,0,0,0,0,,,,,,,,20260706
,,,87146620M,Fjallraven Logo Tee W,FRV,0,0,0,0,0,0,0,0,0,0,0,0,0,0,0,,,,,,,,0,0,0,1,0,1,0,0,0,0,1,0,0,,,,,,,,0,0,0,0,0,0,0,0,0,0,0,0,0,,,,,,,,20260706
,,,87146620S,Fjallraven Logo Tee W,FRV,0,0,0,0,0,0,0,0,0,0,0,0,0,0,0,,,,,,,,0,1,0,1,0,0,0,0,0,0,1,0,0,,,,,,,,0,0,0,0,0,0,0,0,0,0,0,0,0,,,,,,,,20260706
,,,87146620XS,Fjallraven Logo Tee W,FRV,0,0,0,0,0,0,0,0,0,0,0,0,0,0,0,,,,,,,,0,0,0,1,0,0,0,0,0,0,1,0,0,,,,,,,,0,0,0,0,0,0,0,0,0,0,0,0,0,,,,,,,,20260706
,,,87148620X,Swedish Classic Map Scarf,FRV,0,0,0,0,0,0,0,0,0,0,0,0,0,0,0,,,,,,,,0,1,0,1,0,0,0,0,0,1,2,0,0,,,,,,,,0,0,0,0,0,0,0,0,0,0,0,0,0,,,,,,,,20260706
,,,87149965X,Kanken Art Bandana,FRV,2,0,0,0,0,0,0,0,0,0,0,0,0,0,0,,,,,,,,0,0,0,0,0,0,0,0,0,0,0,0,0,,,,,,,,0,0,0,0,0,0,0,0,0,0,0,0,0,,,,,,,,20260706
,,,87153020-999L,Fox Boxy Logo Tee W,FRV,0,0,0,0,0,0,0,0,0,0,0,0,0,0,0,,,,,,,,0,0,0,1,0,0,0,0,0,0,0,0,0,,,,,,,,0,0,0,0,0,0,0,0,0,0,0,0,0,,,,,,,,20260706
,,,87153020-999M,Fox Boxy Logo Tee W,FRV,0,0,0,0,0,0,0,0,0,0,0,0,0,0,0,,,,,,,,0,0,0,1,0,0,0,0,0,0,0,0,1,,,,,,,,0,0,0,0,0,0,0,0,0,0,0,0,0,,,,,,,,20260706
,,,87153113L,Fox Boxy Logo Tee W,FRV,0,0,0,0,0,0,0,0,0,0,0,0,0,0,0,,,,,,,,0,1,0,1,0,0,1,1,0,1,0,1,0,,,,,,,,0,0,0,0,0,0,0,0,0,0,0,0,0,,,,,,,,20260706
,,,87153113M,Fox Boxy Logo Tee W,FRV,0,0,0,0,0,0,0,0,0,0,0,0,0,0,0,,,,,,,,0,1,0,1,1,1,1,1,1,1,1,1,1,,,,,,,,0,0,0,0,0,0,0,0,0,0,0,0,0,,,,,,,,20260706
,,,87153113S,Fox Boxy Logo Tee W,FRV,1,2,0,0,0,0,0,0,0,0,0,0,0,0,0,,,,,,,,0,1,0,1,1,0,1,1,1,1,2,1,1,,,,,,,,0,0,0,0,0,0,0,0,0,0,0,0,0,,,,,,,,20260706
,,,87153113XL,Fox Boxy Logo Tee W,FRV,0,0,0,0,0,0,0,0,0,0,0,0,0,0,0,,,,,,,,0,0,0,0,0,0,0,0,0,0,1,0,0,,,,,,,,0,0,0,0,0,0,0,0,0,0,0,0,0,,,,,,,,20260706
,,,87153113XS,Fox Boxy Logo Tee W,FRV,0,3,0,0,0,0,0,0,0,0,0,0,0,0,0,,,,,,,,0,1,0,1,1,1,0,1,1,1,1,1,1,,,,,,,,0,0,0,0,0,0,0,0,0,0,0,0,0,,,,,,,,20260706
,,,87153196L,Fox Boxy Logo Tee W,FRV,0,0,0,0,0,0,0,0,0,0,0,0,0,0,0,,,,,,,,0,0,0,1,0,0,0,0,0,0,0,0,0,,,,,,,,0,0,0,0,0,0,0,0,0,0,0,0,0,,,,,,,,20260706
,,,87153300M,Fox Boxy Logo Tee W,FRV,0,1,0,0,0,0,0,0,0,0,0,0,0,0,0,,,,,,,,0,1,0,1,2,1,0,1,1,1,1,2,1,,,,,,,,0,0,0,0,0,0,0,0,0,0,0,0,0,,,,,,,,20260706
,,,87153300S,Fox Boxy Logo Tee W,FRV,1,6,0,0,0,0,0,0,0,0,0,0,0,0,0,,,,,,,,0,1,0,1,2,1,0,0,0,1,1,2,1,,,,,,,,0,0,0,0,0,0,0,0,0,0,0,0,0,,,,,,,,20260706
,,,87153300XS,Fox Boxy Logo Tee W,FRV,0,2,0,0,0,0,0,0,0,0,0,0,0,0,0,,,,,,,,0,0,0,1,1,1,0,1,0,1,1,1,1,,,,,,,,0,0,0,0,0,0,0,0,0,0,0,0,0,,,,,,,,20260706
,,,87153452M,Fox Boxy Logo Tee W,FRV,0,0,0,0,0,0,0,0,0,0,0,0,0,0,0,,,,,,,,0,0,0,0,1,1,0,1,0,1,1,1,0,,,,,,,,0,0,0,0,0,0,0,0,0,0,0,0,0,,,,,,,,20260706
,,,87153452S,Fox Boxy Logo Tee W,FRV,0,0,0,0,0,0,0,0,0,0,0,0,0,0,0,,,,,,,,0,1,0,1,1,1,1,1,1,1,1,0,0,,,,,,,,0,0,0,0,0,0,0,0,0,0,0,0,0,,,,,,,,20260706
,,,87153452XS,Fox Boxy Logo Tee W,FRV,0,0,0,0,0,0,0,0,0,0,0,0,0,0,0,,,,,,,,0,1,0,1,0,1,1,1,0,1,0,0,0,,,,,,,,0,0,0,0,0,0,0,0,0,0,0,0,0,,,,,,,,20260706
,,,87153543L,Fox Boxy Logo Tee W,FRV,0,0,0,0,0,0,0,0,0,0,0,0,0,0,0,,,,,,,,0,0,0,0,1,0,0,0,0,0,0,0,0,,,,,,,,0,0,0,0,0,0,0,0,0,0,0,0,0,,,,,,,,20260706
,,,87153543M,Fox Boxy Logo Tee W,FRV,0,0,0,0,0,0,0,0,0,0,0,0,0,0,0,,,,,,,,0,0,0,1,1,1,0,0,0,0,0,0,0,,,,,,,,0,0,0,0,0,0,0,0,0,0,0,0,0,,,,,,,,20260706
,,,87153543S,Fox Boxy Logo Tee W,FRV,0,0,0,0,0,0,0,0,0,0,0,0,0,0,0,,,,,,,,0,0,0,0,1,1,0,0,0,0,0,0,0,,,,,,,,0,0,0,0,0,0,0,0,0,0,0,0,0,,,,,,,,20260706
,,,87153620L,Fox Boxy Logo Tee W,FRV,0,0,0,0,0,0,0,0,0,0,0,0,0,0,0,,,,,,,,0,0,0,1,0,0,0,0,0,0,0,0,0,,,,,,,,0,0,0,0,0,0,0,0,0,0,0,0,0,,,,,,,,20260706
,,,87153620M,Fox Boxy Logo Tee W,FRV,0,0,0,0,0,0,0,0,0,0,0,0,0,0,0,,,,,,,,0,1,0,1,1,0,0,0,0,1,0,1,0,,,,,,,,0,0,0,0,0,0,0,0,0,0,0,0,0,,,,,,,,20260706
,,,87153620S,Fox Boxy Logo Tee W,FRV,0,0,0,0,0,0,0,0,0,0,0,0,0,0,0,,,,,,,,0,0,0,1,2,1,1,1,0,1,1,1,0,,,,,,,,0,0,0,0,0,0,0,0,0,0,0,0,0,,,,,,,,20260706
,,,87153620XL,Fox Boxy Logo Tee W,FRV,0,0,0,0,0,0,0,0,0,0,0,0,0,0,0,,,,,,,,0,0,0,1,1,1,0,0,0,0,1,0,0,,,,,,,,0,0,0,0,0,0,0,0,0,0,0,0,0,,,,,,,,20260706
,,,87153620XS,Fox Boxy Logo Tee W,FRV,0,0,0,0,0,0,0,0,0,0,0,0,0,0,0,,,,,,,,0,0,0,1,0,2,0,1,0,1,1,1,0,,,,,,,,0,0,0,0,0,0,0,0,0,0,0,0,0,,,,,,,,20260706
,,,87153674L,Fox Boxy Logo Tee W,FRV,0,0,0,0,0,0,0,0,0,0,0,0,0,0,0,,,,,,,,0,0,0,1,1,0,0,0,0,0,0,0,0,,,,,,,,0,0,0,0,0,0,0,0,0,0,0,0,0,,,,,,,,20260706
,,,87153674M,Fox Boxy Logo Tee W,FRV,0,0,0,0,0,0,0,0,0,0,0,0,0,0,0,,,,,,,,0,0,0,1,1,0,0,0,0,0,1,0,0,,,,,,,,0,0,0,0,0,0,0,0,0,0,0,0,0,,,,,,,,20260706
,,,87153674S,Fox Boxy Logo Tee W,FRV,0,0,0,0,0,0,0,0,0,0,0,0,0,0,0,,,,,,,,0,0,0,1,1,1,0,0,0,0,1,0,1,,,,,,,,0,0,0,0,0,0,0,0,0,0,0,0,0,,,,,,,,20260706
,,,87153674XS,Fox Boxy Logo Tee W,FRV,0,0,0,0,0,0,0,0,0,0,0,0,0,0,0,,,,,,,,0,0,0,1,1,0,0,0,0,0,0,0,0,,,,,,,,0,0,0,0,0,0,0,0,0,0,0,0,0,,,,,,,,20260706
,,,87163020-999L,1960 Logo Badge Sweater M,FRV,0,0,0,0,0,0,0,0,0,0,0,0,0,0,0,,,,,,,,0,0,0,1,0,0,0,0,0,0,0,0,0,,,,,,,,0,0,0,0,0,0,0,0,0,0,0,0,0,,,,,,,,20260706
,,,87163020-999S,1960 Logo Badge Sweater M,FRV,0,0,0,0,0,0,0,0,0,0,0,0,0,0,0,,,,,,,,0,0,0,1,0,0,0,0,0,0,0,0,0,,,,,,,,0,0,0,0,0,0,0,0,0,0,0,0,0,,,,,,,,20260706
,,,87163020-999XS,1960 Logo Badge Sweater M,FRV,0,0,0,0,0,0,0,0,0,0,0,0,0,0,0,,,,,,,,0,0,0,1,0,0,0,0,0,0,0,0,0,,,,,,,,0,0,0,0,0,0,0,0,0,0,0,0,0,,,,,,,,20260706
,,,87168550S/M,Expedition Latt Cap,FRV,0,0,0,0,0,0,0,0,0,0,0,0,0,0,0,,,,,,,,0,0,0,1,0,0,0,0,0,0,0,0,0,,,,,,,,0,0,0,0,0,0,0,0,0,0,0,0,0,,,,,,,,20260706
,,,87168620L/XL,Expedition Latt Cap,FRV,1,0,0,0,0,0,0,0,0,0,0,0,0,0,0,,,,,,,,0,0,0,0,0,0,0,0,0,0,0,0,0,,,,,,,,0,0,0,0,0,0,0,0,0,0,0,0,0,,,,,,,,20260706
,,,87168620S/M,Expedition Latt Cap,FRV,2,0,0,0,0,0,0,0,0,0,0,0,0,0,0,,,,,,,,0,0,0,1,0,0,0,0,1,0,0,0,0,,,,,,,,0,0,0,0,0,0,0,0,0,0,0,0,0,,,,,,,,20260706
,,,87175232M,Singi Padded Vest W,FRV,2,0,0,0,0,0,0,0,0,0,0,0,0,0,0,,,,,,,,0,0,0,1,0,0,0,0,0,0,0,0,0,,,,,,,,0,0,0,0,0,0,0,0,0,0,0,0,0,,,,,,,,20260706
,,,87175232S,Singi Padded Vest W,FRV,8,0,0,0,0,0,0,0,0,0,0,0,0,0,0,,,,,,,,0,0,0,1,0,1,1,0,0,0,0,0,0,,,,,,,,0,0,0,0,0,0,0,0,0,0,0,0,0,,,,,,,,20260706
,,,87175232XS,Singi Padded Vest W,FRV,2,0,0,0,0,0,0,0,0,0,0,0,0,0,0,,,,,,,,0,0,0,1,0,0,0,1,0,0,0,0,0,,,,,,,,0,0,0,0,0,0,0,0,0,0,0,0,0,,,,,,,,20260706
,,,87175550M,Singi Padded Vest W,FRV,1,0,0,0,0,0,0,0,0,0,0,0,0,0,0,,,,,,,,0,0,0,1,0,1,0,0,0,0,0,0,0,,,,,,,,0,0,0,0,0,0,0,0,0,0,0,0,0,,,,,,,,20260706
,,,87175550S,Singi Padded Vest W,FRV,4,0,0,0,0,0,0,0,0,0,0,0,0,0,0,,,,,,,,0,0,0,1,0,1,1,0,0,0,0,0,0,,,,,,,,0,0,0,0,0,0,0,0,0,0,0,0,0,,,,,,,,20260706
,,,87175550XS,Singi Padded Vest W,FRV,4,0,0,0,0,0,0,0,0,0,0,0,0,0,0,,,,,,,,0,0,0,1,0,0,1,0,0,0,0,0,0,,,,,,,,0,0,0,0,0,0,0,0,0,0,0,0,0,,,,,,,,20260706
,,,87175625S,Singi Padded Vest W,FRV,3,0,0,0,0,0,0,0,0,0,0,0,0,0,0,,,,,,,,0,0,0,0,0,0,0,0,0,0,0,0,0,,,,,,,,0,0,0,0,0,0,0,0,0,0,0,0,0,,,,,,,,20260706
,,,87175625XS,Singi Padded Vest W,FRV,3,0,0,0,0,0,0,0,0,0,0,0,0,0,0,,,,,,,,0,0,0,1,0,1,1,0,0,0,0,0,0,,,,,,,,0,0,0,0,0,0,0,0,0,0,0,0,0,,,,,,,,20260706
,,,87176248-23044/R,Keb Trousers M,FRV,0,0,0,0,0,0,0,0,0,0,0,0,0,0,0,,,,,,,,0,0,0,1,1,1,0,0,0,0,0,1,0,,,,,,,,0,0,0,0,0,0,0,0,0,0,0,0,0,,,,,,,,20260706
,,,87176248-23046/R,Keb Trousers M,FRV,0,0,0,0,0,0,0,0,0,0,0,0,0,0,0,,,,,,,,0,0,0,1,0,0,0,0,0,0,0,0,0,,,,,,,,0,0,0,0,0,0,0,0,0,0,0,0,0,,,,,,,,20260706
,,,8717655044/R,Keb Trousers M,FRV,0,0,0,0,0,0,0,0,0,0,0,0,0,0,0,,,,,,,,0,0,0,1,1,0,0,0,0,1,1,0,0,,,,,,,,0,0,0,0,0,0,0,0,0,0,0,0,0,,,,,,,,20260706
,,,8717655046/R,Keb Trousers M,FRV,0,0,0,0,0,0,0,0,0,0,0,0,0,0,0,,,,,,,,0,0,0,0,1,1,1,0,0,1,0,0,0,,,,,,,,0,0,0,0,0,0,0,0,0,0,0,0,0,,,,,,,,20260706
,,,8717655048/R,Keb Trousers M,FRV,0,0,0,0,0,0,0,0,0,0,0,0,0,0,0,,,,,,,,0,2,0,0,0,0,2,0,0,1,0,0,0,,,,,,,,0,0,0,0,0,0,0,0,0,0,0,0,0,,,,,,,,20260706
,,,87176662-62544/R,Keb Trousers M,FRV,0,0,0,0,0,0,0,0,0,0,0,0,0,0,0,,,,,,,,0,1,0,1,1,0,0,0,0,1,1,0,0,,,,,,,,0,0,0,0,0,0,0,0,0,0,0,0,0,,,,,,,,20260706
,,,87176662-62546/R,Keb Trousers M,FRV,1,5,0,0,0,0,0,0,0,0,0,0,0,0,0,,,,,,,,0,2,0,2,1,1,1,0,0,1,1,2,0,,,,,,,,0,0,0,0,0,0,0,0,0,0,0,0,0,,,,,,,,20260706
,,,87176662-62546/S,Keb Trousers M,FRV,0,0,0,0,0,0,0,0,0,0,0,0,0,0,0,,,,,,,,0,0,0,0,0,1,0,0,0,0,0,0,0,,,,,,,,0,0,0,0,0,0,0,0,0,0,0,0,0,,,,,,,,20260706
,,,87176662-62548/R,Keb Trousers M,FRV,0,0,0,0,0,0,0,0,0,0,0,0,0,0,0,,,,,,,,0,0,0,1,0,0,1,0,0,1,1,1,0,,,,,,,,0,0,0,0,0,0,0,0,0,0,0,0,0,,,,,,,,20260706
,,,87176662-62550/R,Keb Trousers M,FRV,0,0,0,0,0,0,0,0,0,0,0,0,0,0,0,,,,,,,,0,0,0,1,0,0,0,0,0,1,0,0,0,,,,,,,,0,0,0,0,0,0,0,0,0,0,0,0,0,,,,,,,,20260706
,,,87176662-62550/S,Keb Trousers M,FRV,0,0,0,0,0,0,0,0,0,0,0,0,0,0,0,,,,,,,,0,0,0,1,0,0,0,0,0,0,0,0,0,,,,,,,,0,0,0,0,0,0,0,0,0,0,0,0,0,,,,,,,,20260706
,,,8717755044/R,Vidda Pro Trousers M,FRV,0,0,0,0,0,0,0,0,0,0,0,0,0,0,0,,,,,,,,0,1,0,0,1,0,0,0,0,0,0,0,0,,,,,,,,0,0,0,0,0,0,0,0,0,0,0,0,0,,,,,,,,20260706
,,,8717755046/R,Vidda Pro Trousers M,FRV,0,0,0,0,0,0,0,0,0,0,0,0,0,0,0,,,,,,,,0,2,0,0,0,2,0,0,0,0,0,2,0,,,,,,,,0,0,0,0,0,0,0,0,0,0,0,0,0,,,,,,,,20260706
,,,8717755048/R,Vidda Pro Trousers M,FRV,0,0,0,0,0,0,0,0,0,0,0,0,0,0,0,,,,,,,,0,0,0,0,0,1,1,1,0,1,0,1,0,,,,,,,,0,0,0,0,0,0,0,0,0,0,0,0,0,,,,,,,,20260706
,,,8717755050/R,Vidda Pro Trousers M,FRV,0,0,0,0,0,0,0,0,0,0,0,0,0,0,0,,,,,,,,0,0,0,0,0,0,0,1,0,0,0,1,0,,,,,,,,0,0,0,0,0,0,0,0,0,0,0,0,0,,,,,,,,20260706
,,,87178030-55044/R,Vidda Pro Ventilated Trs M,FRV,0,0,0,0,0,0,0,0,0,0,0,0,0,0,0,,,,,,,,0,0,0,1,0,0,0,0,0,0,0,0,0,,,,,,,,0,0,0,0,0,0,0,0,0,0,0,0,0,,,,,,,,20260706
,,,87178030-55048/R,Vidda Pro Ventilated Trs M,FRV,0,0,0,0,0,0,0,0,0,0,0,0,0,0,0,,,,,,,,0,0,0,0,0,0,0,1,0,0,0,0,0,,,,,,,,0,0,0,0,0,0,0,0,0,0,0,0,0,,,,,,,,20260706
,,,8717823244/R,Vidda Pro Ventilated Trs M,FRV,0,0,0,0,0,0,0,0,0,0,0,0,0,0,0,,,,,,,,0,0,0,0,1,0,0,0,0,0,0,0,0,,,,,,,,0,0,0,0,0,0,0,0,0,0,0,0,0,,,,,,,,20260706
,,,8717823246/R,Vidda Pro Ventilated Trs M,FRV,0,0,0,0,0,0,0,0,0,0,0,0,0,0,0,,,,,,,,0,0,0,0,0,1,0,0,0,0,0,0,0,,,,,,,,0,0,0,0,0,0,0,0,0,0,0,0,0,,,,,,,,20260706
,,,8717823248/R,Vidda Pro Ventilated Trs M,FRV,0,0,0,0,0,0,0,0,0,0,0,0,0,0,0,,,,,,,,0,0,0,1,0,0,0,0,0,0,0,0,0,,,,,,,,0,0,0,0,0,0,0,0,0,0,0,0,0,,,,,,,,20260706
,,,8717823250/R,Vidda Pro Ventilated Trs M,FRV,0,0,0,0,0,0,0,0,0,0,0,0,0,0,0,,,,,,,,0,0,0,0,0,1,0,0,0,0,0,0,0,,,,,,,,0,0,0,0,0,0,0,0,0,0,0,0,0,,,,,,,,20260706
,,,87178244-63346/S,Vidda Pro Ventilated Trs M,FRV,0,0,0,0,0,0,0,0,0,0,0,0,0,0,0,,,,,,,,0,0,0,0,0,0,1,0,0,0,0,0,0,,,,,,,,0,0,0,0,0,0,0,0,0,0,0,0,0,,,,,,,,20260706
,,,8717855044/R,Vidda Pro Ventilated Trs M,FRV,0,2,0,0,0,0,0,0,0,0,0,0,0,0,0,,,,,,,,0,1,0,1,1,1,1,0,0,0,0,1,0,,,,,,,,0,0,0,0,0,0,0,0,0,0,0,0,0,,,,,,,,20260706
,,,8717855046/R,Vidda Pro Ventilated Trs M,FRV,0,0,0,0,0,0,0,0,0,0,0,0,0,0,0,,,,,,,,0,1,0,1,2,1,1,0,0,0,0,1,0,,,,,,,,0,0,0,0,0,0,0,0,0,0,0,0,0,,,,,,,,20260706
,,,8717855048/R,Vidda Pro Ventilated Trs M,FRV,0,0,0,0,0,0,0,0,0,0,0,0,0,0,0,,,,,,,,0,1,0,0,1,0,1,0,0,0,0,1,0,,,,,,,,0,0,0,0,0,0,0,0,0,0,0,0,0,,,,,,,,20260706
,,,8717855050/R,Vidda Pro Ventilated Trs M,FRV,0,0,0,0,0,0,0,0,0,0,0,0,0,0,0,,,,,,,,0,1,0,0,1,0,0,0,0,0,0,1,0,,,,,,,,0,0,0,0,0,0,0,0,0,0,0,0,0,,,,,,,,20260706
,,,8717855052/R,Vidda Pro Ventilated Trs M,FRV,0,0,0,0,0,0,0,0,0,0,0,0,0,0,0,,,,,,,,0,0,0,1,0,0,0,0,0,0,0,0,0,,,,,,,,0,0,0,0,0,0,0,0,0,0,0,0,0,,,,,,,,20260706
,,,87178625-66244/R,Vidda Pro Ventilated Trs M,FRV,0,0,0,0,0,0,0,0,0,0,0,0,0,0,0,,,,,,,,0,0,0,1,1,0,0,0,0,0,0,1,0,,,,,,,,0,0,0,0,0,0,0,0,0,0,0,0,0,,,,,,,,20260706
,,,87178625-66246/R,Vidda Pro Ventilated Trs M,FRV,0,4,0,0,0,0,0,0,0,0,0,0,0,0,0,,,,,,,,0,1,0,1,1,1,1,1,0,1,1,1,0,,,,,,,,0,0,0,0,0,0,0,0,0,0,0,0,0,,,,,,,,20260706
,,,87178625-66248/R,Vidda Pro Ventilated Trs M,FRV,0,4,0,0,0,0,0,0,0,0,0,0,0,0,0,,,,,,,,0,0,0,1,1,1,1,1,0,1,1,1,0,,,,,,,,0,0,0,0,0,0,0,0,0,0,0,0,0,,,,,,,,20260706
,,,87178625-66250/R,Vidda Pro Ventilated Trs M,FRV,0,0,0,0,0,0,0,0,0,0,0,0,0,0,0,,,,,,,,0,1,0,1,1,1,1,0,0,1,0,1,0,,,,,,,,0,0,0,0,0,0,0,0,0,0,0,0,0,,,,,,,,20260706
,,,8717863344/R,Vidda Pro Ventilated Trs M,FRV,0,0,0,0,0,0,0,0,0,0,0,0,0,0,0,,,,,,,,0,0,0,0,1,0,1,0,0,0,0,0,0,,,,,,,,0,0,0,0,0,0,0,0,0,0,0,0,0,,,,,,,,20260706
,,,8717863346/R,Vidda Pro Ventilated Trs M,FRV,0,0,0,0,0,0,0,0,0,0,0,0,0,0,0,,,,,,,,0,0,0,0,0,1,1,0,0,1,0,0,0,,,,,,,,0,0,0,0,0,0,0,0,0,0,0,0,0,,,,,,,,20260706
,,,8717863348/R,Vidda Pro Ventilated Trs M,FRV,0,0,0,0,0,0,0,0,0,0,0,0,0,0,0,,,,,,,,0,1,0,0,0,1,0,1,0,1,0,0,0,,,,,,,,0,0,0,0,0,0,0,0,0,0,0,0,0,,,,,,,,20260706
,,,8717863350/R,Vidda Pro Ventilated Trs M,FRV,0,0,0,0,0,0,0,0,0,0,0,0,0,0,0,,,,,,,,0,1,0,0,0,0,1,0,0,1,0,0,0,,,,,,,,0,0,0,0,0,0,0,0,0,0,0,0,0,,,,,,,,20260706
,,,8717903044,Barents Pro Trousers M,FRV,0,0,0,0,0,0,0,0,0,0,0,0,0,0,0,,,,,,,,0,1,0,0,1,0,1,0,0,0,1,0,0,,,,,,,,0,0,0,0,0,0,0,0,0,0,0,0,0,,,,,,,,20260706
,,,8717955044,Barents Pro Trousers M,FRV,0,2,0,0,0,0,0,0,0,0,0,0,0,0,0,,,,,,,,0,1,0,1,1,1,0,0,0,0,1,1,0,,,,,,,,0,0,0,0,0,0,0,0,0,0,0,0,0,,,,,,,,20260706
,,,8717955046,Barents Pro Trousers M,FRV,0,0,0,0,0,0,0,0,0,0,0,0,0,0,0,,,,,,,,0,0,0,0,0,1,1,0,0,0,0,1,0,,,,,,,,0,0,0,0,0,0,0,0,0,0,0,0,0,,,,,,,,20260706
,,,8717955048,Barents Pro Trousers M,FRV,0,0,0,0,0,0,0,0,0,0,0,0,0,0,0,,,,,,,,0,0,0,0,1,0,1,0,0,0,0,1,0,,,,,,,,0,0,0,0,0,0,0,0,0,0,0,0,0,,,,,,,,20260706
,,,8717955050,Barents Pro Trousers M,FRV,0,0,0,0,0,0,0,0,0,0,0,0,0,0,0,,,,,,,,0,0,0,0,0,0,1,0,0,0,0,1,0,,,,,,,,0,0,0,0,0,0,0,0,0,0,0,0,0,,,,,,,,20260706
,,,8717955052,Barents Pro Trousers M,FRV,0,0,0,0,0,0,0,0,0,0,0,0,0,0,0,,,,,,,,0,1,0,0,1,1,1,0,0,0,1,1,0,,,,,,,,0,0,0,0,0,0,0,0,0,0,0,0,0,,,,,,,,20260706
,,,87179620-03044,Barents Pro Trousers M,FRV,0,0,0,0,0,0,0,0,0,0,0,0,0,0,0,,,,,,,,0,1,0,1,1,1,1,0,0,0,0,1,0,,,,,,,,0,0,0,0,0,0,0,0,0,0,0,0,0,,,,,,,,20260706
,,,87179620-03046,Barents Pro Trousers M,FRV,0,0,0,0,0,0,0,0,0,0,0,0,0,0,0,,,,,,,,0,0,0,1,0,1,0,0,0,0,0,1,0,,,,,,,,0,0,0,0,0,0,0,0,0,0,0,0,0,,,,,,,,20260706
,,,87179620-03048,Barents Pro Trousers M,FRV,0,0,0,0,0,0,0,0,0,0,0,0,0,0,0,,,,,,,,0,1,0,1,1,1,1,0,0,0,0,1,0,,,,,,,,0,0,0,0,0,0,0,0,0,0,0,0,0,,,,,,,,20260706
,,,87179620-03050,Barents Pro Trousers M,FRV,0,0,0,0,0,0,0,0,0,0,0,0,0,0,0,,,,,,,,0,0,0,0,0,0,0,0,0,0,0,1,0,,,,,,,,0,0,0,0,0,0,0,0,0,0,0,0,0,,,,,,,,20260706
,,,8717963344,Barents Pro Trousers M,FRV,0,0,0,0,0,0,0,0,0,0,0,0,0,0,0,,,,,,,,0,1,0,1,1,1,0,1,0,1,2,1,0,,,,,,,,0,0,0,0,0,0,0,0,0,0,0,0,0,,,,,,,,20260706
,,,8717963346,Barents Pro Trousers M,FRV,0,3,0,0,0,0,0,0,0,0,0,0,0,0,0,,,,,,,,0,1,0,2,2,2,1,1,0,1,1,1,0,,,,,,,,0,0,0,0,0,0,0,0,0,0,0,0,0,,,,,,,,20260706
,,,8717963348,Barents Pro Trousers M,FRV,0,0,0,0,0,0,0,0,0,0,0,0,0,0,0,,,,,,,,0,0,0,0,0,1,1,1,0,1,1,1,0,,,,,,,,0,0,0,0,0,0,0,0,0,0,0,0,0,,,,,,,,20260706
,,,8717963350,Barents Pro Trousers M,FRV,0,0,0,0,0,0,0,0,0,0,0,0,0,0,0,,,,,,,,0,0,0,0,1,1,0,0,0,0,0,0,0,,,,,,,,0,0,0,0,0,0,0,0,0,0,0,0,0,,,,,,,,20260706
,,,8717963352,Barents Pro Trousers M,FRV,0,0,0,0,0,0,0,0,0,0,0,0,0,0,0,,,,,,,,0,1,0,1,0,1,1,0,0,0,0,1,0,,,,,,,,0,0,0,0,0,0,0,0,0,0,0,0,0,,,,,,,,20260706
,,,87179633-55044,Barents Pro Trousers M,FRV,0,0,0,0,0,0,0,0,0,0,0,0,0,0,0,,,,,,,,0,1,0,0,1,0,0,0,0,0,0,0,0,,,,,,,,0,0,0,0,0,0,0,0,0,0,0,0,0,,,,,,,,20260706
,,,87179633-55046,Barents Pro Trousers M,FRV,0,0,0,0,0,0,0,0,0,0,0,0,0,0,0,,,,,,,,0,1,0,0,0,0,0,0,0,0,0,0,0,,,,,,,,0,0,0,0,0,0,0,0,0,0,0,0,0,,,,,,,,20260706
,,,87192208M,Bergtagen Thinwool SS M,FRV,5,0,0,0,0,0,0,0,0,0,0,0,0,0,0,,,,,,,,0,0,0,0,0,0,0,0,0,0,0,0,0,,,,,,,,0,0,0,0,0,0,0,0,0,0,0,0,0,,,,,,,,20260706
,,,87192208S,Bergtagen Thinwool SS M,FRV,2,0,0,0,0,0,0,0,0,0,0,0,0,0,0,,,,,,,,0,0,0,0,0,0,0,0,0,0,0,0,0,,,,,,,,0,0,0,0,0,0,0,0,0,0,0,0,0,,,,,,,,20260706
,,,87194550S,Abisko Wool LS M,FRV,0,0,0,0,0,0,0,0,0,0,0,0,0,0,0,,,,,,,,0,0,0,0,0,0,1,0,0,0,0,0,0,,,,,,,,0,0,0,0,0,0,0,0,0,0,0,0,0,,,,,,,,20260706
,,,87194550XS,Abisko Wool LS M,FRV,0,0,0,0,0,0,0,0,0,0,0,0,0,0,0,,,,,,,,0,0,0,0,0,0,1,0,0,0,0,0,0,,,,,,,,0,0,0,0,0,0,0,0,0,0,0,0,0,,,,,,,,20260706
,,,87194625L,Abisko Wool LS M,FRV,0,0,0,0,0,0,0,0,0,0,0,0,0,0,0,,,,,,,,0,0,0,1,0,0,0,0,0,0,0,0,0,,,,,,,,0,0,0,0,0,0,0,0,0,0,0,0,0,,,,,,,,20260706
,,,87194625M,Abisko Wool LS M,FRV,0,0,0,0,0,0,0,0,0,0,0,0,0,0,0,,,,,,,,0,0,0,1,0,0,0,0,0,0,0,0,0,,,,,,,,0,0,0,0,0,0,0,0,0,0,0,0,0,,,,,,,,20260706
,,,87194625S,Abisko Wool LS M,FRV,0,0,0,0,0,0,0,0,0,0,0,0,0,0,0,,,,,,,,0,0,0,0,1,0,0,0,0,0,0,0,0,,,,,,,,0,0,0,0,0,0,0,0,0,0,0,0,0,,,,,,,,20260706
,,,87197016S,Abisko Day Hike SS M,FRV,0,0,0,0,0,0,0,0,0,0,0,0,0,0,0,,,,,,,,0,0,0,1,0,0,0,0,0,0,0,0,0,,,,,,,,0,0,0,0,0,0,0,0,0,0,0,0,0,,,,,,,,20260706
,,,87197534S,Abisko Day Hike SS M,FRV,0,0,0,0,0,0,0,0,0,0,0,0,0,0,0,,,,,,,,0,0,0,1,0,0,0,1,0,0,0,0,0,,,,,,,,0,0,0,0,0,0,0,0,0,0,0,0,0,,,,,,,,20260706
,,,87199016L,Abisko Sun-hoodie M,FRV,0,0,0,0,0,0,0,0,0,0,0,0,0,0,0,,,,,,,,0,1,0,1,1,1,0,0,0,0,0,1,0,,,,,,,,0,0,0,0,0,0,0,0,0,0,0,0,0,,,,,,,,20260706
,,,87199016M,Abisko Sun-hoodie M,FRV,1,2,0,0,0,0,0,0,0,0,0,0,0,0,0,,,,,,,,0,1,0,1,1,1,1,1,0,1,0,1,0,,,,,,,,0,0,0,0,0,0,0,0,0,0,0,0,0,,,,,,,,20260706
,,,87199016S,Abisko Sun-hoodie M,FRV,2,8,0,0,0,0,0,0,0,0,0,0,0,0,0,,,,,,,,0,1,0,1,1,1,1,1,0,1,0,1,0,,,,,,,,0,0,0,0,0,0,0,0,0,0,0,0,0,,,,,,,,20260706
,,,87199534M,Abisko Sun-hoodie M,FRV,2,2,0,0,0,0,0,0,0,0,0,0,0,0,0,,,,,,,,0,1,0,1,1,1,1,1,0,1,0,1,0,,,,,,,,0,0,0,0,0,0,0,0,0,0,0,0,0,,,,,,,,20260706
,,,87199534S,Abisko Sun-hoodie M,FRV,2,3,0,0,0,0,0,0,0,0,0,0,0,0,0,,,,,,,,0,1,0,1,1,1,1,1,0,1,0,1,0,,,,,,,,0,0,0,0,0,0,0,0,0,0,0,0,0,,,,,,,,20260706
,,,87199555M,Abisko Sun-hoodie M,FRV,0,0,0,0,0,0,0,0,0,0,0,0,0,0,0,,,,,,,,0,1,0,1,1,0,1,0,0,0,0,0,0,,,,,,,,0,0,0,0,0,0,0,0,0,0,0,0,0,,,,,,,,20260706
,,,87199620M,Abisko Sun-hoodie M,FRV,0,0,0,0,0,0,0,0,0,0,0,0,0,0,0,,,,,,,,0,0,0,0,1,0,0,0,0,0,0,0,0,,,,,,,,0,0,0,0,0,0,0,0,0,0,0,0,0,,,,,,,,20260706
,,,87199620S,Abisko Sun-hoodie M,FRV,0,0,0,0,0,0,0,0,0,0,0,0,0,0,0,,,,,,,,0,0,0,1,0,0,0,0,0,1,0,0,0,,,,,,,,0,0,0,0,0,0,0,0,0,0,0,0,0,,,,,,,,20260706
,,,87202154S,Greenland Jacket,FRV,1,0,0,0,0,0,0,0,0,0,0,0,0,0,0,,,,,,,,0,0,0,0,0,0,0,0,0,0,0,0,0,,,,,,,,0,0,0,0,0,0,0,0,0,0,0,0,0,,,,,,,,20260706
,,,87202527XS,Greenland Jacket,FRV,2,0,0,0,0,0,0,0,0,0,0,0,0,0,0,,,,,,,,0,0,0,0,0,0,0,0,0,0,0,0,0,,,,,,,,0,0,0,0,0,0,0,0,0,0,0,0,0,,,,,,,,20260706
,,,87202570L,Greenland Jacket,FRV,1,0,0,0,0,0,0,0,0,0,0,0,0,0,0,,,,,,,,0,0,0,1,0,0,0,0,0,0,0,0,0,,,,,,,,0,0,0,0,0,0,0,0,0,0,0,0,0,,,,,,,,20260706
,,,87202570M,Greenland Jacket,FRV,1,0,0,0,0,0,0,0,0,0,0,0,0,0,0,,,,,,,,0,0,0,2,0,0,0,0,0,0,0,0,0,,,,,,,,0,0,0,0,0,0,0,0,0,0,0,0,0,,,,,,,,20260706
,,,87202570S,Greenland Jacket,FRV,1,0,0,0,0,0,0,0,0,0,0,0,0,0,0,,,,,,,,0,0,0,1,0,0,0,0,0,0,0,0,0,,,,,,,,0,0,0,0,0,0,0,0,0,0,0,0,0,,,,,,,,20260706
,,,87202620L,Greenland Jacket,FRV,1,0,0,0,0,0,0,0,0,0,0,0,0,0,0,,,,,,,,0,0,0,1,0,0,0,0,0,0,0,0,0,,,,,,,,0,0,0,0,0,0,0,0,0,0,0,0,0,,,,,,,,20260706
,,,87202620M,Greenland Jacket,FRV,1,0,0,0,0,0,0,0,0,0,0,0,0,0,0,,,,,,,,0,0,0,2,0,0,0,0,0,0,0,0,0,,,,,,,,0,0,0,0,0,0,0,0,0,0,0,0,0,,,,,,,,20260706
,,,87202620S,Greenland Jacket,FRV,1,0,0,0,0,0,0,0,0,0,0,0,0,0,0,,,,,,,,0,0,0,2,0,0,0,0,0,0,0,0,0,,,,,,,,0,0,0,0,0,0,0,0,0,0,0,0,0,,,,,,,,20260706
,,,87208113L,Ovik Travel Shirt LS M,FRV,0,0,0,0,0,0,0,0,0,0,0,0,0,0,0,,,,,,,,0,1,0,1,0,1,0,1,0,1,1,1,0,,,,,,,,0,0,0,0,0,0,0,0,0,0,0,0,0,,,,,,,,20260706
,,,87208113M,Ovik Travel Shirt LS M,FRV,0,1,0,0,0,0,0,0,0,0,0,0,0,0,0,,,,,,,,0,2,0,1,1,1,0,1,0,1,1,1,0,,,,,,,,0,0,0,0,0,0,0,0,0,0,0,0,0,,,,,,,,20260706
,,,87208113S,Ovik Travel Shirt LS M,FRV,0,5,0,0,0,0,0,0,0,0,0,0,0,0,0,,,,,,,,0,1,0,1,1,1,1,1,0,1,2,1,0,,,,,,,,0,0,0,0,0,0,0,0,0,0,0,0,0,,,,,,,,20260706
,,,87208195L,Ovik Travel Shirt LS M,FRV,0,0,0,0,0,0,0,0,0,0,0,0,0,0,0,,,,,,,,0,1,0,1,0,1,1,1,0,1,1,1,0,,,,,,,,0,0,0,0,0,0,0,0,0,0,0,0,0,,,,,,,,20260706
,,,87208195M,Ovik Travel Shirt LS M,FRV,0,0,0,0,0,0,0,0,0,0,0,0,0,0,0,,,,,,,,0,1,0,0,1,1,1,1,0,1,1,1,0,,,,,,,,0,0,0,0,0,0,0,0,0,0,0,0,0,,,,,,,,20260706
,,,87208195S,Ovik Travel Shirt LS M,FRV,0,3,0,0,0,0,0,0,0,0,0,0,0,0,0,,,,,,,,0,1,0,1,1,1,1,1,0,1,1,1,0,,,,,,,,0,0,0,0,0,0,0,0,0,0,0,0,0,,,,,,,,20260706
,,,87208555-614L,Ovik Travel Shirt LS M,FRV,0,0,0,0,0,0,0,0,0,0,0,0,0,0,0,,,,,,,,0,0,0,1,1,0,0,0,0,0,0,0,0,,,,,,,,0,0,0,0,0,0,0,0,0,0,0,0,0,,,,,,,,20260706
,,,87208555-614M,Ovik Travel Shirt LS M,FRV,0,0,0,0,0,0,0,0,0,0,0,0,0,0,0,,,,,,,,0,0,0,1,1,0,0,0,0,0,0,0,0,,,,,,,,0,0,0,0,0,0,0,0,0,0,0,0,0,,,,,,,,20260706
,,,87208555-614S,Ovik Travel Shirt LS M,FRV,0,0,0,0,0,0,0,0,0,0,0,0,0,0,0,,,,,,,,0,0,0,1,0,0,0,0,0,0,0,0,0,,,,,,,,0,0,0,0,0,0,0,0,0,0,0,0,0,,,,,,,,20260706
,,,87208620L,Ovik Travel Shirt LS M,FRV,0,0,0,0,0,0,0,0,0,0,0,0,0,0,0,,,,,,,,0,1,0,0,0,1,1,1,0,1,1,1,0,,,,,,,,0,0,0,0,0,0,0,0,0,0,0,0,0,,,,,,,,20260706
,,,87208620M,Ovik Travel Shirt LS M,FRV,0,3,0,0,0,0,0,0,0,0,0,0,0,0,0,,,,,,,,0,1,0,1,1,1,1,1,0,1,1,1,0,,,,,,,,0,0,0,0,0,0,0,0,0,0,0,0,0,,,,,,,,20260706
,,,87208620S,Ovik Travel Shirt LS M,FRV,0,7,0,0,0,0,0,0,0,0,0,0,0,0,0,,,,,,,,0,1,0,1,1,1,1,1,0,1,1,1,0,,,,,,,,0,0,0,0,0,0,0,0,0,0,0,0,0,,,,,,,,20260706
,,,87211248-230M,Keb Jacket M,FRV,2,0,0,0,0,0,0,0,0,0,0,0,0,0,0,,,,,,,,0,0,0,0,0,0,0,0,0,0,0,0,0,,,,,,,,0,0,0,0,0,0,0,0,0,0,0,0,0,,,,,,,,20260706
,,,87211248-230S,Keb Jacket M,FRV,2,0,0,0,0,0,0,0,0,0,0,0,0,0,0,,,,,,,,0,0,0,0,0,0,0,0,0,0,0,0,0,,,,,,,,0,0,0,0,0,0,0,0,0,0,0,0,0,,,,,,,,20260706
,,,87211550M,Keb Jacket M,FRV,0,0,0,0,0,0,0,0,0,0,0,0,0,0,0,,,,,,,,0,0,0,1,1,1,1,1,0,1,0,1,0,,,,,,,,0,0,0,0,0,0,0,0,0,0,0,0,0,,,,,,,,20260706
,,,87211550S,Keb Jacket M,FRV,0,0,0,0,0,0,0,0,0,0,0,0,0,0,0,,,,,,,,0,1,0,2,1,1,1,1,0,0,0,1,0,,,,,,,,0,0,0,0,0,0,0,0,0,0,0,0,0,,,,,,,,20260706
,,,87211550XS,Keb Jacket M,FRV,0,0,0,0,0,0,0,0,0,0,0,0,0,0,0,,,,,,,,0,1,0,2,1,1,1,1,0,1,0,1,0,,,,,,,,0,0,0,0,0,0,0,0,0,0,0,0,0,,,,,,,,20260706
,,,87211555-520M,Keb Jacket M,FRV,0,0,0,0,0,0,0,0,0,0,0,0,0,0,0,,,,,,,,0,0,0,2,0,0,0,0,0,0,0,0,0,,,,,,,,0,0,0,0,0,0,0,0,0,0,0,0,0,,,,,,,,20260706
,,,87211555-520S,Keb Jacket M,FRV,0,0,0,0,0,0,0,0,0,0,0,0,0,0,0,,,,,,,,0,0,0,1,1,0,0,0,0,0,0,0,0,,,,,,,,0,0,0,0,0,0,0,0,0,0,0,0,0,,,,,,,,20260706
,,,87211570-050M,Keb Jacket M,FRV,0,0,0,0,0,0,0,0,0,0,0,0,0,0,0,,,,,,,,0,0,0,1,0,0,0,0,0,0,0,0,0,,,,,,,,0,0,0,0,0,0,0,0,0,0,0,0,0,,,,,,,,20260706
,,,87211570-050S,Keb Jacket M,FRV,0,0,0,0,0,0,0,0,0,0,0,0,0,0,0,,,,,,,,0,0,0,2,1,0,0,0,0,0,0,0,0,,,,,,,,0,0,0,0,0,0,0,0,0,0,0,0,0,,,,,,,,20260706
,,,87211570-050XS,Keb Jacket M,FRV,0,0,0,0,0,0,0,0,0,0,0,0,0,0,0,,,,,,,,0,0,0,1,0,0,0,0,0,0,0,0,0,,,,,,,,0,0,0,0,0,0,0,0,0,0,0,0,0,,,,,,,,20260706
,,,87211626-625M,Keb Jacket M,FRV,0,0,0,0,0,0,0,0,0,0,0,0,0,0,0,,,,,,,,0,0,0,2,0,0,0,0,0,0,0,0,0,,,,,,,,0,0,0,0,0,0,0,0,0,0,0,0,0,,,,,,,,20260706
,,,87211626-625S,Keb Jacket M,FRV,0,0,0,0,0,0,0,0,0,0,0,0,0,0,0,,,,,,,,0,0,0,2,0,0,0,0,0,0,0,0,0,,,,,,,,0,0,0,0,0,0,0,0,0,0,0,0,0,,,,,,,,20260706
,,,87211626-625XS,Keb Jacket M,FRV,0,0,0,0,0,0,0,0,0,0,0,0,0,0,0,,,,,,,,0,0,0,1,0,0,0,0,0,0,0,0,0,,,,,,,,0,0,0,0,0,0,0,0,0,0,0,0,0,,,,,,,,20260706
,,,87211662-625L,Keb Jacket M,FRV,0,0,0,0,0,0,0,0,0,0,0,0,0,0,0,,,,,,,,0,1,0,1,0,0,1,0,0,0,0,1,0,,,,,,,,0,0,0,0,0,0,0,0,0,0,0,0,0,,,,,,,,20260706
,,,87211662-625M,Keb Jacket M,FRV,0,0,0,0,0,0,0,0,0,0,0,0,0,0,0,,,,,,,,0,2,0,1,1,1,1,0,0,0,0,1,0,,,,,,,,0,0,0,0,0,0,0,0,0,0,0,0,0,,,,,,,,20260706
,,,87211662-625S,Keb Jacket M,FRV,7,0,0,0,0,0,0,0,0,0,0,0,0,0,0,,,,,,,,0,2,0,2,1,1,1,1,0,1,1,1,0,,,,,,,,0,0,0,0,0,0,0,0,0,0,0,0,0,,,,,,,,20260706
,,,87211662-625XS,Keb Jacket M,FRV,0,0,0,0,0,0,0,0,0,0,0,0,0,0,0,,,,,,,,0,2,0,2,1,1,1,0,0,1,1,1,0,,,,,,,,0,0,0,0,0,0,0,0,0,0,0,0,0,,,,,,,,20260706
,,,87220113S,Arctic Fox T-Shirt M,FRV,0,0,0,0,0,0,0,0,0,0,0,0,0,0,0,,,,,,,,0,0,0,1,0,0,0,0,0,0,0,1,0,,,,,,,,0,0,0,0,0,0,0,0,0,0,0,0,0,,,,,,,,20260706
,,,87220243M,Arctic Fox T-shirt M,FRV,0,0,0,0,0,0,0,0,0,0,0,0,0,0,0,,,,,,,,0,0,0,1,0,0,0,0,0,0,1,0,0,,,,,,,,0,0,0,0,0,0,0,0,0,0,0,0,0,,,,,,,,20260706
,,,87220243S,Arctic Fox T-shirt M,FRV,0,0,0,0,0,0,0,0,0,0,0,0,0,0,0,,,,,,,,0,0,0,1,0,0,0,0,0,0,1,0,1,,,,,,,,0,0,0,0,0,0,0,0,0,0,0,0,0,,,,,,,,20260706
,,,87220534S,Arctic Fox T-shirt M,FRV,0,0,0,0,0,0,0,0,0,0,0,0,0,0,0,,,,,,,,0,0,0,1,0,0,0,0,0,0,1,0,0,,,,,,,,0,0,0,0,0,0,0,0,0,0,0,0,0,,,,,,,,20260706
,,,87220633M,Arctic Fox T-Shirt M,FRV,0,0,0,0,0,0,0,0,0,0,0,0,0,0,0,,,,,,,,0,0,0,1,0,0,0,0,0,0,0,0,0,,,,,,,,0,0,0,0,0,0,0,0,0,0,0,0,0,,,,,,,,20260706
,,,87220633S,Arctic Fox T-Shirt M,FRV,0,0,0,0,0,0,0,0,0,0,0,0,0,0,0,,,,,,,,0,0,0,0,0,0,0,0,0,0,1,0,0,,,,,,,,0,0,0,0,0,0,0,0,0,0,0,0,0,,,,,,,,20260706
,,,87310051M,Fjallraven Logo T-shirt M,FRV,0,0,0,0,0,0,0,0,0,0,0,0,0,0,0,,,,,,,,0,0,0,0,0,0,0,1,0,0,0,0,0,,,,,,,,0,0,0,0,0,0,0,0,0,0,0,0,0,,,,,,,,20260706
,,,87310051S,Fjallraven Logo T-shirt M,FRV,0,0,0,0,0,0,0,0,0,0,0,0,0,0,0,,,,,,,,0,0,0,1,0,0,0,1,0,0,1,0,0,,,,,,,,0,0,0,0,0,0,0,0,0,0,0,0,0,,,,,,,,20260706
,,,87310113L,Fjallraven Logo T-shirt M,FRV,0,1,0,0,0,0,0,0,0,0,0,0,0,0,0,,,,,,,,0,1,0,1,1,1,1,1,1,1,1,1,0,,,,,,,,0,0,0,0,0,0,0,0,0,0,0,0,0,,,,,,,,20260706
,,,87310113M,Fjallraven Logo T-shirt M,FRV,0,0,0,0,0,0,0,0,0,0,0,0,0,0,0,,,,,,,,0,1,0,1,1,1,1,0,1,1,1,2,0,,,,,,,,0,0,0,0,0,0,0,0,0,0,0,0,0,,,,,,,,20260706
,,,87310113S,Fjallraven Logo T-shirt M,FRV,0,3,0,0,0,0,0,0,0,0,0,0,0,0,0,,,,,,,,0,1,0,2,1,0,1,1,1,1,1,2,0,,,,,,,,0,0,0,0,0,0,0,0,0,0,0,0,0,,,,,,,,20260706
,,,87310113XL,Fjallraven Logo T-shirt M,FRV,0,0,0,0,0,0,0,0,0,0,0,0,0,0,0,,,,,,,,0,0,0,0,0,0,0,0,0,0,0,1,0,,,,,,,,0,0,0,0,0,0,0,0,0,0,0,0,0,,,,,,,,20260706
,,,87310113XS,Fjallraven Logo T-shirt M,FRV,0,0,0,0,0,0,0,0,0,0,0,0,0,0,0,,,,,,,,0,0,0,0,0,0,0,0,0,0,0,1,0,,,,,,,,0,0,0,0,0,0,0,0,0,0,0,0,0,,,,,,,,20260706
,,,87310160L,Fjallraven Logo T-shirt M,FRV,0,0,0,0,0,0,0,0,0,0,0,0,0,0,0,,,,,,,,0,0,0,1,0,0,0,0,0,0,0,0,0,,,,,,,,0,0,0,0,0,0,0,0,0,0,0,0,0,,,,,,,,20260706
,,,87310160M,Fjallraven Logo T-shirt M,FRV,0,0,0,0,0,0,0,0,0,0,0,0,0,0,0,,,,,,,,0,0,0,1,0,0,0,0,0,0,1,0,0,,,,,,,,0,0,0,0,0,0,0,0,0,0,0,0,0,,,,,,,,20260706
,,,87310160S,Fjallraven Logo T-shirt M,FRV,0,0,0,0,0,0,0,0,0,0,0,0,0,0,0,,,,,,,,0,0,0,1,0,0,0,0,0,0,1,0,0,,,,,,,,0,0,0,0,0,0,0,0,0,0,0,0,0,,,,,,,,20260706
,,,87310243M,Fjallraven Logo T-shirt M,FRV,0,0,0,0,0,0,0,0,0,0,0,0,0,0,0,,,,,,,,0,0,0,1,1,0,0,0,0,0,1,0,0,,,,,,,,0,0,0,0,0,0,0,0,0,0,0,0,0,,,,,,,,20260706
,,,87310243S,Fjallraven Logo T-shirt M,FRV,0,0,0,0,0,0,0,0,0,0,0,0,0,0,0,,,,,,,,0,1,0,1,1,0,0,0,0,0,1,0,0,,,,,,,,0,0,0,0,0,0,0,0,0,0,0,0,0,,,,,,,,20260706
,,,87310302M,Fjallraven Logo T-shirt M,FRV,0,0,0,0,0,0,0,0,0,0,0,0,0,0,0,,,,,,,,0,0,0,0,0,0,1,1,0,0,0,1,0,,,,,,,,0,0,0,0,0,0,0,0,0,0,0,0,0,,,,,,,,20260706
,,,87310302S,Fjallraven Logo T-shirt M,FRV,0,0,0,0,0,0,0,0,0,0,0,0,0,0,0,,,,,,,,0,1,0,1,0,1,0,1,0,1,1,1,0,,,,,,,,0,0,0,0,0,0,0,0,0,0,0,0,0,,,,,,,,20260706
,,,87310550L,Fjallraven Logo T-shirt M,FRV,0,0,0,0,0,0,0,0,0,0,0,0,0,0,0,,,,,,,,0,1,0,1,0,1,1,0,0,0,1,1,0,,,,,,,,0,0,0,0,0,0,0,0,0,0,0,0,0,,,,,,,,20260706
,,,87310550M,Fjallraven Logo T-shirt M,FRV,0,2,0,0,0,0,0,0,0,0,0,0,0,0,0,,,,,,,,0,0,0,1,1,1,1,0,0,1,1,1,0,,,,,,,,0,0,0,0,0,0,0,0,0,0,0,0,0,,,,,,,,20260706
,,,87310550S,Fjallraven Logo T-shirt M,FRV,0,1,0,0,0,0,0,0,0,0,0,0,0,0,0,,,,,,,,0,0,0,1,1,1,1,0,1,1,1,1,0,,,,,,,,0,0,0,0,0,0,0,0,0,0,0,0,0,,,,,,,,20260706
,,,87310550XL,Fjallraven Logo T-shirt M,FRV,0,0,0,0,0,0,0,0,0,0,0,0,0,0,0,,,,,,,,0,0,0,0,0,0,0,0,0,0,0,1,0,,,,,,,,0,0,0,0,0,0,0,0,0,0,0,0,0,,,,,,,,20260706
,,,87310560L,Fjallraven Logo T-shirt M,FRV,0,0,0,0,0,0,0,0,0,0,0,0,0,0,0,,,,,,,,0,0,0,1,0,0,0,0,0,0,0,0,0,,,,,,,,0,0,0,0,0,0,0,0,0,0,0,0,0,,,,,,,,20260706
,,,87310625M,Fjallraven Logo T-shirt M,FRV,0,0,0,0,0,0,0,0,0,0,0,0,0,0,0,,,,,,,,0,0,0,1,0,0,0,0,0,0,0,1,0,,,,,,,,0,0,0,0,0,0,0,0,0,0,0,0,0,,,,,,,,20260706
,,,87310625S,Fjallraven Logo T-shirt M,FRV,0,0,0,0,0,0,0,0,0,0,0,0,0,0,0,,,,,,,,0,0,0,0,0,0,0,0,0,0,1,1,0,,,,,,,,0,0,0,0,0,0,0,0,0,0,0,0,0,,,,,,,,20260706
,,,87310633L,Fjallraven Logo T-shirt M,FRV,0,1,0,0,0,0,0,0,0,0,0,0,0,0,0,,,,,,,,0,1,0,1,1,1,1,1,0,1,1,1,0,,,,,,,,0,0,0,0,0,0,0,0,0,0,0,0,0,,,,,,,,20260706
,,,87310633M,Fjallraven Logo T-shirt M,FRV,0,5,0,0,0,0,0,0,0,0,0,0,0,0,0,,,,,,,,0,1,0,1,1,0,1,1,0,1,1,1,0,,,,,,,,0,0,0,0,0,0,0,0,0,0,0,0,0,,,,,,,,20260706
,,,87310633S,Fjallraven Logo T-shirt M,FRV,0,6,0,0,0,0,0,0,0,0,0,0,0,0,0,,,,,,,,0,1,0,1,1,1,1,1,0,1,1,1,0,,,,,,,,0,0,0,0,0,0,0,0,0,0,0,0,0,,,,,,,,20260706
,,,87310674M,Fjallraven Logo T-shirt M,FRV,0,0,0,0,0,0,0,0,0,0,0,0,0,0,0,,,,,,,,0,0,0,1,0,0,0,0,0,0,0,0,0,,,,,,,,0,0,0,0,0,0,0,0,0,0,0,0,0,,,,,,,,20260706
,,,87310674S,Fjallraven Logo T-shirt M,FRV,0,0,0,0,0,0,0,0,0,0,0,0,0,0,0,,,,,,,,0,0,0,1,0,0,0,0,0,0,0,0,0,,,,,,,,0,0,0,0,0,0,0,0,0,0,0,0,0,,,,,,,,20260706
,,,87313051L,1960 Logo T-shirt M,FRV,0,0,0,0,0,0,0,0,0,0,0,0,0,0,0,,,,,,,,0,0,0,1,0,0,0,0,0,0,0,0,0,,,,,,,,0,0,0,0,0,0,0,0,0,0,0,0,0,,,,,,,,20260706
,,,87313051M,1960 Logo T-shirt M,FRV,0,0,0,0,0,0,0,0,0,0,0,0,0,0,0,,,,,,,,0,0,0,1,0,0,0,0,0,0,0,0,1,,,,,,,,0,0,0,0,0,0,0,0,0,0,0,0,0,,,,,,,,20260706
,,,87313051S,1960 Logo T-shirt M,FRV,0,0,0,0,0,0,0,0,0,0,0,0,0,0,0,,,,,,,,0,0,0,1,0,0,0,0,0,0,0,0,1,,,,,,,,0,0,0,0,0,0,0,0,0,0,0,0,0,,,,,,,,20260706
,,,87313051XL,1960 Logo T-shirt M,FRV,0,0,0,0,0,0,0,0,0,0,0,0,0,0,0,,,,,,,,0,0,0,1,0,0,0,0,0,0,0,0,0,,,,,,,,0,0,0,0,0,0,0,0,0,0,0,0,0,,,,,,,,20260706
,,,87313113L,1960 Logo T-shirt M,FRV,0,0,0,0,0,0,0,0,0,0,0,0,0,0,0,,,,,,,,0,0,0,1,0,0,0,0,0,0,0,0,0,,,,,,,,0,0,0,0,0,0,0,0,0,0,0,0,0,,,,,,,,20260706
,,,87313113M,1960 Logo T-shirt M,FRV,0,0,0,0,0,0,0,0,0,0,0,0,0,0,0,,,,,,,,0,0,0,1,0,0,0,0,0,0,0,0,1,,,,,,,,0,0,0,0,0,0,0,0,0,0,0,0,0,,,,,,,,20260706
,,,87313113S,1960 Logo T-shirt M,FRV,0,0,0,0,0,0,0,0,0,0,0,0,0,0,0,,,,,,,,0,0,0,1,0,0,0,0,0,0,0,0,1,,,,,,,,0,0,0,0,0,0,0,0,0,0,0,0,0,,,,,,,,20260706
,,,87313113XL,1960 Logo T-shirt M,FRV,0,0,0,0,0,0,0,0,0,0,0,0,0,0,0,,,,,,,,0,0,0,1,0,0,0,0,0,0,0,0,0,,,,,,,,0,0,0,0,0,0,0,0,0,0,0,0,0,,,,,,,,20260706
,,,87313452L,1960 Logo T-shirt M,FRV,0,0,0,0,0,0,0,0,0,0,0,0,0,0,0,,,,,,,,0,0,0,1,0,0,0,0,0,0,0,0,0,,,,,,,,0,0,0,0,0,0,0,0,0,0,0,0,0,,,,,,,,20260706
,,,87313452M,1960 Logo T-shirt M,FRV,0,0,0,0,0,0,0,0,0,0,0,0,0,0,0,,,,,,,,0,0,0,2,0,0,0,0,0,0,0,0,0,,,,,,,,0,0,0,0,0,0,0,0,0,0,0,0,0,,,,,,,,20260706
,,,87313520-999L,1960 Logo T-shirt M,FRV,0,0,0,0,0,0,0,0,0,0,0,0,0,0,0,,,,,,,,0,0,0,1,0,0,0,0,0,0,0,0,0,,,,,,,,0,0,0,0,0,0,0,0,0,0,0,0,0,,,,,,,,20260706
,,,87313520-999S,1960 Logo T-shirt M,FRV,0,0,0,0,0,0,0,0,0,0,0,0,0,0,0,,,,,,,,0,0,0,1,0,0,0,0,0,0,0,0,0,,,,,,,,0,0,0,0,0,0,0,0,0,0,0,0,0,,,,,,,,20260706
,,,87313534L,1960 Logo T-shirt M,FRV,1,0,0,0,0,0,0,0,0,0,0,0,0,0,0,,,,,,,,0,0,0,1,0,0,0,0,0,0,0,0,0,,,,,,,,0,0,0,0,0,0,0,0,0,0,0,0,0,,,,,,,,20260706
,,,87313534M,1960 Logo T-shirt M,FRV,0,0,0,0,0,0,0,0,0,0,0,0,0,0,0,,,,,,,,0,0,0,1,0,0,0,0,0,0,0,0,0,,,,,,,,0,0,0,0,0,0,0,0,0,0,0,0,0,,,,,,,,20260706
,,,87313534S,1960 Logo T-shirt M,FRV,1,0,0,0,0,0,0,0,0,0,0,0,0,0,0,,,,,,,,0,0,0,1,0,0,0,0,0,0,0,0,0,,,,,,,,0,0,0,0,0,0,0,0,0,0,0,0,0,,,,,,,,20260706
,,,87313534XL,1960 Logo T-shirt M,FRV,0,0,0,0,0,0,0,0,0,0,0,0,0,0,0,,,,,,,,0,0,0,1,0,0,0,0,0,0,0,0,0,,,,,,,,0,0,0,0,0,0,0,0,0,0,0,0,0,,,,,,,,20260706
,,,87313550L,1960 Logo T-shirt M,FRV,0,0,0,0,0,0,0,0,0,0,0,0,0,0,0,,,,,,,,0,0,0,1,0,0,0,0,0,0,0,0,0,,,,,,,,0,0,0,0,0,0,0,0,0,0,0,0,0,,,,,,,,20260706
,,,87313550M,1960 Logo T-shirt M,FRV,0,0,0,0,0,0,0,0,0,0,0,0,0,0,0,,,,,,,,0,0,0,1,0,0,0,0,0,0,0,0,0,,,,,,,,0,0,0,0,0,0,0,0,0,0,0,0,0,,,,,,,,20260706
,,,87313550S,1960 Logo T-shirt M,FRV,1,0,0,0,0,0,0,0,0,0,0,0,0,0,0,,,,,,,,0,0,0,1,0,0,0,0,0,0,0,0,0,,,,,,,,0,0,0,0,0,0,0,0,0,0,0,0,0,,,,,,,,20260706
,,,87313550XL,1960 Logo T-shirt M,FRV,0,0,0,0,0,0,0,0,0,0,0,0,0,0,0,,,,,,,,0,0,0,1,0,0,0,0,0,0,0,0,0,,,,,,,,0,0,0,0,0,0,0,0,0,0,0,0,0,,,,,,,,20260706
,,,87313625L,1960 Logo T-shirt M,FRV,0,0,0,0,0,0,0,0,0,0,0,0,0,0,0,,,,,,,,0,0,0,1,0,0,0,0,0,0,0,0,0,,,,,,,,0,0,0,0,0,0,0,0,0,0,0,0,0,,,,,,,,20260706
,,,87313625M,1960 Logo T-shirt M,FRV,0,0,0,0,0,0,0,0,0,0,0,0,0,0,0,,,,,,,,0,0,0,1,0,0,0,0,0,0,0,0,0,,,,,,,,0,0,0,0,0,0,0,0,0,0,0,0,0,,,,,,,,20260706
,,,87317560XS,Ovik Fleece Zip Sweater M,FRV,1,0,0,0,0,0,0,0,0,0,0,0,0,0,0,,,,,,,,0,0,0,0,0,0,0,0,0,0,0,0,0,,,,,,,,0,0,0,0,0,0,0,0,0,0,0,0,0,,,,,,,,20260706
,,,87325625-626L,Lappland Fleece M,FRV,5,0,0,0,0,0,0,0,0,0,0,0,0,0,0,,,,,,,,0,0,0,0,0,0,0,0,0,0,0,0,0,,,,,,,,0,0,0,0,0,0,0,0,0,0,0,0,0,,,,,,,,20260706
,,,87325625-626M,Lappland Fleece M,FRV,3,0,0,0,0,0,0,0,0,0,0,0,0,0,0,,,,,,,,0,0,0,0,0,0,0,0,0,0,0,0,0,,,,,,,,0,0,0,0,0,0,0,0,0,0,0,0,0,,,,,,,,20260706
,,,87325625-626S,Lappland Fleece M,FRV,3,0,0,0,0,0,0,0,0,0,0,0,0,0,0,,,,,,,,0,0,0,0,0,0,0,0,0,0,0,0,0,,,,,,,,0,0,0,0,0,0,0,0,0,0,0,0,0,,,,,,,,20260706
,,,87352550XL/R,High Coast Hydratic Trs M,FRV,1,0,0,0,0,0,0,0,0,0,0,0,0,0,0,,,,,,,,0,0,0,0,0,0,0,0,0,0,0,0,0,,,,,,,,0,0,0,0,0,0,0,0,0,0,0,0,0,,,,,,,,20260706
,,,87353550L/S,High Coast Hydratic Trs W,FRV,1,0,0,0,0,0,0,0,0,0,0,0,0,0,0,,,,,,,,0,0,0,0,0,0,0,0,0,0,0,0,0,,,,,,,,0,0,0,0,0,0,0,0,0,0,0,0,0,,,,,,,,20260706
,,,87353550M/S,High Coast Hydratic Trs W,FRV,1,0,0,0,0,0,0,0,0,0,0,0,0,0,0,,,,,,,,0,0,0,0,0,0,0,0,0,0,0,0,0,,,,,,,,0,0,0,0,0,0,0,0,0,0,0,0,0,,,,,,,,20260706
,,,87405570M,Bergtagen Thinwool LS M,FRV,1,0,0,0,0,0,0,0,0,0,0,0,0,0,0,,,,,,,,0,0,0,0,0,0,0,0,0,0,0,0,0,,,,,,,,0,0,0,0,0,0,0,0,0,0,0,0,0,,,,,,,,20260706
,,,87405570S,Bergtagen Thinwool LS M,FRV,2,0,0,0,0,0,0,0,0,0,0,0,0,0,0,,,,,,,,0,0,0,0,0,0,0,0,0,0,0,0,0,,,,,,,,0,0,0,0,0,0,0,0,0,0,0,0,0,,,,,,,,20260706
,,,87406570M,Bergtagen Thinwool Long Johns M,FRV,9,0,0,0,0,0,0,0,0,0,0,0,0,0,0,,,,,,,,0,0,0,0,0,0,0,0,0,0,0,0,0,,,,,,,,0,0,0,0,0,0,0,0,0,0,0,0,0,,,,,,,,20260706
,,,87406570S,Bergtagen Thinwool Long Johns M,FRV,7,0,0,0,0,0,0,0,0,0,0,0,0,0,0,,,,,,,,0,0,0,0,0,0,0,0,0,0,0,0,0,,,,,,,,0,0,0,0,0,0,0,0,0,0,0,0,0,,,,,,,,20260706
,,,89234118M,Stina Jacket W,FRV,0,0,0,0,0,0,0,0,0,0,0,0,0,0,0,,,,,,,,0,0,0,1,1,0,0,0,0,0,1,1,0,,,,,,,,0,0,0,0,0,0,0,0,0,0,0,0,0,,,,,,,,20260706
,,,89234118S,Stina Jacket W,FRV,0,0,0,0,0,0,0,0,0,0,0,0,0,0,0,,,,,,,,0,1,0,0,0,0,0,1,0,1,1,0,0,,,,,,,,0,0,0,0,0,0,0,0,0,0,0,0,0,,,,,,,,20260706
,,,89234232XS,Stina Jacket W,FRV,0,0,0,0,0,0,0,0,0,0,0,0,0,0,0,,,,,,,,0,1,0,1,0,0,0,0,0,0,0,1,0,,,,,,,,0,0,0,0,0,0,0,0,0,0,0,0,0,,,,,,,,20260706
,,,89234243M,Stina Jacket W,FRV,0,0,0,0,0,0,0,0,0,0,0,0,0,0,0,,,,,,,,0,0,0,0,0,0,1,0,0,0,0,0,0,,,,,,,,0,0,0,0,0,0,0,0,0,0,0,0,0,,,,,,,,20260706
,,,89234357M,Stina Jacket W,FRV,0,4,0,0,0,0,0,0,0,0,0,0,0,0,0,,,,,,,,0,1,0,1,1,1,1,1,1,1,1,1,0,,,,,,,,0,0,0,0,0,0,0,0,0,0,0,0,0,,,,,,,,20260706
,,,89234357S,Stina Jacket W,FRV,0,5,0,0,0,0,0,0,0,0,0,0,0,0,0,,,,,,,,0,1,0,1,2,1,1,1,1,1,1,1,0,,,,,,,,0,0,0,0,0,0,0,0,0,0,0,0,0,,,,,,,,20260706
,,,89234357XS,Stina Jacket W,FRV,0,0,0,0,0,0,0,0,0,0,0,0,0,0,0,,,,,,,,0,1,0,1,1,1,1,0,1,1,1,1,0,,,,,,,,0,0,0,0,0,0,0,0,0,0,0,0,0,,,,,,,,20260706
,,,89234534M,Stina Jacket W,FRV,0,0,0,0,0,0,0,0,0,0,0,0,0,0,0,,,,,,,,0,0,0,1,0,0,1,0,0,0,0,0,0,,,,,,,,0,0,0,0,0,0,0,0,0,0,0,0,0,,,,,,,,20260706
,,,89234534S,Stina Jacket W,FRV,0,0,0,0,0,0,0,0,0,0,0,0,0,0,0,,,,,,,,0,0,0,1,0,0,1,0,0,0,0,0,0,,,,,,,,0,0,0,0,0,0,0,0,0,0,0,0,0,,,,,,,,20260706
,,,89234534XS,Stina Jacket W,FRV,0,0,0,0,0,0,0,0,0,0,0,0,0,0,0,,,,,,,,0,0,0,0,0,0,1,0,0,0,0,0,0,,,,,,,,0,0,0,0,0,0,0,0,0,0,0,0,0,,,,,,,,20260706
,,,89234550M,Stina Jacket W,FRV,0,0,0,0,0,0,0,0,0,0,0,0,0,0,0,,,,,,,,0,1,0,2,0,0,0,0,1,0,0,1,0,,,,,,,,0,0,0,0,0,0,0,0,0,0,0,0,0,,,,,,,,20260706
,,,89234550S,Stina Jacket W,FRV,0,0,0,0,0,0,0,0,0,0,0,0,0,0,0,,,,,,,,0,1,0,1,1,1,1,1,1,1,1,1,0,,,,,,,,0,0,0,0,0,0,0,0,0,0,0,0,0,,,,,,,,20260706
,,,89234550XS,Stina Jacket W,FRV,0,0,0,0,0,0,0,0,0,0,0,0,0,0,0,,,,,,,,0,1,0,1,1,1,1,1,1,1,1,2,0,,,,,,,,0,0,0,0,0,0,0,0,0,0,0,0,0,,,,,,,,20260706
,,,89234620L,Stina Jacket W,FRV,0,0,0,0,0,0,0,0,0,0,0,0,0,0,0,,,,,,,,0,0,0,1,0,0,0,0,0,0,0,0,0,,,,,,,,0,0,0,0,0,0,0,0,0,0,0,0,0,,,,,,,,20260706
,,,89234620M,Stina Jacket W,FRV,0,0,0,0,0,0,0,0,0,0,0,0,0,0,0,,,,,,,,0,1,0,1,0,1,1,1,0,1,1,1,0,,,,,,,,0,0,0,0,0,0,0,0,0,0,0,0,0,,,,,,,,20260706
,,,89234620S,Stina Jacket W,FRV,0,0,0,0,0,0,0,0,0,0,0,0,0,0,0,,,,,,,,0,1,0,1,1,1,1,1,0,1,1,1,0,,,,,,,,0,0,0,0,0,0,0,0,0,0,0,0,0,,,,,,,,20260706
,,,89234620XS,Stina Jacket W,FRV,0,0,0,0,0,0,0,0,0,0,0,0,0,0,0,,,,,,,,0,1,0,0,0,0,0,0,0,0,0,2,0,,,,,,,,0,0,0,0,0,0,0,0,0,0,0,0,0,,,,,,,,20260706
,,,89235646A36,Keb Trousers W,FRV,3,0,0,0,0,0,0,0,0,0,0,0,0,0,0,,,,,,,,0,0,0,0,0,0,0,0,0,0,0,0,0,,,,,,,,0,0,0,0,0,0,0,0,0,0,0,0,0,,,,,,,,20260706
,,,89235646A38,Keb Trousers W,FRV,1,0,0,0,0,0,0,0,0,0,0,0,0,0,0,,,,,,,,0,0,0,0,0,0,0,0,0,0,0,0,0,,,,,,,,0,0,0,0,0,0,0,0,0,0,0,0,0,,,,,,,,20260706
,,,89235S33534,Keb Trousers W,FRV,2,0,0,0,0,0,0,0,0,0,0,0,0,0,0,,,,,,,,0,0,0,0,0,0,0,0,0,0,0,0,0,,,,,,,,0,0,0,0,0,0,0,0,0,0,0,0,0,,,,,,,,20260706
,,,89235S33536,Keb Trousers W,FRV,1,0,0,0,0,0,0,0,0,0,0,0,0,0,0,,,,,,,,0,0,0,0,0,0,0,0,0,0,0,0,0,,,,,,,,0,0,0,0,0,0,0,0,0,0,0,0,0,,,,,,,,20260706
,,,89235S35634,Keb Trousers W,FRV,2,0,0,0,0,0,0,0,0,0,0,0,0,0,0,,,,,,,,0,0,0,0,0,0,0,0,0,0,0,0,0,,,,,,,,0,0,0,0,0,0,0,0,0,0,0,0,0,,,,,,,,20260706
,,,89330S55034,Vidda Pro Ventilated Trs W Short,FRV,1,0,0,0,0,0,0,0,0,0,0,0,0,0,0,,,,,,,,0,0,0,0,0,0,0,0,0,0,0,0,0,,,,,,,,0,0,0,0,0,0,0,0,0,0,0,0,0,,,,,,,,20260706
,,,89332335M,Keb Lite Padded Jacket W,FRV,1,0,0,0,0,0,0,0,0,0,0,0,0,0,0,,,,,,,,0,0,0,0,0,0,0,0,0,0,0,0,0,,,,,,,,0,0,0,0,0,0,0,0,0,0,0,0,0,,,,,,,,20260706
,,,89332335S,Keb Lite Padded Jacket W,FRV,1,0,0,0,0,0,0,0,0,0,0,0,0,0,0,,,,,,,,0,0,0,0,0,0,0,0,0,0,0,0,0,,,,,,,,0,0,0,0,0,0,0,0,0,0,0,0,0,,,,,,,,20260706
,,,89335S638-57538,Vidda Pro Trousers W,FRV,3,0,0,0,0,0,0,0,0,0,0,0,0,0,0,,,,,,,,0,0,0,0,0,0,0,0,0,0,0,0,0,,,,,,,,0,0,0,0,0,0,0,0,0,0,0,0,0,,,,,,,,20260706
,,,8933603036,Barents Pro Trousers W,FRV,1,0,0,0,0,0,0,0,0,0,0,0,0,0,0,,,,,,,,0,0,0,0,0,0,0,0,0,0,0,0,0,,,,,,,,0,0,0,0,0,0,0,0,0,0,0,0,0,,,,,,,,20260706
,,,89336S638-57538,Barents Pro Trousers W,FRV,3,0,0,0,0,0,0,0,0,0,0,0,0,0,0,,,,,,,,0,0,0,0,0,0,0,0,0,0,0,0,0,,,,,,,,0,0,0,0,0,0,0,0,0,0,0,0,0,,,,,,,,20260706
,,,89464030S,Stina Fleece,FRV,9,0,0,0,0,0,0,0,0,0,0,0,0,0,0,,,,,,,,0,0,0,0,0,0,0,0,0,0,0,0,0,,,,,,,,0,0,0,0,0,0,0,0,0,0,0,0,0,,,,,,,,20260706
,,,89464633S,Stina Fleece,FRV,1,0,0,0,0,0,0,0,0,0,0,0,0,0,0,,,,,,,,0,0,0,0,0,0,0,0,0,0,0,0,0,,,,,,,,0,0,0,0,0,0,0,0,0,0,0,0,0,,,,,,,,20260706
,,,89464633XS,Stina Fleece,FRV,1,0,0,0,0,0,0,0,0,0,0,0,0,0,0,,,,,,,,0,0,0,0,0,0,0,0,0,0,0,0,0,,,,,,,,0,0,0,0,0,0,0,0,0,0,0,0,0,,,,,,,,20260706
,,,89579S63838,Barents Pro Jeans W,FRV,2,0,0,0,0,0,0,0,0,0,0,0,0,0,0,,,,,,,,0,0,0,0,0,0,0,0,0,0,0,0,0,,,,,,,,0,0,0,0,0,0,0,0,0,0,0,0,0,,,,,,,,20260706
,,,89583S03036,Abisko Lite Trekking Trousers W,FRV,2,0,0,0,0,0,0,0,0,0,0,0,0,0,0,,,,,,,,0,0,0,1,0,0,0,0,1,0,0,0,0,,,,,,,,0,0,0,0,0,0,0,0,0,0,0,0,0,,,,,,,,20260706
,,,89583S03038,Abisko Lite Trekking Trousers W,FRV,0,0,0,0,0,0,0,0,0,0,0,0,0,0,0,,,,,,,,0,0,0,1,0,0,0,0,1,0,0,0,0,,,,,,,,0,0,0,0,0,0,0,0,0,0,0,0,0,,,,,,,,20260706
,,,89589302-300M,Abisko Trail Fleece W,FRV,0,0,0,0,0,0,0,0,0,0,0,0,0,0,0,,,,,,,,0,0,0,1,0,0,0,0,0,0,0,0,0,,,,,,,,0,0,0,0,0,0,0,0,0,0,0,0,0,,,,,,,,20260706
,,,89589302-300S,Abisko Trail Fleece W,FRV,0,0,0,0,0,0,0,0,0,0,0,0,0,0,0,,,,,,,,0,0,0,1,0,0,0,0,0,0,0,0,0,,,,,,,,0,0,0,0,0,0,0,0,0,0,0,0,0,,,,,,,,20260706
,,,89589302-300XS,Abisko Trail Fleece W,FRV,0,0,0,0,0,0,0,0,0,0,0,0,0,0,0,,,,,,,,0,0,0,1,0,0,1,0,0,0,0,0,0,,,,,,,,0,0,0,0,0,0,0,0,0,0,0,0,0,,,,,,,,20260706
,,,89589335M,Abisko Trail Fleece W,FRV,1,0,0,0,0,0,0,0,0,0,0,0,0,0,0,,,,,,,,0,0,0,0,0,0,0,0,0,0,0,0,0,,,,,,,,0,0,0,0,0,0,0,0,0,0,0,0,0,,,,,,,,20260706
,,,89589550L,Abisko Trail Fleece W,FRV,0,0,0,0,0,0,0,0,0,0,0,0,0,0,0,,,,,,,,0,0,0,0,1,0,0,0,0,0,0,0,0,,,,,,,,0,0,0,0,0,0,0,0,0,0,0,0,0,,,,,,,,20260706
,,,89589550M,Abisko Trail Fleece W,FRV,0,0,0,0,0,0,0,0,0,0,0,0,0,0,0,,,,,,,,0,1,0,1,1,1,1,0,0,0,0,0,0,,,,,,,,0,0,0,0,0,0,0,0,0,0,0,0,0,,,,,,,,20260706
,,,89589550S,Abisko Trail Fleece W,FRV,1,0,0,0,0,0,0,0,0,0,0,0,0,0,0,,,,,,,,0,1,0,1,1,1,1,0,0,0,0,0,0,,,,,,,,0,0,0,0,0,0,0,0,0,0,0,0,0,,,,,,,,20260706
,,,89589550XS,Abisko Trail Fleece W,FRV,0,0,0,0,0,0,0,0,0,0,0,0,0,0,0,,,,,,,,0,0,0,1,1,0,0,0,0,0,0,0,0,,,,,,,,0,0,0,0,0,0,0,0,0,0,0,0,0,,,,,,,,20260706
,,,89589555-534S,Abisko Trail Fleece W,FRV,0,0,0,0,0,0,0,0,0,0,0,0,0,0,0,,,,,,,,0,0,0,1,1,0,0,0,0,0,0,0,0,,,,,,,,0,0,0,0,0,0,0,0,0,0,0,0,0,,,,,,,,20260706
,,,89589580S,Abisko Trail Fleece W,FRV,2,0,0,0,0,0,0,0,0,0,0,0,0,0,0,,,,,,,,0,0,0,0,0,0,0,0,0,0,0,0,0,,,,,,,,0,0,0,0,0,0,0,0,0,0,0,0,0,,,,,,,,20260706
,,,89589580XS,Abisko Trail Fleece W,FRV,4,0,0,0,0,0,0,0,0,0,0,0,0,0,0,,,,,,,,0,0,0,0,0,0,0,0,0,0,0,0,0,,,,,,,,0,0,0,0,0,0,0,0,0,0,0,0,0,,,,,,,,20260706
,,,89589614S,Abisko Trail Fleece W,FRV,0,0,0,0,0,0,0,0,0,0,0,0,0,0,0,,,,,,,,0,0,0,1,0,0,0,0,0,0,0,0,0,,,,,,,,0,0,0,0,0,0,0,0,0,0,0,0,0,,,,,,,,20260706
,,,89589614XS,Abisko Trail Fleece W,FRV,0,0,0,0,0,0,0,0,0,0,0,0,0,0,0,,,,,,,,0,0,0,1,0,0,0,0,0,0,0,0,0,,,,,,,,0,0,0,0,0,0,0,0,0,0,0,0,0,,,,,,,,20260706
,,,89589662S,Abisko Trail Fleece W,FRV,0,0,0,0,0,0,0,0,0,0,0,0,0,0,0,,,,,,,,0,0,0,0,0,0,1,0,0,0,0,0,0,,,,,,,,0,0,0,0,0,0,0,0,0,0,0,0,0,,,,,,,,20260706
,,,89600550M,Keb Eco-Shell Jacket W,FRV,0,0,0,0,0,0,0,0,0,0,0,0,0,0,0,,,,,,,,0,0,0,1,0,1,0,0,0,0,0,0,0,,,,,,,,0,0,0,0,0,0,0,0,0,0,0,0,0,,,,,,,,20260706
,,,89600550S,Keb Eco-Shell Jacket W,FRV,0,0,0,0,0,0,0,0,0,0,0,0,0,0,0,,,,,,,,0,1,0,1,1,1,0,0,0,0,0,0,0,,,,,,,,0,0,0,0,0,0,0,0,0,0,0,0,0,,,,,,,,20260706
,,,89600550XS,Keb Eco-Shell Jacket W,FRV,4,0,0,0,0,0,0,0,0,0,0,0,0,0,0,,,,,,,,0,1,0,1,1,1,1,0,0,0,0,1,0,,,,,,,,0,0,0,0,0,0,0,0,0,0,0,0,0,,,,,,,,20260706
,,,89600550XXS,Keb Eco-Shell Jacket W,FRV,0,0,0,0,0,0,0,0,0,0,0,0,0,0,0,,,,,,,,0,0,0,1,0,0,0,0,0,0,0,0,0,,,,,,,,0,0,0,0,0,0,0,0,0,0,0,0,0,,,,,,,,20260706
,,,89600662M,Keb Eco-Shell Jacket W,FRV,0,0,0,0,0,0,0,0,0,0,0,0,0,0,0,,,,,,,,0,0,0,0,0,0,0,0,0,0,0,1,0,,,,,,,,0,0,0,0,0,0,0,0,0,0,0,0,0,,,,,,,,20260706
,,,89600662S,Keb Eco-Shell Jacket W,FRV,0,0,0,0,0,0,0,0,0,0,0,0,0,0,0,,,,,,,,0,0,0,1,0,0,0,0,0,0,0,0,0,,,,,,,,0,0,0,0,0,0,0,0,0,0,0,0,0,,,,,,,,20260706
,,,89602550M,Keb Eco-Shell Trousers W,FRV,3,0,0,0,0,0,0,0,0,0,0,0,0,0,0,,,,,,,,0,1,0,1,1,0,0,0,0,0,0,0,0,,,,,,,,0,0,0,0,0,0,0,0,0,0,0,0,0,,,,,,,,20260706
,,,89602550S,Keb Eco-Shell Trousers W,FRV,4,0,0,0,0,0,0,0,0,0,0,0,0,0,0,,,,,,,,0,0,0,1,1,0,0,0,0,0,0,0,0,,,,,,,,0,0,0,0,0,0,0,0,0,0,0,0,0,,,,,,,,20260706
,,,89602550XS,Keb Eco-Shell Trousers W,FRV,4,0,0,0,0,0,0,0,0,0,0,0,0,0,0,,,,,,,,0,1,0,1,1,0,0,0,0,0,0,0,0,,,,,,,,0,0,0,0,0,0,0,0,0,0,0,0,0,,,,,,,,20260706
,,,89602662M,Keb Eco-Shell Trousers W,FRV,0,0,0,0,0,0,0,0,0,0,0,0,0,0,0,,,,,,,,0,0,0,1,1,0,0,0,0,0,0,0,0,,,,,,,,0,0,0,0,0,0,0,0,0,0,0,0,0,,,,,,,,20260706
,,,89602662S,Keb Eco-Shell Trousers W,FRV,1,0,0,0,0,0,0,0,0,0,0,0,0,0,0,,,,,,,,0,0,0,1,1,0,0,0,0,0,0,0,0,,,,,,,,0,0,0,0,0,0,0,0,0,0,0,0,0,,,,,,,,20260706
,,,89602662XS,Keb Eco-Shell Trousers W,FRV,0,0,0,0,0,0,0,0,0,0,0,0,0,0,0,,,,,,,,0,1,0,1,1,0,0,0,0,0,0,0,0,,,,,,,,0,0,0,0,0,0,0,0,0,0,0,0,0,,,,,,,,20260706
,,,89625214XS,High Coast Hybrid Jacket W,FRV,1,0,0,0,0,0,0,0,0,0,0,0,0,0,0,,,,,,,,0,0,0,0,0,0,0,0,0,0,0,0,0,,,,,,,,0,0,0,0,0,0,0,0,0,0,0,0,0,,,,,,,,20260706
,,,89625214XXS,High Coast Hybrid Jacket W,FRV,6,0,0,0,0,0,0,0,0,0,0,0,0,0,0,,,,,,,,0,0,0,0,0,0,0,0,0,0,0,0,0,,,,,,,,0,0,0,0,0,0,0,0,0,0,0,0,0,,,,,,,,20260706
,,,89625647XXS,High Coast Hybrid Jacket W,FRV,2,0,0,0,0,0,0,0,0,0,0,0,0,0,0,,,,,,,,0,0,0,0,0,0,0,0,0,0,0,0,0,,,,,,,,0,0,0,0,0,0,0,0,0,0,0,0,0,,,,,,,,20260706
,,,89666633XS,Kaitum Fleece,FRV,6,0,0,0,0,0,0,0,0,0,0,0,0,0,0,,,,,,,,0,0,0,0,0,0,0,0,0,0,0,0,0,,,,,,,,0,0,0,0,0,0,0,0,0,0,0,0,0,,,,,,,,20260706
,,,89666633XXS,Kaitum Fleece,FRV,6,0,0,0,0,0,0,0,0,0,0,0,0,0,0,,,,,,,,0,0,0,0,0,0,0,0,0,0,0,0,0,,,,,,,,0,0,0,0,0,0,0,0,0,0,0,0,0,,,,,,,,20260706
,,,89666646XS,Kaitum Fleece,FRV,3,0,0,0,0,0,0,0,0,0,0,0,0,0,0,,,,,,,,0,0,0,0,0,0,0,0,0,0,0,0,0,,,,,,,,0,0,0,0,0,0,0,0,0,0,0,0,0,,,,,,,,20260706
,,,89666646XXS,Kaitum Fleece,FRV,4,0,0,0,0,0,0,0,0,0,0,0,0,0,0,,,,,,,,0,0,0,0,0,0,0,0,0,0,0,0,0,,,,,,,,0,0,0,0,0,0,0,0,0,0,0,0,0,,,,,,,,20260706
,,,89723506S,Abisko Padded Vest W,FRV,1,0,0,0,0,0,0,0,0,0,0,0,0,0,0,,,,,,,,0,0,0,0,0,0,0,0,0,0,0,0,0,,,,,,,,0,0,0,0,0,0,0,0,0,0,0,0,0,,,,,,,,20260706
,,,89723506XS,Abisko Padded Vest W,FRV,1,0,0,0,0,0,0,0,0,0,0,0,0,0,0,,,,,,,,0,0,0,0,0,0,0,0,0,0,0,0,0,,,,,,,,0,0,0,0,0,0,0,0,0,0,0,0,0,,,,,,,,20260706
,,,89723550S,Abisko Padded Vest W,FRV,4,0,0,0,0,0,0,0,0,0,0,0,0,0,0,,,,,,,,0,0,0,1,0,0,0,0,0,0,0,0,0,,,,,,,,0,0,0,0,0,0,0,0,0,0,0,0,0,,,,,,,,20260706
,,,89723550XS,Abisko Padded Vest W,FRV,1,0,0,0,0,0,0,0,0,0,0,0,0,0,0,,,,,,,,0,0,0,1,0,0,1,0,0,0,0,0,0,,,,,,,,0,0,0,0,0,0,0,0,0,0,0,0,0,,,,,,,,20260706
,,,89723646M,Abisko Padded Vest W,FRV,4,0,0,0,0,0,0,0,0,0,0,0,0,0,0,,,,,,,,0,0,0,0,0,0,0,0,0,0,0,0,0,,,,,,,,0,0,0,0,0,0,0,0,0,0,0,0,0,,,,,,,,20260706
,,,89723646S,Abisko Padded Vest W,FRV,3,0,0,0,0,0,0,0,0,0,0,0,0,0,0,,,,,,,,0,0,0,0,0,0,0,0,0,0,0,0,0,,,,,,,,0,0,0,0,0,0,0,0,0,0,0,0,0,,,,,,,,20260706
,,,8972603034,Karla Pro Trousers W,FRV,0,0,0,0,0,0,0,0,0,0,0,0,0,0,0,,,,,,,,0,0,0,0,1,0,0,0,0,0,0,0,0,,,,,,,,0,0,0,0,0,0,0,0,0,0,0,0,0,,,,,,,,20260706
,,,8972603036,Karla Pro Trousers W,FRV,0,0,0,0,0,0,0,0,0,0,0,0,0,0,0,,,,,,,,0,1,0,1,1,0,0,0,0,0,0,0,0,,,,,,,,0,0,0,0,0,0,0,0,0,0,0,0,0,,,,,,,,20260706
,,,8972603038,Karla Pro Trousers W,FRV,0,0,0,0,0,0,0,0,0,0,0,0,0,0,0,,,,,,,,0,0,0,1,1,1,0,0,0,0,0,0,0,,,,,,,,0,0,0,0,0,0,0,0,0,0,0,0,0,,,,,,,,20260706
,,,8972603040,Karla Pro Trousers W,FRV,0,0,0,0,0,0,0,0,0,0,0,0,0,0,0,,,,,,,,0,1,0,0,1,0,0,0,0,0,0,0,0,,,,,,,,0,0,0,0,0,0,0,0,0,0,0,0,0,,,,,,,,20260706
,,,8972663334,Karla Pro Trousers W,FRV,0,0,0,0,0,0,0,0,0,0,0,0,0,0,0,,,,,,,,0,1,0,1,1,0,0,0,0,0,0,0,0,,,,,,,,0,0,0,0,0,0,0,0,0,0,0,0,0,,,,,,,,20260706
,,,8972663336,Karla Pro Trousers W,FRV,0,0,0,0,0,0,0,0,0,0,0,0,0,0,0,,,,,,,,0,0,0,1,0,0,0,0,0,0,0,0,0,,,,,,,,0,0,0,0,0,0,0,0,0,0,0,0,0,,,,,,,,20260706
,,,8972663338,Karla Pro Trousers W,FRV,0,0,0,0,0,0,0,0,0,0,0,0,0,0,0,,,,,,,,0,2,0,1,2,1,0,0,0,0,0,0,0,,,,,,,,0,0,0,0,0,0,0,0,0,0,0,0,0,,,,,,,,20260706
,,,8972663340,Karla Pro Trousers W,FRV,0,0,0,0,0,0,0,0,0,0,0,0,0,0,0,,,,,,,,0,1,0,1,1,0,0,0,0,0,0,0,0,,,,,,,,0,0,0,0,0,0,0,0,0,0,0,0,0,,,,,,,,20260706
,,,8972755538,Karla Pro Trousers Curved,FRV,1,0,0,0,0,0,0,0,0,0,0,0,0,0,0,,,,,,,,0,0,0,0,0,0,0,0,0,0,0,0,0,,,,,,,,0,0,0,0,0,0,0,0,0,0,0,0,0,,,,,,,,20260706
,,,89738550S,Greenland Winter Parka W,FRV,0,0,0,0,0,0,0,0,0,0,0,0,0,0,0,,,,,,,,0,0,0,1,0,0,0,0,0,0,0,0,0,,,,,,,,0,0,0,0,0,0,0,0,0,0,0,0,0,,,,,,,,20260706
,,,89738555M,Greenland Winter Parka W,FRV,1,0,0,0,0,0,0,0,0,0,0,0,0,0,0,,,,,,,,0,0,0,1,0,0,0,0,0,0,0,0,0,,,,,,,,0,0,0,0,0,0,0,0,0,0,0,0,0,,,,,,,,20260706
,,,89738555XS,Greenland Winter Parka W,FRV,2,0,0,0,0,0,0,0,0,0,0,0,0,0,0,,,,,,,,0,0,0,0,0,0,0,0,0,0,0,0,0,,,,,,,,0,0,0,0,0,0,0,0,0,0,0,0,0,,,,,,,,20260706
,,,89738575S,Greenland Winter Parka W,FRV,1,0,0,0,0,0,0,0,0,0,0,0,0,0,0,,,,,,,,0,0,0,0,0,0,0,0,0,0,0,0,0,,,,,,,,0,0,0,0,0,0,0,0,0,0,0,0,0,,,,,,,,20260706
,,,89738575XS,Greenland Winter Parka W,FRV,3,0,0,0,0,0,0,0,0,0,0,0,0,0,0,,,,,,,,0,0,0,0,0,0,0,0,0,0,0,0,0,,,,,,,,0,0,0,0,0,0,0,0,0,0,0,0,0,,,,,,,,20260706
,,,89738625M,Greenland Winter Parka W,FRV,1,0,0,0,0,0,0,0,0,0,0,0,0,0,0,,,,,,,,0,0,0,0,0,0,0,0,0,0,0,0,0,,,,,,,,0,0,0,0,0,0,0,0,0,0,0,0,0,,,,,,,,20260706
,,,89738625S,Greenland Winter Parka W,FRV,6,0,0,0,0,0,0,0,0,0,0,0,0,0,0,,,,,,,,0,0,0,1,0,0,0,0,0,0,0,0,0,,,,,,,,0,0,0,0,0,0,0,0,0,0,0,0,0,,,,,,,,20260706
,,,89738625XS,Greenland Winter Parka W,FRV,6,0,0,0,0,0,0,0,0,0,0,0,0,0,0,,,,,,,,0,0,0,1,0,0,0,0,0,0,0,0,0,,,,,,,,0,0,0,0,0,0,0,0,0,0,0,0,0,,,,,,,,20260706
,,,89775113M,Ovik Structure Sweater W,FRV,6,0,0,0,0,0,0,0,0,0,0,0,0,0,0,,,,,,,,0,0,0,0,0,0,0,0,0,0,0,0,0,,,,,,,,0,0,0,0,0,0,0,0,0,0,0,0,0,,,,,,,,20260706
,,,89775113S,Ovik Structure Sweater W,FRV,3,0,0,0,0,0,0,0,0,0,0,0,0,0,0,,,,,,,,0,0,0,0,0,0,0,0,0,0,0,0,0,,,,,,,,0,0,0,0,0,0,0,0,0,0,0,0,0,,,,,,,,20260706
,,,89775560M,Ovik Structure Sweater W,FRV,7,0,0,0,0,0,0,0,0,0,0,0,0,0,0,,,,,,,,0,0,0,0,0,0,0,0,0,0,0,0,0,,,,,,,,0,0,0,0,0,0,0,0,0,0,0,0,0,,,,,,,,20260706
,,,89775560S,Ovik Structure Sweater W,FRV,3,0,0,0,0,0,0,0,0,0,0,0,0,0,0,,,,,,,,0,0,0,0,0,0,0,0,0,0,0,0,0,,,,,,,,0,0,0,0,0,0,0,0,0,0,0,0,0,,,,,,,,20260706
,,,89796320-550XS,Greenland Re-Wool Jacket W,FRV,3,0,0,0,0,0,0,0,0,0,0,0,0,0,0,,,,,,,,0,0,0,0,0,0,0,0,0,0,0,0,0,,,,,,,,0,0,0,0,0,0,0,0,0,0,0,0,0,,,,,,,,20260706
,,,89797S62534,Greenland Stretch Trousers W,FRV,3,0,0,0,0,0,0,0,0,0,0,0,0,0,0,,,,,,,,0,0,0,0,0,0,0,0,0,0,0,0,0,,,,,,,,0,0,0,0,0,0,0,0,0,0,0,0,0,,,,,,,,20260706
,,,8980955036,Karla Pro Winter Trousers W,FRV,2,0,0,0,0,0,0,0,0,0,0,0,0,0,0,,,,,,,,0,0,0,0,0,0,0,0,0,0,0,0,0,,,,,,,,0,0,0,0,0,0,0,0,0,0,0,0,0,,,,,,,,20260706
,,,8980955038,Karla Pro Winter Trousers W,FRV,5,0,0,0,0,0,0,0,0,0,0,0,0,0,0,,,,,,,,0,0,0,0,0,0,0,0,0,0,0,0,0,,,,,,,,0,0,0,0,0,0,0,0,0,0,0,0,0,,,,,,,,20260706
,,,8980963338,Karla Pro Winter Trousers W,FRV,1,0,0,0,0,0,0,0,0,0,0,0,0,0,0,,,,,,,,0,0,0,0,0,0,0,0,0,0,0,0,0,,,,,,,,0,0,0,0,0,0,0,0,0,0,0,0,0,,,,,,,,20260706
,,,89810S21732,Abisko Shade Trousers W,FRV,1,0,0,0,0,0,0,0,0,0,0,0,0,0,0,,,,,,,,0,0,0,0,0,0,0,0,0,0,0,0,0,,,,,,,,0,0,0,0,0,0,0,0,0,0,0,0,0,,,,,,,,20260706
,,,8981121734,Abisko Shade Shorts W,FRV,8,0,0,0,0,0,0,0,0,0,0,0,0,0,0,,,,,,,,0,0,0,0,0,0,0,0,0,0,0,0,0,,,,,,,,0,0,0,0,0,0,0,0,0,0,0,0,0,,,,,,,,20260706
,,,8981123534,Abisko Shade Shorts W,FRV,20,0,0,0,0,0,0,0,0,0,0,0,0,0,0,,,,,,,,0,0,0,0,0,0,0,0,0,0,0,0,0,,,,,,,,0,0,0,0,0,0,0,0,0,0,0,0,0,,,,,,,,20260706
,,,8981123536,Abisko Shade Shorts W,FRV,5,0,0,0,0,0,0,0,0,0,0,0,0,0,0,,,,,,,,0,0,0,0,0,0,0,0,0,0,0,0,0,,,,,,,,0,0,0,0,0,0,0,0,0,0,0,0,0,,,,,,,,20260706
,,,89827S55036,Abisko Midsummer Trs W Short,FRV,3,0,0,0,0,0,0,0,0,0,0,0,0,0,0,,,,,,,,0,0,0,0,0,0,0,0,0,0,0,0,0,,,,,,,,0,0,0,0,0,0,0,0,0,0,0,0,0,,,,,,,,20260706
,,,89827S55038,Abisko Midsummer Trs W Short,FRV,1,0,0,0,0,0,0,0,0,0,0,0,0,0,0,,,,,,,,0,0,0,0,0,0,0,0,0,0,0,0,0,,,,,,,,0,0,0,0,0,0,0,0,0,0,0,0,0,,,,,,,,20260706
,,,89827S562-56334,Abisko Midsummer Trs W Short,FRV,5,0,0,0,0,0,0,0,0,0,0,0,0,0,0,,,,,,,,0,0,0,0,0,0,0,0,0,0,0,0,0,,,,,,,,0,0,0,0,0,0,0,0,0,0,0,0,0,,,,,,,,20260706
,,,89828357S,Kaipak Jacket W,FRV,0,0,0,0,0,0,0,0,0,0,0,0,0,0,0,,,,,,,,0,0,0,0,1,0,0,0,0,0,0,0,0,,,,,,,,0,0,0,0,0,0,0,0,0,0,0,0,0,,,,,,,,20260706
,,,89828357XS,Kaipak Jacket W,FRV,0,0,0,0,0,0,0,0,0,0,0,0,0,0,0,,,,,,,,0,0,0,0,1,0,0,0,0,0,0,0,0,,,,,,,,0,0,0,0,0,0,0,0,0,0,0,0,0,,,,,,,,20260706
,,,89828555S,Kaipak Jacket W,FRV,0,0,0,0,0,0,0,0,0,0,0,0,0,0,0,,,,,,,,1,0,0,0,0,0,0,0,1,0,0,0,0,,,,,,,,0,0,0,0,0,0,0,0,0,0,0,0,0,,,,,,,,20260706
,,,89828614S,Kaipak Jacket W,FRV,0,0,0,0,0,0,0,0,0,0,0,0,0,0,0,,,,,,,,0,0,0,0,1,0,0,0,0,0,0,0,0,,,,,,,,0,0,0,0,0,0,0,0,0,0,0,0,0,,,,,,,,20260706
,,,89829160-04636,Kaipak Trousers Curved W,FRV,1,0,0,0,0,0,0,0,0,0,0,0,0,0,0,,,,,,,,0,0,0,0,0,0,0,0,0,0,0,0,0,,,,,,,,0,0,0,0,0,0,0,0,0,0,0,0,0,,,,,,,,20260706
,,,89829160-04638,Kaipak Trousers Curved W,FRV,2,0,0,0,0,0,0,0,0,0,0,0,0,0,0,,,,,,,,0,0,0,0,0,0,0,0,0,0,0,0,0,,,,,,,,0,0,0,0,0,0,0,0,0,0,0,0,0,,,,,,,,20260706
,,,89829356-03038,Kaipak Trousers Curved W,FRV,1,0,0,0,0,0,0,0,0,0,0,0,0,0,0,,,,,,,,0,0,0,0,0,0,0,0,0,0,0,0,0,,,,,,,,0,0,0,0,0,0,0,0,0,0,0,0,0,,,,,,,,20260706
,,,89843195M,Ovik Travel Shirt LS W,FRV,0,0,0,0,0,0,0,0,0,0,0,0,0,0,0,,,,,,,,0,0,0,1,0,0,0,0,0,0,0,0,0,,,,,,,,0,0,0,0,0,0,0,0,0,0,0,0,0,,,,,,,,20260706
,,,89843195S,Ovik Travel Shirt LS W,FRV,0,0,0,0,0,0,0,0,0,0,0,0,0,0,0,,,,,,,,0,0,0,1,0,0,0,0,0,0,0,0,0,,,,,,,,0,0,0,0,0,0,0,0,0,0,0,0,0,,,,,,,,20260706
,,,89843195XS,Ovik Travel Shirt LS W,FRV,0,0,0,0,0,0,0,0,0,0,0,0,0,0,0,,,,,,,,0,0,0,1,0,0,0,0,0,0,0,0,0,,,,,,,,0,0,0,0,0,0,0,0,0,0,0,0,0,,,,,,,,20260706
,,,89843357M,Ovik Travel Shirt LS W,FRV,0,0,0,0,0,0,0,0,0,0,0,0,0,0,0,,,,,,,,0,0,0,1,0,0,1,0,5,0,0,0,0,,,,,,,,0,0,0,0,0,0,0,0,0,0,0,0,0,,,,,,,,20260706
,,,89843357S,Ovik Travel Shirt LS W,FRV,0,0,0,0,0,0,0,0,0,0,0,0,0,0,0,,,,,,,,0,0,0,0,0,0,0,0,2,0,0,0,0,,,,,,,,0,0,0,0,0,0,0,0,0,0,0,0,0,,,,,,,,20260706
,,,89843357XS,Ovik Travel Shirt LS W,FRV,0,0,0,0,0,0,0,0,0,0,0,0,0,0,0,,,,,,,,0,1,0,0,0,0,0,0,0,0,0,0,0,,,,,,,,0,0,0,0,0,0,0,0,0,0,0,0,0,,,,,,,,20260706
,,,89843516M,Ovik Travel Shirt LS W,FRV,1,0,0,0,0,0,0,0,0,0,0,0,0,0,0,,,,,,,,0,0,0,0,0,0,0,0,0,0,0,0,0,,,,,,,,0,0,0,0,0,0,0,0,0,0,0,0,0,,,,,,,,20260706
,,,89843516S,Ovik Travel Shirt LS W,FRV,1,0,0,0,0,0,0,0,0,0,0,0,0,0,0,,,,,,,,0,0,0,0,0,0,0,0,0,0,0,0,0,,,,,,,,0,0,0,0,0,0,0,0,0,0,0,0,0,,,,,,,,20260706
,,,89843620M,Ovik Travel Shirt LS W,FRV,0,0,0,0,0,0,0,0,0,0,0,0,0,0,0,,,,,,,,0,0,0,0,0,0,0,0,2,0,0,0,0,,,,,,,,0,0,0,0,0,0,0,0,0,0,0,0,0,,,,,,,,20260706
,,,89843620S,Ovik Travel Shirt LS W,FRV,0,0,0,0,0,0,0,0,0,0,0,0,0,0,0,,,,,,,,0,0,0,1,0,0,0,0,2,0,0,0,0,,,,,,,,0,0,0,0,0,0,0,0,0,0,0,0,0,,,,,,,,20260706
,,,89843620XS,Ovik Travel Shirt LS W,FRV,0,0,0,0,0,0,0,0,0,0,0,0,0,0,0,,,,,,,,0,0,0,1,0,0,0,0,0,0,0,0,0,,,,,,,,0,0,0,0,0,0,0,0,0,0,0,0,0,,,,,,,,20260706
,,,89847516XXS,High Coast Shade Jacket W,FRV,1,0,0,0,0,0,0,0,0,0,0,0,0,0,0,,,,,,,,0,0,0,0,0,0,0,0,0,0,0,0,0,,,,,,,,0,0,0,0,0,0,0,0,0,0,0,0,0,,,,,,,,20260706
,,,89847560XXS,High Coast Shade Jacket W,FRV,1,0,0,0,0,0,0,0,0,0,0,0,0,0,0,,,,,,,,0,0,0,0,0,0,0,0,0,0,0,0,0,,,,,,,,0,0,0,0,0,0,0,0,0,0,0,0,0,,,,,,,,20260706
,,,89849113L,Arctic Fox Print T-Shirt W,FRV,0,0,0,0,0,0,0,0,0,0,0,0,0,0,0,,,,,,,,0,0,0,1,0,0,0,0,0,0,0,0,0,,,,,,,,0,0,0,0,0,0,0,0,0,0,0,0,0,,,,,,,,20260706
,,,89849113M,Arctic Fox Print T-Shirt W,FRV,0,0,0,0,0,0,0,0,0,0,0,0,0,0,0,,,,,,,,0,1,0,1,0,0,1,0,0,1,1,1,0,,,,,,,,0,0,0,0,0,0,0,0,0,0,0,0,0,,,,,,,,20260706
,,,89849113S,Arctic Fox Print T-Shirt W,FRV,0,0,0,0,0,0,0,0,0,0,0,0,0,0,0,,,,,,,,0,1,0,1,0,0,1,0,0,1,0,1,0,,,,,,,,0,0,0,0,0,0,0,0,0,0,0,0,0,,,,,,,,20260706
,,,89849113XS,Arctic Fox Print T-Shirt W,FRV,0,0,0,0,0,0,0,0,0,0,0,0,0,0,0,,,,,,,,0,0,0,1,1,0,1,0,0,1,1,1,0,,,,,,,,0,0,0,0,0,0,0,0,0,0,0,0,0,,,,,,,,20260706
,,,89849133M,Arctic Fox Print T-shirt W,FRV,0,0,0,0,0,0,0,0,0,0,0,0,0,0,0,,,,,,,,0,0,0,1,0,0,1,0,0,0,0,0,0,,,,,,,,0,0,0,0,0,0,0,0,0,0,0,0,0,,,,,,,,20260706
,,,89849133S,Arctic Fox Print T-shirt W,FRV,0,0,0,0,0,0,0,0,0,0,0,0,0,0,0,,,,,,,,0,1,0,1,2,0,0,0,0,1,0,2,0,,,,,,,,0,0,0,0,0,0,0,0,0,0,0,0,0,,,,,,,,20260706
,,,89849133XS,Arctic Fox Print T-shirt W,FRV,0,0,0,0,0,0,0,0,0,0,0,0,0,0,0,,,,,,,,0,1,0,0,1,1,1,0,0,1,1,1,1,,,,,,,,0,0,0,0,0,0,0,0,0,0,0,0,0,,,,,,,,20260706
,,,89849195L,Arctic Fox Print T-shirt W,FRV,0,0,0,0,0,0,0,0,0,0,0,0,0,0,0,,,,,,,,0,0,0,1,1,0,0,0,0,0,0,0,0,,,,,,,,0,0,0,0,0,0,0,0,0,0,0,0,0,,,,,,,,20260706
,,,89849195M,Arctic Fox Print T-shirt W,FRV,0,0,0,0,0,0,0,0,0,0,0,0,0,0,0,,,,,,,,0,0,0,1,0,1,1,0,0,0,0,0,0,,,,,,,,0,0,0,0,0,0,0,0,0,0,0,0,0,,,,,,,,20260706
,,,89849534L,Arctic Fox Print T-shirt W,FRV,0,0,0,0,0,0,0,0,0,0,0,0,0,0,0,,,,,,,,0,0,0,1,0,0,0,0,0,0,0,0,0,,,,,,,,0,0,0,0,0,0,0,0,0,0,0,0,0,,,,,,,,20260706
,,,89849534M,Arctic Fox Print T-shirt W,FRV,0,0,0,0,0,0,0,0,0,0,0,0,0,0,0,,,,,,,,0,0,0,1,0,0,0,0,0,0,1,1,1,,,,,,,,0,0,0,0,0,0,0,0,0,0,0,0,0,,,,,,,,20260706
,,,89849534S,Arctic Fox Print T-shirt W,FRV,0,0,0,0,0,0,0,0,0,0,0,0,0,0,0,,,,,,,,0,0,0,0,0,0,0,0,0,0,1,0,0,,,,,,,,0,0,0,0,0,0,0,0,0,0,0,0,0,,,,,,,,20260706
,,,89849534XS,Arctic Fox Print T-shirt W,FRV,0,0,0,0,0,0,0,0,0,0,0,0,0,0,0,,,,,,,,0,0,0,1,0,0,0,0,0,0,1,1,1,,,,,,,,0,0,0,0,0,0,0,0,0,0,0,0,0,,,,,,,,20260706
,,,89849543-243L,Arctic Fox Print T-shirt W,FRV,0,0,0,0,0,0,0,0,0,0,0,0,0,0,0,,,,,,,,0,0,0,1,0,0,0,0,0,0,0,0,0,,,,,,,,0,0,0,0,0,0,0,0,0,0,0,0,0,,,,,,,,20260706
,,,89849543-243S,Arctic Fox Print T-shirt W,FRV,0,0,0,0,0,0,0,0,0,0,0,0,0,0,0,,,,,,,,0,0,0,1,0,0,0,0,0,0,0,0,0,,,,,,,,0,0,0,0,0,0,0,0,0,0,0,0,0,,,,,,,,20260706
,,,89849674L,Arctic Fox Print T-shirt W,FRV,0,0,0,0,0,0,0,0,0,0,0,0,0,0,0,,,,,,,,0,0,0,1,0,0,0,0,0,0,0,0,0,,,,,,,,0,0,0,0,0,0,0,0,0,0,0,0,0,,,,,,,,20260706
,,,89856550XS,Vidda Pro Jacket W,FRV,10,0,0,0,0,0,0,0,0,0,0,0,0,0,0,,,,,,,,0,0,0,0,0,0,0,0,0,0,0,0,0,,,,,,,,0,0,0,0,0,0,0,0,0,0,0,0,0,,,,,,,,20260706
,,,8985755534,Abisko Midsummer Shorts W,FRV,2,0,0,0,0,0,0,0,0,0,0,0,0,0,0,,,,,,,,0,0,0,0,0,0,0,0,0,0,0,0,0,,,,,,,,0,0,0,0,0,0,0,0,0,0,0,0,0,,,,,,,,20260706
,,,8985755536,Abisko Midsummer Shorts W,FRV,2,0,0,0,0,0,0,0,0,0,0,0,0,0,0,,,,,,,,0,0,0,0,0,0,0,0,0,0,0,0,0,,,,,,,,0,0,0,0,0,0,0,0,0,0,0,0,0,,,,,,,,20260706
,,,89857562-56334,Abisko Midsummer Shorts W,FRV,3,0,0,0,0,0,0,0,0,0,0,0,0,0,0,,,,,,,,0,0,0,0,0,0,0,0,0,0,0,0,0,,,,,,,,0,0,0,0,0,0,0,0,0,0,0,0,0,,,,,,,,20260706
,,,89857562-56336,Abisko Midsummer Shorts W,FRV,3,0,0,0,0,0,0,0,0,0,0,0,0,0,0,,,,,,,,0,0,0,0,0,0,0,0,0,0,0,0,0,,,,,,,,0,0,0,0,0,0,0,0,0,0,0,0,0,,,,,,,,20260706
,,,89857562-56338,Abisko Midsummer Shorts W,FRV,1,0,0,0,0,0,0,0,0,0,0,0,0,0,0,,,,,,,,0,0,0,0,0,0,0,0,0,0,0,0,0,,,,,,,,0,0,0,0,0,0,0,0,0,0,0,0,0,,,,,,,,20260706
,,,8986657034,Bergtagen Trousers W,FRV,3,0,0,0,0,0,0,0,0,0,0,0,0,0,0,,,,,,,,0,0,0,0,0,0,0,0,0,0,0,0,0,,,,,,,,0,0,0,0,0,0,0,0,0,0,0,0,0,,,,,,,,20260706
,,,8986657036,Bergtagen Trousers W,FRV,7,0,0,0,0,0,0,0,0,0,0,0,0,0,0,,,,,,,,0,0,0,0,0,0,0,0,0,0,0,0,0,,,,,,,,0,0,0,0,0,0,0,0,0,0,0,0,0,,,,,,,,20260706
,,,8986657038,Bergtagen Trousers W,FRV,7,0,0,0,0,0,0,0,0,0,0,0,0,0,0,,,,,,,,0,0,0,0,0,0,0,0,0,0,0,0,0,,,,,,,,0,0,0,0,0,0,0,0,0,0,0,0,0,,,,,,,,20260706
,,,89870020M,Bergtagen Woolmesh Sweater W,FRV,1,0,0,0,0,0,0,0,0,0,0,0,0,0,0,,,,,,,,0,0,0,0,0,0,0,0,0,0,0,0,0,,,,,,,,0,0,0,0,0,0,0,0,0,0,0,0,0,,,,,,,,20260706
,,,89870020S,Bergtagen Woolmesh Sweater W,FRV,2,0,0,0,0,0,0,0,0,0,0,0,0,0,0,,,,,,,,0,0,0,0,0,0,0,0,0,0,0,0,0,,,,,,,,0,0,0,0,0,0,0,0,0,0,0,0,0,,,,,,,,20260706
,,,89872020M,Bergtagen Longjohns W,FRV,4,0,0,0,0,0,0,0,0,0,0,0,0,0,0,,,,,,,,0,0,0,0,0,0,0,0,0,0,0,0,0,,,,,,,,0,0,0,0,0,0,0,0,0,0,0,0,0,,,,,,,,20260706
,,,89872020S,Bergtagen Longjohns W,FRV,1,0,0,0,0,0,0,0,0,0,0,0,0,0,0,,,,,,,,0,0,0,0,0,0,0,0,0,0,0,0,0,,,,,,,,0,0,0,0,0,0,0,0,0,0,0,0,0,,,,,,,,20260706
,,,8988205034,Bergtagen Stretch Trousers W,FRV,4,0,0,0,0,0,0,0,0,0,0,0,0,0,0,,,,,,,,0,0,0,0,0,0,0,0,0,0,0,0,0,,,,,,,,0,0,0,0,0,0,0,0,0,0,0,0,0,,,,,,,,20260706
,,,8988205036,Bergtagen Stretch Trousers W,FRV,2,0,0,0,0,0,0,0,0,0,0,0,0,0,0,,,,,,,,0,0,0,0,0,0,0,0,0,0,0,0,0,,,,,,,,0,0,0,0,0,0,0,0,0,0,0,0,0,,,,,,,,20260706
,,,89886570M,Bergtagen Thinwool LS W,FRV,1,0,0,0,0,0,0,0,0,0,0,0,0,0,0,,,,,,,,0,0,0,0,0,0,0,0,0,0,0,0,0,,,,,,,,0,0,0,0,0,0,0,0,0,0,0,0,0,,,,,,,,20260706
,,,89887570M,Bergtagen Thinwool Long Johns W,FRV,10,0,0,0,0,0,0,0,0,0,0,0,0,0,0,,,,,,,,0,0,0,0,0,0,0,0,0,0,0,0,0,,,,,,,,0,0,0,0,0,0,0,0,0,0,0,0,0,,,,,,,,20260706
,,,89887570S,Bergtagen Thinwool Long Johns W,FRV,7,0,0,0,0,0,0,0,0,0,0,0,0,0,0,,,,,,,,0,0,0,0,0,0,0,0,0,0,0,0,0,,,,,,,,0,0,0,0,0,0,0,0,0,0,0,0,0,,,,,,,,20260706
,,,89892055-050L,Keb Jacket W,FRV,0,0,0,0,0,0,0,0,0,0,0,0,0,0,0,,,,,,,,0,0,0,1,0,0,0,0,0,0,0,0,0,,,,,,,,0,0,0,0,0,0,0,0,0,0,0,0,0,,,,,,,,20260706
,,,89892055-050M,Keb Jacket W,FRV,0,0,0,0,0,0,0,0,0,0,0,0,0,0,0,,,,,,,,0,0,0,1,0,0,0,0,1,0,0,0,0,,,,,,,,0,0,0,0,0,0,0,0,0,0,0,0,0,,,,,,,,20260706
,,,89892055-050S,Keb Jacket W,FRV,1,0,0,0,0,0,0,0,0,0,0,0,0,0,0,,,,,,,,0,0,0,1,0,0,0,0,1,0,0,0,0,,,,,,,,0,0,0,0,0,0,0,0,0,0,0,0,0,,,,,,,,20260706
,,,89892357-410S,Keb Jacket W,FRV,0,0,0,0,0,0,0,0,0,0,0,0,0,0,0,,,,,,,,0,0,0,1,0,0,0,0,0,0,0,0,0,,,,,,,,0,0,0,0,0,0,0,0,0,0,0,0,0,,,,,,,,20260706
,,,89892357-410XS,Keb Jacket W,FRV,0,0,0,0,0,0,0,0,0,0,0,0,0,0,0,,,,,,,,0,0,0,1,0,0,0,0,0,0,0,0,0,,,,,,,,0,0,0,0,0,0,0,0,0,0,0,0,0,,,,,,,,20260706
,,,89892550L,Keb Jacket W,FRV,0,0,0,0,0,0,0,0,0,0,0,0,0,0,0,,,,,,,,0,0,0,1,0,0,0,0,0,0,0,0,0,,,,,,,,0,0,0,0,0,0,0,0,0,0,0,0,0,,,,,,,,20260706
,,,89892550M,Keb Jacket W,FRV,0,0,0,0,0,0,0,0,0,0,0,0,0,0,0,,,,,,,,0,1,0,1,2,0,0,0,1,0,0,2,0,,,,,,,,0,0,0,0,0,0,0,0,0,0,0,0,0,,,,,,,,20260706
,,,89892550S,Keb Jacket W,FRV,1,0,0,0,0,0,0,0,0,0,0,0,0,0,0,,,,,,,,0,1,0,1,1,0,1,0,1,0,0,1,0,,,,,,,,0,0,0,0,0,0,0,0,0,0,0,0,0,,,,,,,,20260706
,,,89892550XS,Keb Jacket W,FRV,0,0,0,0,0,0,0,0,0,0,0,0,0,0,0,,,,,,,,0,1,0,1,1,0,1,0,0,0,0,1,0,,,,,,,,0,0,0,0,0,0,0,0,0,0,0,0,0,,,,,,,,20260706
,,,89892662-625L,Keb Jacket W,FRV,0,0,0,0,0,0,0,0,0,0,0,0,0,0,0,,,,,,,,0,0,0,1,1,0,0,0,0,0,0,0,0,,,,,,,,0,0,0,0,0,0,0,0,0,0,0,0,0,,,,,,,,20260706
,,,89892662-625M,Keb Jacket W,FRV,0,0,0,0,0,0,0,0,0,0,0,0,0,0,0,,,,,,,,0,1,0,1,1,0,1,0,0,0,0,1,0,,,,,,,,0,0,0,0,0,0,0,0,0,0,0,0,0,,,,,,,,20260706
,,,89892662-625S,Keb Jacket W,FRV,0,0,0,0,0,0,0,0,0,0,0,0,0,0,0,,,,,,,,0,0,0,1,1,1,0,0,0,0,0,1,0,,,,,,,,0,0,0,0,0,0,0,0,0,0,0,0,0,,,,,,,,20260706
,,,89892662-625XS,Keb Jacket W,FRV,0,0,0,0,0,0,0,0,0,0,0,0,0,0,0,,,,,,,,0,0,0,1,0,0,0,0,0,0,0,1,0,,,,,,,,0,0,0,0,0,0,0,0,0,0,0,0,0,,,,,,,,20260706
,,,89898S356-42034,Keb Trousers W,FRV,1,0,0,0,0,0,0,0,0,0,0,0,0,0,0,,,,,,,,0,0,0,0,0,0,0,0,0,0,0,0,0,,,,,,,,0,0,0,0,0,0,0,0,0,0,0,0,0,,,,,,,,20260706
,,,89898S356-42036,Keb Trousers W,FRV,3,0,0,0,0,0,0,0,0,0,0,0,0,0,0,,,,,,,,0,0,0,0,0,0,0,0,0,0,0,0,0,,,,,,,,0,0,0,0,0,0,0,0,0,0,0,0,0,,,,,,,,20260706
,,,89898S563-56234,Keb Trousers W,FRV,3,0,0,0,0,0,0,0,0,0,0,0,0,0,0,,,,,,,,0,0,0,0,0,0,0,0,0,0,0,0,0,,,,,,,,0,0,0,0,0,0,0,0,0,0,0,0,0,,,,,,,,20260706
,,,89898S563-56238,Keb Trousers W,FRV,6,0,0,0,0,0,0,0,0,0,0,0,0,0,0,,,,,,,,0,0,0,0,0,0,0,0,0,0,0,0,0,,,,,,,,0,0,0,0,0,0,0,0,0,0,0,0,0,,,,,,,,20260706
,,,8990616634,High Coast Fall Trousers W,FRV,8,0,0,0,0,0,0,0,0,0,0,0,0,0,0,,,,,,,,0,0,0,0,0,0,0,0,0,0,0,0,0,,,,,,,,0,0,0,0,0,0,0,0,0,0,0,0,0,,,,,,,,20260706
,,,8990657536,High Coast Fall Trousers W,FRV,4,0,0,0,0,0,0,0,0,0,0,0,0,0,0,,,,,,,,0,0,0,0,0,0,0,0,0,0,0,0,0,,,,,,,,0,0,0,0,0,0,0,0,0,0,0,0,0,,,,,,,,20260706
,,,8990657538,High Coast Fall Trousers W,FRV,3,0,0,0,0,0,0,0,0,0,0,0,0,0,0,,,,,,,,0,0,0,0,0,0,0,0,0,0,0,0,0,,,,,,,,0,0,0,0,0,0,0,0,0,0,0,0,0,,,,,,,,20260706
,,,89912020M,Snow Cardigan W,FRV,1,0,0,0,0,0,0,0,0,0,0,0,0,0,0,,,,,,,,0,0,0,1,0,0,0,0,0,0,0,0,0,,,,,,,,0,0,0,0,0,0,0,0,0,0,0,0,0,,,,,,,,20260706
,,,89912020S,Snow Cardigan W,FRV,2,0,0,0,0,0,0,0,0,0,0,0,0,0,0,,,,,,,,0,0,0,1,0,0,0,0,0,0,0,0,0,,,,,,,,0,0,0,0,0,0,0,0,0,0,0,0,0,,,,,,,,20260706
,,,89912020XS,Snow Cardigan W,FRV,2,0,0,0,0,0,0,0,0,0,0,0,0,0,0,,,,,,,,0,0,0,1,0,0,0,0,0,0,0,0,0,,,,,,,,0,0,0,0,0,0,0,0,0,0,0,0,0,,,,,,,,20260706
,,,89912633M,Snow Cardigan W,FRV,1,0,0,0,0,0,0,0,0,0,0,0,0,0,0,,,,,,,,0,0,0,1,0,0,0,0,0,0,0,0,0,,,,,,,,0,0,0,0,0,0,0,0,0,0,0,0,0,,,,,,,,20260706
,,,89912633S,Snow Cardigan W,FRV,1,0,0,0,0,0,0,0,0,0,0,0,0,0,0,,,,,,,,0,0,0,1,0,0,0,0,0,0,0,0,0,,,,,,,,0,0,0,0,0,0,0,0,0,0,0,0,0,,,,,,,,20260706
,,,89941020L,Ovik Knit Sweater W,FRV,1,0,0,0,0,0,0,0,0,0,0,0,0,0,0,,,,,,,,0,0,0,0,0,0,0,0,0,0,0,0,0,,,,,,,,0,0,0,0,0,0,0,0,0,0,0,0,0,,,,,,,,20260706
,,,89941232-113M,Ovik Knit Sweater W,FRV,5,0,0,0,0,0,0,0,0,0,0,0,0,0,0,,,,,,,,0,0,0,1,0,0,0,0,0,0,0,0,0,,,,,,,,0,0,0,0,0,0,0,0,0,0,0,0,0,,,,,,,,20260706
,,,89941232-113S,Ovik Knit Sweater W,FRV,3,0,0,0,0,0,0,0,0,0,0,0,0,0,0,,,,,,,,0,0,0,1,0,0,0,0,0,0,0,0,0,,,,,,,,0,0,0,0,0,0,0,0,0,0,0,0,0,,,,,,,,20260706
,,,89941232-113XS,Ovik Knit Sweater W,FRV,1,0,0,0,0,0,0,0,0,0,0,0,0,0,0,,,,,,,,0,0,0,1,0,0,0,0,0,0,0,0,0,,,,,,,,0,0,0,0,0,0,0,0,0,0,0,0,0,,,,,,,,20260706
,,,89941306M,ovik Knit Sweater W,FRV,1,0,0,0,0,0,0,0,0,0,0,0,0,0,0,,,,,,,,0,0,0,0,0,0,0,0,0,0,0,0,0,,,,,,,,0,0,0,0,0,0,0,0,0,0,0,0,0,,,,,,,,20260706
,,,89941555M,Ovik Knit Sweater W,FRV,4,0,0,0,0,0,0,0,0,0,0,0,0,0,0,,,,,,,,0,0,0,1,0,0,0,0,0,0,0,0,0,,,,,,,,0,0,0,0,0,0,0,0,0,0,0,0,0,,,,,,,,20260706
,,,89941555S,Ovik Knit Sweater W,FRV,2,0,0,0,0,0,0,0,0,0,0,0,0,0,0,,,,,,,,0,0,0,1,0,0,0,0,0,0,0,0,0,,,,,,,,0,0,0,0,0,0,0,0,0,0,0,0,0,,,,,,,,20260706
,,,89941555XS,Ovik Knit Sweater W,FRV,2,0,0,0,0,0,0,0,0,0,0,0,0,0,0,,,,,,,,0,0,0,1,0,0,0,0,0,0,0,0,0,,,,,,,,0,0,0,0,0,0,0,0,0,0,0,0,0,,,,,,,,20260706
,,,89980118M,ovik Lite Shirt LS W,FRV,0,2,0,0,0,0,0,0,0,0,0,0,0,0,0,,,,,,,,0,1,0,1,1,1,1,1,0,1,1,1,0,,,,,,,,0,0,0,0,0,0,0,0,0,0,0,0,0,,,,,,,,20260706
,,,89980118S,ovik Lite Shirt LS W,FRV,0,1,0,0,0,0,0,0,0,0,0,0,0,0,0,,,,,,,,0,1,0,1,1,1,1,1,0,1,1,1,0,,,,,,,,0,0,0,0,0,0,0,0,0,0,0,0,0,,,,,,,,20260706
,,,89980300M,ovik Lite Shirt LS W,FRV,0,1,0,0,0,0,0,0,0,0,0,0,0,0,0,,,,,,,,0,1,0,1,1,1,1,1,0,1,1,1,0,,,,,,,,0,0,0,0,0,0,0,0,0,0,0,0,0,,,,,,,,20260706
,,,89980300S,ovik Lite Shirt LS W,FRV,0,1,0,0,0,0,0,0,0,0,0,0,0,0,0,,,,,,,,0,1,0,1,1,1,1,0,0,1,1,1,0,,,,,,,,0,0,0,0,0,0,0,0,0,0,0,0,0,,,,,,,,20260706
,,,89995214M,Expedition Down Lite Jacket W,FRV,1,0,0,0,0,0,0,0,0,0,0,0,0,0,0,,,,,,,,0,0,0,0,0,0,0,0,0,0,0,0,0,,,,,,,,0,0,0,0,0,0,0,0,0,0,0,0,0,,,,,,,,20260706
,,,89995214S,Expedition Down Lite Jacket W,FRV,2,0,0,0,0,0,0,0,0,0,0,0,0,0,0,,,,,,,,0,0,0,0,0,0,0,0,0,0,0,0,0,,,,,,,,0,0,0,0,0,0,0,0,0,0,0,0,0,,,,,,,,20260706
,,,89995550L,Expedition Down Lite Jacket W,FRV,0,0,0,0,0,0,0,0,0,0,0,0,0,0,0,,,,,,,,0,0,0,1,0,0,0,0,0,0,0,0,0,,,,,,,,0,0,0,0,0,0,0,0,0,0,0,0,0,,,,,,,,20260706
,,,89995550M,Expedition Down Lite Jacket W,FRV,0,0,0,0,0,0,0,0,0,0,0,0,0,0,0,,,,,,,,0,0,0,1,0,0,0,0,0,0,0,0,0,,,,,,,,0,0,0,0,0,0,0,0,0,0,0,0,0,,,,,,,,20260706
,,,89995560M,Expedition Down Lite Jacket W,FRV,1,0,0,0,0,0,0,0,0,0,0,0,0,0,0,,,,,,,,0,0,0,0,0,0,0,0,0,0,0,0,0,,,,,,,,0,0,0,0,0,0,0,0,0,0,0,0,0,,,,,,,,20260706
,,,89995620M,Expedition Down Lite Jacket W,FRV,1,0,0,0,0,0,0,0,0,0,0,0,0,0,0,,,,,,,,0,0,0,0,0,0,0,0,0,0,0,0,0,,,,,,,,0,0,0,0,0,0,0,0,0,0,0,0,0,,,,,,,,20260706
,,,89995620S,Expedition Down Lite Jacket W,FRV,3,0,0,0,0,0,0,0,0,0,0,0,0,0,0,,,,,,,,0,0,0,0,0,0,0,0,0,0,0,0,0,,,,,,,,0,0,0,0,0,0,0,0,0,0,0,0,0,,,,,,,,20260706
,,,89995620XS,Expedition Down Lite Jacket W,FRV,1,0,0,0,0,0,0,0,0,0,0,0,0,0,0,,,,,,,,0,0,0,0,0,0,0,0,0,0,0,0,0,,,,,,,,0,0,0,0,0,0,0,0,0,0,0,0,0,,,,,,,,20260706
,,,89997319AM,Greenland Jacket W,FRV,1,0,0,0,0,0,0,0,0,0,0,0,0,0,0,,,,,,,,0,0,0,0,0,0,0,0,0,0,0,0,0,,,,,,,,0,0,0,0,0,0,0,0,0,0,0,0,0,,,,,,,,20260706
,,,89997319AS,Greenland Jacket W,FRV,1,0,0,0,0,0,0,0,0,0,0,0,0,0,0,,,,,,,,0,0,0,0,0,0,0,0,0,0,0,0,0,,,,,,,,0,0,0,0,0,0,0,0,0,0,0,0,0,,,,,,,,20260706
,,,89997319S,Greenland Jacket W,FRV,1,0,0,0,0,0,0,0,0,0,0,0,0,0,0,,,,,,,,0,0,0,0,0,0,0,0,0,0,0,0,0,,,,,,,,0,0,0,0,0,0,0,0,0,0,0,0,0,,,,,,,,20260706
,,,90170626-625S,Lappland Hybrid Jacket M,FRV,12,0,0,0,0,0,0,0,0,0,0,0,0,0,0,,,,,,,,0,0,0,0,0,0,0,0,0,0,0,0,0,,,,,,,,0,0,0,0,0,0,0,0,0,0,0,0,0,,,,,,,,20260706
,,,90170633L,Lappland Hybrid Jacket M,FRV,0,1,0,0,0,0,0,0,0,0,0,0,0,0,0,,,,,,,,0,1,0,1,1,1,1,0,0,0,0,1,0,,,,,,,,0,0,0,0,0,0,0,0,0,0,0,0,0,,,,,,,,20260706
,,,90170633M,Lappland Hybrid Jacket M,FRV,0,5,0,0,0,0,0,0,0,0,0,0,0,0,0,,,,,,,,0,1,0,1,1,1,1,0,0,0,0,1,0,,,,,,,,0,0,0,0,0,0,0,0,0,0,0,0,0,,,,,,,,20260706
,,,90170633S,Lappland Hybrid Jacket M,FRV,2,5,0,0,0,0,0,0,0,0,0,0,0,0,0,,,,,,,,0,1,0,2,1,1,1,0,0,0,0,1,0,,,,,,,,0,0,0,0,0,0,0,0,0,0,0,0,0,,,,,,,,20260706
,,,90170662L,Lappland Hybrid Jacket M,FRV,0,2,0,0,0,0,0,0,0,0,0,0,0,0,0,,,,,,,,0,1,0,1,0,0,1,0,0,0,0,0,0,,,,,,,,0,0,0,0,0,0,0,0,0,0,0,0,0,,,,,,,,20260706
,,,90170662M,Lappland Hybrid Jacket M,FRV,0,4,0,0,0,0,0,0,0,0,0,0,0,0,0,,,,,,,,0,1,0,1,1,1,1,0,0,0,0,0,0,,,,,,,,0,0,0,0,0,0,0,0,0,0,0,0,0,,,,,,,,20260706
,,,90170662S,Lappland Hybrid Jacket M,FRV,0,5,0,0,0,0,0,0,0,0,0,0,0,0,0,,,,,,,,0,1,0,1,1,1,0,0,0,0,0,0,0,,,,,,,,0,0,0,0,0,0,0,0,0,0,0,0,0,,,,,,,,20260706
,,,90222626-66244,Barents Pro Hunting Trousers M,FRV,0,0,0,0,0,0,0,0,0,0,0,0,0,0,0,,,,,,,,1,0,0,1,0,0,0,0,0,0,0,0,0,,,,,,,,0,0,0,0,0,0,0,0,0,0,0,0,0,,,,,,,,20260706
,,,9022863346,Barents Pro Hydratic Trs M,FRV,2,0,0,0,0,0,0,0,0,0,0,0,0,0,0,,,,,,,,0,0,0,0,0,0,0,0,0,0,0,0,0,,,,,,,,0,0,0,0,0,0,0,0,0,0,0,0,0,,,,,,,,20260706
,,,90600633S/M,Lappland Eco-Shell Poncho,FRV,3,0,0,0,0,0,0,0,0,0,0,0,0,0,0,,,,,,,,0,0,0,0,0,0,0,0,0,0,0,0,0,,,,,,,,0,0,0,0,0,0,0,0,0,0,0,0,0,,,,,,,,20260706
,,,90631215-625S,Canada Shirt M,FRV,1,0,0,0,0,0,0,0,0,0,0,0,0,0,0,,,,,,,,0,0,0,0,0,0,0,0,0,0,0,0,0,,,,,,,,0,0,0,0,0,0,0,0,0,0,0,0,0,,,,,,,,20260706
,,,90631320S,Canada Shirt M,FRV,1,0,0,0,0,0,0,0,0,0,0,0,0,0,0,,,,,,,,0,0,0,0,0,0,0,0,0,0,0,0,0,,,,,,,,0,0,0,0,0,0,0,0,0,0,0,0,0,,,,,,,,20260706
,,,90631550M,Canada Shirt M,FRV,1,0,0,0,0,0,0,0,0,0,0,0,0,0,0,,,,,,,,0,0,0,0,0,0,0,0,0,0,0,0,0,,,,,,,,0,0,0,0,0,0,0,0,0,0,0,0,0,,,,,,,,20260706
,,,90631550S,Canada Shirt M,FRV,1,0,0,0,0,0,0,0,0,0,0,0,0,0,0,,,,,,,,0,0,0,0,0,0,0,0,0,0,0,0,0,,,,,,,,0,0,0,0,0,0,0,0,0,0,0,0,0,,,,,,,,20260706
,,,9065103044,Sormland Tapered Trousers M,FRV,0,0,0,0,0,0,0,0,0,0,0,0,0,0,0,,,,,,,,0,1,0,0,0,0,0,0,0,0,0,0,0,,,,,,,,0,0,0,0,0,0,0,0,0,0,0,0,0,,,,,,,,20260706
,,,9065103046,Sormland Tapered Trousers M,FRV,0,0,0,0,0,0,0,0,0,0,0,0,0,0,0,,,,,,,,0,1,0,0,0,1,0,0,0,0,0,0,0,,,,,,,,0,0,0,0,0,0,0,0,0,0,0,0,0,,,,,,,,20260706
,,,9065103048,Sormland Tapered Trousers M,FRV,0,0,0,0,0,0,0,0,0,0,0,0,0,0,0,,,,,,,,0,0,0,0,1,1,0,0,0,0,0,0,0,,,,,,,,0,0,0,0,0,0,0,0,0,0,0,0,0,,,,,,,,20260706
,,,9065103050,Sormland Tapered Trousers M,FRV,0,0,0,0,0,0,0,0,0,0,0,0,0,0,0,,,,,,,,0,1,0,0,1,1,1,0,0,1,0,0,0,,,,,,,,0,0,0,0,0,0,0,0,0,0,0,0,0,,,,,,,,20260706
,,,9065162544,Sormland Tapered Trousers M,FRV,0,0,0,0,0,0,0,0,0,0,0,0,0,0,0,,,,,,,,0,0,0,1,0,0,0,0,0,0,0,0,0,,,,,,,,0,0,0,0,0,0,0,0,0,0,0,0,0,,,,,,,,20260706
,,,9065162546,Sormland Tapered Trousers M,FRV,0,0,0,0,0,0,0,0,0,0,0,0,0,0,0,,,,,,,,0,2,0,1,1,1,1,0,0,0,0,0,0,,,,,,,,0,0,0,0,0,0,0,0,0,0,0,0,0,,,,,,,,20260706
,,,9065162548,Sormland Tapered Trousers M,FRV,0,0,0,0,0,0,0,0,0,0,0,0,0,0,0,,,,,,,,0,0,0,0,1,1,1,0,0,0,0,0,0,,,,,,,,0,0,0,0,0,0,0,0,0,0,0,0,0,,,,,,,,20260706
,,,9065162550,Sormland Tapered Trousers M,FRV,0,0,0,0,0,0,0,0,0,0,0,0,0,0,0,,,,,,,,0,1,0,1,0,0,0,0,0,0,0,0,0,,,,,,,,0,0,0,0,0,0,0,0,0,0,0,0,0,,,,,,,,20260706
,,,9065163344,Sormland Tapered Trousers M,FRV,0,0,0,0,0,0,0,0,0,0,0,0,0,0,0,,,,,,,,0,0,0,0,0,0,0,0,0,1,0,0,0,,,,,,,,0,0,0,0,0,0,0,0,0,0,0,0,0,,,,,,,,20260706
,,,9065163346,Sormland Tapered Trousers M,FRV,0,0,0,0,0,0,0,0,0,0,0,0,0,0,0,,,,,,,,0,1,0,2,1,2,1,1,1,1,1,0,0,,,,,,,,0,0,0,0,0,0,0,0,0,0,0,0,0,,,,,,,,20260706
,,,9065163348,Sormland Tapered Trousers M,FRV,0,0,0,0,0,0,0,0,0,0,0,0,0,0,0,,,,,,,,0,0,0,0,0,2,1,1,1,0,1,0,0,,,,,,,,0,0,0,0,0,0,0,0,0,0,0,0,0,,,,,,,,20260706
,,,9065163350,Sormland Tapered Trousers M,FRV,0,0,0,0,0,0,0,0,0,0,0,0,0,0,0,,,,,,,,0,1,0,2,2,1,0,0,0,1,1,0,0,,,,,,,,0,0,0,0,0,0,0,0,0,0,0,0,0,,,,,,,,20260706
,,,9065163352,Sormland Tapered Trousers M,FRV,0,0,0,0,0,0,0,0,0,0,0,0,0,0,0,,,,,,,,0,0,0,0,1,1,0,0,0,0,0,0,0,,,,,,,,0,0,0,0,0,0,0,0,0,0,0,0,0,,,,,,,,20260706
,,,90655232L,Singi Overshirt M,FRV,0,0,0,0,0,0,0,0,0,0,0,0,0,0,0,,,,,,,,0,1,0,1,1,1,1,0,0,1,0,1,0,,,,,,,,0,0,0,0,0,0,0,0,0,0,0,0,0,,,,,,,,20260706
,,,90655232M,Singi Overshirt M,FRV,0,0,0,0,0,0,0,0,0,0,0,0,0,0,0,,,,,,,,0,0,0,1,1,1,1,0,0,0,0,1,0,,,,,,,,0,0,0,0,0,0,0,0,0,0,0,0,0,,,,,,,,20260706
,,,90655232S,Singi Overshirt M,FRV,0,0,0,0,0,0,0,0,0,0,0,0,0,0,0,,,,,,,,0,1,0,0,0,1,1,0,0,1,0,1,0,,,,,,,,0,0,0,0,0,0,0,0,0,0,0,0,0,,,,,,,,20260706
,,,90655232XS,Singi Overshirt M,FRV,0,0,0,0,0,0,0,0,0,0,0,0,0,0,0,,,,,,,,0,1,0,1,0,0,0,0,0,1,0,0,0,,,,,,,,0,0,0,0,0,0,0,0,0,0,0,0,0,,,,,,,,20260706
,,,90655534M,Singi Overshirt M,FRV,0,0,0,0,0,0,0,0,0,0,0,0,0,0,0,,,,,,,,0,0,0,1,0,0,0,0,0,0,0,0,0,,,,,,,,0,0,0,0,0,0,0,0,0,0,0,0,0,,,,,,,,20260706
,,,90655625XS,Singi Overshirt M,FRV,0,0,0,0,0,0,0,0,0,0,0,0,0,0,0,,,,,,,,0,0,0,1,0,0,0,0,0,0,0,0,0,,,,,,,,0,0,0,0,0,0,0,0,0,0,0,0,0,,,,,,,,20260706
,,,90655633L,Singi Overshirt M,FRV,0,0,0,0,0,0,0,0,0,0,0,0,0,0,0,,,,,,,,0,0,0,0,0,0,0,0,0,0,0,1,0,,,,,,,,0,0,0,0,0,0,0,0,0,0,0,0,0,,,,,,,,20260706
,,,90655633M,Singi Overshirt M,FRV,0,0,0,0,0,0,0,0,0,0,0,0,0,0,0,,,,,,,,0,0,0,1,0,1,1,0,1,1,1,1,0,,,,,,,,0,0,0,0,0,0,0,0,0,0,0,0,0,,,,,,,,20260706
,,,90655633S,Singi Overshirt M,FRV,0,0,0,0,0,0,0,0,0,0,0,0,0,0,0,,,,,,,,0,0,0,0,0,1,2,0,1,0,0,2,0,,,,,,,,0,0,0,0,0,0,0,0,0,0,0,0,0,,,,,,,,20260706
,,,90662550L,Expedition Down Booties,FRV,5,0,0,0,0,0,0,0,0,0,0,0,0,0,0,,,,,,,,0,0,0,0,0,0,0,0,0,0,0,0,0,,,,,,,,0,0,0,0,0,0,0,0,0,0,0,0,0,,,,,,,,20260706
,,,90662550M,Expedition Down Booties,FRV,7,0,0,0,0,0,0,0,0,0,0,0,0,0,0,,,,,,,,0,0,0,0,0,0,0,0,0,0,0,0,0,,,,,,,,0,0,0,0,0,0,0,0,0,0,0,0,0,,,,,,,,20260706
,,,90662550S,Expedition Down Booties,FRV,4,0,0,0,0,0,0,0,0,0,0,0,0,0,0,,,,,,,,0,0,0,0,0,0,0,0,0,0,0,0,0,,,,,,,,0,0,0,0,0,0,0,0,0,0,0,0,0,,,,,,,,20260706
,,,90662550XL,Expedition Down Booties,FRV,3,0,0,0,0,0,0,0,0,0,0,0,0,0,0,,,,,,,,0,0,0,0,0,0,0,0,0,0,0,0,0,,,,,,,,0,0,0,0,0,0,0,0,0,0,0,0,0,,,,,,,,20260706
,,,90663050L/XL,Expedition Down Heater,FRV,0,0,0,0,0,0,0,0,0,0,0,0,0,0,0,,,,,,,,0,0,0,0,0,0,0,0,1,0,0,0,0,,,,,,,,0,0,0,0,0,0,0,0,0,0,0,0,0,,,,,,,,20260706
,,,90663050S/M,Expedition Down Heater,FRV,1,0,0,0,0,0,0,0,0,0,0,0,0,0,0,,,,,,,,0,0,0,1,0,0,0,0,1,0,0,0,0,,,,,,,,0,0,0,0,0,0,0,0,0,0,0,0,0,,,,,,,,20260706
,,,90663525L/XL,Expedition Down Heater,FRV,1,0,0,0,0,0,0,0,0,0,0,0,0,0,0,,,,,,,,0,0,0,1,0,0,0,0,1,0,0,0,0,,,,,,,,0,0,0,0,0,0,0,0,0,0,0,0,0,,,,,,,,20260706
,,,90663525S/M,Expedition Down Heater,FRV,0,0,0,0,0,0,0,0,0,0,0,0,0,0,0,,,,,,,,0,0,0,1,0,0,0,0,1,0,0,0,0,,,,,,,,0,0,0,0,0,0,0,0,0,0,0,0,0,,,,,,,,20260706
,,,90663550L/XL,Expedition Down Heater,FRV,0,0,0,0,0,0,0,0,0,0,0,0,0,0,0,,,,,,,,0,0,0,1,0,0,0,0,0,0,0,0,0,,,,,,,,0,0,0,0,0,0,0,0,0,0,0,0,0,,,,,,,,20260706
,,,90663550S/M,Expedition Down Heater,FRV,0,0,0,0,0,0,0,0,0,0,0,0,0,0,0,,,,,,,,0,0,0,1,0,0,0,0,0,0,0,0,0,,,,,,,,0,0,0,0,0,0,0,0,0,0,0,0,0,,,,,,,,20260706
,,,90663662L/XL,Expedition Down Heater,FRV,0,0,0,0,0,0,0,0,0,0,0,0,0,0,0,,,,,,,,0,0,0,1,0,0,0,0,0,0,0,0,0,,,,,,,,0,0,0,0,0,0,0,0,0,0,0,0,0,,,,,,,,20260706
,,,90663662S/M,Expedition Down Heater,FRV,0,0,0,0,0,0,0,0,0,0,0,0,0,0,0,,,,,,,,0,0,0,0,0,0,0,0,1,0,0,0,0,,,,,,,,0,0,0,0,0,0,0,0,0,0,0,0,0,,,,,,,,20260706
,,,90664334L/XL,Expedition Padded Cap,FRV,3,0,0,0,0,0,0,0,0,0,0,0,0,0,0,,,,,,,,0,0,0,1,0,0,0,0,0,0,0,0,0,,,,,,,,0,0,0,0,0,0,0,0,0,0,0,0,0,,,,,,,,20260706
,,,90664334S/M,Expedition Padded Cap,FRV,0,0,0,0,0,0,0,0,0,0,0,0,0,0,0,,,,,,,,0,0,0,1,0,0,0,0,0,0,0,0,0,,,,,,,,0,0,0,0,0,0,0,0,0,0,0,0,0,,,,,,,,20260706
,,,90664525L/XL,Expedition Padded Cap,FRV,0,0,0,0,0,0,0,0,0,0,0,0,0,0,0,,,,,,,,0,0,0,1,0,0,0,0,0,0,0,0,0,,,,,,,,0,0,0,0,0,0,0,0,0,0,0,0,0,,,,,,,,20260706
,,,90664525S/M,Expedition Padded Cap,FRV,0,0,0,0,0,0,0,0,0,0,0,0,0,0,0,,,,,,,,0,0,0,1,0,0,0,0,0,0,0,0,0,,,,,,,,0,0,0,0,0,0,0,0,0,0,0,0,0,,,,,,,,20260706
,,,9070263336,Sormland Tapered Winter Trs W,FRV,2,0,0,0,0,0,0,0,0,0,0,0,0,0,0,,,,,,,,0,0,0,0,0,0,0,0,0,0,0,0,0,,,,,,,,0,0,0,0,0,0,0,0,0,0,0,0,0,,,,,,,,20260706
,,,9070263338,Sormland Tapered Winter Trs W,FRV,4,0,0,0,0,0,0,0,0,0,0,0,0,0,0,,,,,,,,0,0,0,0,0,0,0,0,0,0,0,0,0,,,,,,,,0,0,0,0,0,0,0,0,0,0,0,0,0,,,,,,,,20260706
,,,98447210L/XL,Safety Cap,FRV,0,0,0,0,0,0,0,0,0,0,0,0,0,0,0,,,,,,,,0,2,0,0,2,1,2,0,0,0,0,0,0,,,,,,,,0,0,0,0,0,0,0,0,0,0,0,0,0,,,,,,,,20260706
,,,98447210S/M,Safety Cap,FRV,0,0,0,0,0,0,0,0,0,0,0,0,0,0,0,,,,,,,,0,2,0,1,1,0,2,0,0,0,0,0,0,,,,,,,,0,0,0,0,0,0,0,0,0,0,0,0,0,,,,,,,,20260706
