処理番号,営業日付,店舗名称,3rd Item No.,表記部門名1,StyleNo,商品名,ColorNo,ColorName,Size,数量,税抜単価,税単価,税込単価,税抜金額,税額,税込金額,上代,金種名,調整値引,客層名,拡張名,販売者,会員フラグ,会員番号
449283,2026/06/29,FJALLRAVEN by 3NITY玉川高島屋S・C,23505326X,FJALLRAVEN,23505,Kanken Shoulder Pads,326,Ox Red,X,1,"3,150",315,"3,465","3,150",315,"3,465","3,500",複数金種,,男性,IV,小林,1,143349
449284,2026/06/29,FJALLRAVEN by 3NITY ルクア大阪,23797031X,FJALLRAVEN,23797,Kanken Sling,031,GRAPHITE,X,1,"10,500","1,050","11,550","10,500","1,050","11,550","10,500",複数金種,,女性,IV,志良堂,1,143710
449284,2026/06/29,FJALLRAVEN by 3NITY ルクア大阪,RP010,Other,RP010,ショッパー(S),,,X,1,50,5,55,50,5,55,50,複数金種,,女性,IV,志良堂,1,143710
449285,2026/06/29,FJALLRAVEN by 3NITY 京王新宿,23200339620-221X,FJALLRAVEN,23200339,Vardag Pocket Large,620-221,Green-Clay,X,1,"9,000",900,"9,900","9,000",900,"9,900","9,000",現金,,女性,VI,高橋,0,
449286,2026/06/29,FJALLRAVEN by 3NITY ルクア大阪,23226623X,FJALLRAVEN,23226,High Coast Pocket,623,Mountain Green,X,1,"5,000",500,"5,500","5,000",500,"5,500","5,000",カード,,男性,V,志良堂,1,143711
449287,2026/06/29,FJALLRAVEN by 3NITY 京王新宿,23223016X,FJALLRAVEN,23223,High Coast Hip Pack,016,Shark Grey,X,1,"6,500",650,"7,150","6,500",650,"7,150","6,500",現金,,女性,VI,高橋,0,
449289,2026/06/29,FJALLRAVEN by 3NITY ルクア大阪,7728124985,FJALLRAVEN,77281,Singi Belt 4 cm,249,Leather Cognac,85,1,"9,500",950,"10,450","9,500",950,"10,450","10,500",電子マネー,,女性,II,志良堂,1,112781
449289,2026/06/29,FJALLRAVEN by 3NITY ルクア大阪,GIFT300,Other,GIFT300,Gift Wrapping (S),,,X,1,300,30,330,300,30,330,300,電子マネー,,女性,II,志良堂,1,112781
449289,2026/06/29,FJALLRAVEN by 3NITY ルクア大阪,RP010,Other,RP010,ショッパー(S),,,X,1,50,5,55,50,5,55,50,電子マネー,,女性,II,志良堂,1,112781
449290,2026/06/29,FJALLRAVEN by 3NITY 京王新宿,87153300S,FJALLRAVEN,87153,Fox Boxy Logo Tee W,300,Dusty Rose,S,1,"6,500",650,"7,150","6,500",650,"7,150","6,500",現金,,女性,VI,高橋,0,
449290,2026/06/29,FJALLRAVEN by 3NITY 京王新宿,RP010,Other,RP010,ショッパー(S),,,X,1,50,5,55,50,5,55,50,現金,,女性,VI,高橋,0,
449291,2026/06/29,FJALLRAVEN by 3NITY 京王新宿,12500169550S,FJALLRAVEN,12500169,Bergtagen Stretch Jacket M,550,Black,S,1,"33,600","3,360","36,960","33,600","3,360","36,960","42,000",現金,,男性,IV,高橋,1,141122
449292,2026/06/29,FJALLRAVEN by 3NITY 京王新宿,Hokkosai1200X,Other,Hokkosai1200,北狐祭手ぬぐい,,,X,1,600,60,660,600,60,660,"1,200",現金,,女性,IV,高橋,1,143712
449292,2026/06/29,FJALLRAVEN by 3NITY 京王新宿,14600200570S,FJALLRAVEN,14600200,ovik Hemp Camp Shirt SS W,570,Mountain Blue,S,1,"14,500","1,450","15,950","14,500","1,450","15,950","14,500",現金,,女性,IV,高橋,1,143712
449292,2026/06/29,FJALLRAVEN by 3NITY 京王新宿,23301171X,FJALLRAVEN,23301,Ulvo 23,171,Red Gold,X,1,"20,000","2,000","22,000","20,000","2,000","22,000","20,000",現金,,女性,IV,高橋,1,143712
449292,2026/06/29,FJALLRAVEN by 3NITY 京王新宿,RP012,Other,RP012,ショッパー(L),,,X,1,50,5,55,50,5,55,50,現金,,女性,IV,高橋,1,143712
449293,2026/06/29,FJALLRAVEN by 3NITY 京王新宿,23565633X,FJALLRAVEN,23565,Kanken No.2,633,Dark Olive,X,1,"18,000","1,800","19,800","18,000","1,800","19,800","20,000",現金,,女性,V,高橋,1,142016
449293,2026/06/29,FJALLRAVEN by 3NITY 京王新宿,23200254614X,FJALLRAVEN,23200254,High Coast Duffel 36,614,Patina Green,X,1,"17,100","1,710","18,810","17,100","1,710","18,810","19,000",現金,,女性,V,高橋,1,142016
449293,2026/06/29,FJALLRAVEN by 3NITY 京王新宿,RP011,Other,RP011,ショッパー(M),,,X,1,50,5,55,50,5,55,50,現金,,女性,V,高橋,1,142016
449294,2026/06/29,FJALLRAVEN by 3NITY ルクア大阪,23561021-312X,FJALLRAVEN,23561,Kanken Mini,021-312,Fog-Pink,X,1,"12,000","1,200","13,200","12,000","1,200","13,200","12,000",複数金種,,女性,IV,志良堂,1,143713
449294,2026/06/29,FJALLRAVEN by 3NITY ルクア大阪,23506560X,FJALLRAVEN,23506,Kanken Mini Shoulder Pads,560,Navy,X,1,"3,000",300,"3,300","3,000",300,"3,300","3,000",複数金種,,女性,IV,志良堂,1,143713
449294,2026/06/29,FJALLRAVEN by 3NITY ルクア大阪,RP011,Other,RP011,ショッパー(M),,,X,1,50,5,55,50,5,55,50,複数金種,,女性,IV,志良堂,1,143713
449295,2026/06/29,FJALLRAVEN by 3NITY玉川高島屋S・C,23710031X,FJALLRAVEN,23710,Kanken Totepack,031,Graphite,X,1,"15,000","1,500","16,500","15,000","1,500","16,500","15,000",カード,,女性,V,小林,0,
449295,2026/06/29,FJALLRAVEN by 3NITY玉川高島屋S・C,TNC102140X,TENNEN,TNC102,ジャンボ結び＆ボールチャーム,140,Natural,X,1,"3,500",350,"3,850","3,500",350,"3,850","3,500",カード,,女性,V,小林,0,
449295,2026/06/29,FJALLRAVEN by 3NITY玉川高島屋S・C,GIFT500,Other,GIFT500,Gift Wrapping (L),,,X,1,500,50,550,500,50,550,500,カード,,女性,V,小林,0,
449296,2026/06/29,FJALLRAVEN by 3NITY ルクア大阪,14600200570S,FJALLRAVEN,14600200,ovik Hemp Camp Shirt SS W,570,Mountain Blue,S,1,"13,050","1,305","14,355","13,050","1,305","14,355","14,500",カード,,女性,IV,志良堂,1,139761
449296,2026/06/29,FJALLRAVEN by 3NITY ルクア大阪,14600200030S,FJALLRAVEN,14600200,ovik Hemp Camp Shirt SS W,030,Dark Grey,S,1,"13,050","1,305","14,355","13,050","1,305","14,355","14,500",カード,,女性,IV,志良堂,1,139761
449297,2026/06/29,FJALLRAVEN by 3NITY TOKYO,23200352620X,FJALLRAVEN,23200352,Kajka X-Latt 45 M/L,620,Green,X,1,"48,000",0,"48,000","48,000",0,"48,000","48,000",カード,,外国男性,III,及川,0,
449297,2026/06/29,FJALLRAVEN by 3NITY TOKYO,23100184525X,FJALLRAVEN,23100184,Rain Cover Latt 45-50,525,UN Blue,X,1,"7,000",0,"7,000","7,000",0,"7,000","7,000",カード,,外国男性,III,及川,0,
449297,2026/06/29,FJALLRAVEN by 3NITY TOKYO,87176662-62546/R,FJALLRAVEN,87176,Keb Trousers M,662-625,Deep Forest-Laurel Green,46/R,1,"32,000",0,"32,000","32,000",0,"32,000","32,000",カード,,外国男性,III,及川,0,
449298,2026/06/29,FJALLRAVEN by 3NITY ルクア大阪,54830550X,FJALLRAVEN,54830,Dome 3 Footprint,550,Black,X,1,"14,000","1,400","15,400","14,000","1,400","15,400","19,000",ポイント,,男性,II,生田,1,141911
449299,2026/06/29,FJALLRAVEN by 3NITY ルクア大阪,23510302X,FJALLRAVEN,23510,Kanken,302,Chalk Rose,X,1,"13,000","1,300","14,300","13,000","1,300","14,300","13,000",現金,,女性,I,志良堂,1,143714
449299,2026/06/29,FJALLRAVEN by 3NITY ルクア大阪,RP011,Other,RP011,ショッパー(M),,,X,1,50,5,55,50,5,55,50,現金,,女性,I,志良堂,1,143714
449300,2026/06/29,FJALLRAVEN by 3NITY ルクア大阪,23797457X,FJALLRAVEN,23797,Kanken Sling,457,Pastel Lavender,X,1,"10,500",0,"10,500","10,500",0,"10,500","10,500",電子マネー,,外国女性,III,志良堂,0,
449300,2026/06/29,FJALLRAVEN by 3NITY ルクア大阪,24221679X,FJALLRAVEN,24221,Pocket,679,Deep Patina,X,1,"6,000",0,"6,000","6,000",0,"6,000","6,000",電子マネー,,外国女性,III,志良堂,0,
449301,2026/06/29,FJALLRAVEN by 3NITY玉川高島屋S・C,23510560X,FJALLRAVEN,23510,Kanken,560,Navy,X,1,"13,000","1,300","14,300","13,000","1,300","14,300","13,000",電子マネー,,男性,VI,小林,0,
449302,2026/06/29,FJALLRAVEN by 3NITY SAPPORO HUTTE,12600216620L,FJALLRAVEN,12600216,WalkWithNatureT-shirtM,620,Green,L,1,"5,525",553,"6,078","5,525",553,"6,078","6,500",カード,,男性,IV,佐藤,1,133371
449302,2026/06/29,FJALLRAVEN by 3NITY SAPPORO HUTTE,12600216244L,FJALLRAVEN,12600216,Walk With Nature T-shirt M,244,Suede Brown,L,1,"5,525",553,"6,078","5,525",553,"6,078","6,500",カード,,男性,IV,佐藤,1,133371
449302,2026/06/29,FJALLRAVEN by 3NITY SAPPORO HUTTE,24221633X,FJALLRAVEN,24221,Pocket,633,Dark Olive,X,1,"5,000",500,"5,500","5,000",500,"5,500","6,000",カード,,男性,IV,佐藤,1,133371
449303,2026/06/29,FJALLRAVEN by 3NITY ルクア大阪,23510118X,FJALLRAVEN,23510,Kanken,118,Fossil,X,1,"13,000","1,300","14,300","13,000","1,300","14,300","13,000",現金,,女性,IV,生田,1,143715
449304,2026/06/29,FJALLRAVEN by 3NITY ルクア大阪,77316550X,FJALLRAVEN,77316,Keb Trekking Belt,550,Black,X,1,"4,320",432,"4,752","4,320",432,"4,752","4,800",カード,,男性,IV,志良堂,1,143107
449304,2026/06/29,FJALLRAVEN by 3NITY ルクア大阪,86977625S,FJALLRAVEN,86977,Abisko Wool Logo SS M,625,Laurel Green,S,1,"9,900",990,"10,890","9,900",990,"10,890","11,000",カード,,男性,IV,志良堂,1,143107
449304,2026/06/29,FJALLRAVEN by 3NITY ルクア大阪,79060X,FJALLRAVEN,79060,Greenland Wax,,,X,1,"1,350",135,"1,485","1,350",135,"1,485","1,500",カード,,男性,IV,志良堂,1,143107
449304,2026/06/29,FJALLRAVEN by 3NITY ルクア大阪,86977550S,FJALLRAVEN,86977,Abisko Wool Logo SS M,550,Black,S,1,"9,900",990,"10,890","9,900",990,"10,890","11,000",カード,,男性,IV,志良堂,1,143107
449304,2026/06/29,FJALLRAVEN by 3NITY ルクア大阪,86411550-55048/R,FJALLRAVEN,86411,Keb Agile Trousers M,550-550,Black-Black,48/R,1,"27,900","2,790","30,690","27,900","2,790","30,690","31,000",カード,,男性,IV,志良堂,1,143107
449304,2026/06/29,FJALLRAVEN by 3NITY ルクア大阪,8641163348/R,FJALLRAVEN,86411,Keb Agile Trousers M,633,Dark Olive,48/R,1,"27,900","2,790","30,690","27,900","2,790","30,690","31,000",カード,,男性,IV,志良堂,1,143107
449304,2026/06/29,FJALLRAVEN by 3NITY ルクア大阪,RP011,Other,RP011,ショッパー(M),,,X,1,50,5,55,50,5,55,50,カード,,男性,IV,志良堂,1,143107
449305,2026/06/29,FJALLRAVEN by 3NITY ルクア大阪,23227543X,FJALLRAVEN,23227,High Coast Crossbody,543,Dawn Blue,X,1,"10,000",0,"10,000","10,000",0,"10,000","10,000",現金,,外国女性,II,生田,0,
449306,2026/06/29,FJALLRAVEN by 3NITY 京王新宿,23797664-319X,FJALLRAVEN,23797,Kanken Sling,664-319,Frost Green-Peach Pink,X,1,"10,500","1,050","11,550","10,500","1,050","11,550","10,500",現金,,女性,II,高橋,0,
449307,2026/06/29,FJALLRAVEN by 3NITY 京王新宿,23796424X,FJALLRAVEN,23796,Kanken Hip Pack,424,Blackberry,X,1,"8,000",800,"8,800","8,000",800,"8,800","8,000",現金,,女性,IV,沖山,1,143717
449310,2026/06/29,FJALLRAVEN by 3NITY TOKYO,86984550XS,FJALLRAVEN,86984,HC Hydratic Trail Jacket M,550,Black,XS,1,"42,000",0,"42,000","42,000",0,"42,000","42,000",カード,,外国男性,V,及川,0,
449310,2026/06/29,FJALLRAVEN by 3NITY TOKYO,TNA04210125-27,TENNEN,TNA042,天撚くつした/MERINO WOOL×COTTON,101,Charcoal,25-27,1,"2,400",0,"2,400","2,400",0,"2,400","2,400",カード,,外国男性,V,及川,0,
449313,2026/06/29,FJALLRAVEN by 3NITY TOKYO NODE,79030X,FJALLRAVEN,79030,Greenland Wax travel pack,,,X,1,850,85,935,850,85,935,850,現金,,女性,II,井上,0,
449314,2026/06/29,FJALLRAVEN by 3NITY玉川高島屋S・C,Hokkosai1200X,Other,Hokkosai1200,北狐祭手ぬぐい,,,X,1,600,60,660,600,60,660,"1,200",ポイント,,男性,IV,小林,1,138076
449315,2026/06/29,FJALLRAVEN by 3NITY 大丸心斎橋,23802664X,FJALLRAVEN,23802,Kanken Weekender,664,Frost Green,X,1,"28,000","2,800","30,800","28,000","2,800","30,800","28,000",複数金種,,外国女性,III,久保,1,１４３７１８
449317,2026/06/29,FJALLRAVEN by 3NITY TOKYO NODE,79030X,FJALLRAVEN,79030,Greenland Wax travel pack,,,X,-1,850,85,935,-850,-85,-935,850,現金,,女性,II,共通ユーザ,0,
449318,2026/06/29,FJALLRAVEN POPUP NARITA,23223452X,FJALLRAVEN,23223,HighCoastHipPack,452,Lavender Mist,X,1,"6,500",0,"6,500","6,500",0,"6,500","6,500",カード,,外国女性,III,島田,0,
449319,2026/06/29,FJALLRAVEN by 3NITY ルクア大阪,23223221X,FJALLRAVEN,23223,High Coast Hip Pack,221,Clay,X,1,"6,500",650,"7,150","6,500",650,"7,150","6,500",電子マネー,,女性,V,鶴井,1,143719
449320,2026/06/29,FJALLRAVEN by 3NITY 大丸心斎橋,RP001,Other,RP001,修理代,,,X,1,"2,000",200,"2,200","2,000",200,"2,200",0,カード,,女性,IV,大山,1,137622
449321,2026/06/29,FJALLRAVEN by 3NITY TOKYO,TNT026121S,TENNEN,TNT026,天撚Tシャツ /メリノウール,121,Light Blue,S,1,"11,000",0,"11,000","11,000",0,"11,000","11,000",電子マネー,,外国女性,II,須藤,0,
449322,2026/06/29,FJALLRAVEN by 3NITY ルクア大阪,12600216113L,FJALLRAVEN,12600216,Walk With Nature T-shirt M,113,Chalk White,L,1,"5,525",553,"6,078","5,525",553,"6,078","6,500",カード,,男性,III,鶴井,1,134936
449322,2026/06/29,FJALLRAVEN by 3NITY ルクア大阪,23780550X,FJALLRAVEN,23780,Kanken Card Wallet,550,Black,X,1,"5,000",500,"5,500","5,000",500,"5,500","6,000",カード,,男性,III,鶴井,1,134936
449322,2026/06/29,FJALLRAVEN by 3NITY ルクア大阪,RP011,Other,RP011,ショッパー(M),,,X,1,50,5,55,50,5,55,50,カード,,男性,III,鶴井,1,134936
449323,2026/06/29,FJALLRAVEN POPUP NARITA,23510576X,FJALLRAVEN,23510,Kanken,576,Midnight Purple,X,1,"13,000",0,"13,000","13,000",0,"13,000","13,000",カード,,外国女性,III,島田,0,
449323,2026/06/29,FJALLRAVEN POPUP NARITA,23565238X,FJALLRAVEN,23565,Kanken No.2,238,Hazel Brown,X,1,"20,000",0,"20,000","20,000",0,"20,000","20,000",カード,,外国女性,III,島田,0,
449325,2026/06/29,FJALLRAVEN by 3NITY TOKYO,23510620X,FJALLRAVEN,23510,Kanken,620,Green,X,1,"13,000",0,"13,000","13,000",0,"13,000","13,000",カード,,外国女性,II,須藤,0,
449325,2026/06/29,FJALLRAVEN by 3NITY TOKYO,RP011,Other,RP011,ショッパー(M),,,X,1,50,5,55,50,5,55,50,カード,,外国女性,II,須藤,0,
449326,2026/06/29,FJALLRAVEN by 3NITY 大丸心斎橋,23165550X,FJALLRAVEN,23165,Ulvo Hip Pack Medium,550,Black,X,1,"8,000",800,"8,800","8,000",800,"8,800","8,000",複数金種,,外国男性,III,大山,0,
449327,2026/06/29,FJALLRAVEN by 3NITY TOKYO,23561457X,FJALLRAVEN,23561,Kanken Mini,457,Pastel Lavender,X,1,"12,000","1,200","13,200","12,000","1,200","13,200","12,000",現金,,女性,II,花山,1,143720
449328,2026/06/29,FJALLRAVEN POPUP NARITA,23510620X,FJALLRAVEN,23510,Kanken,620,Green,X,1,"13,000",0,"13,000","13,000",0,"13,000","13,000",カード,,外国女性,III,岡田,0,
449329,2026/06/29,FJALLRAVEN by 3NITY 京王新宿,23349300X,FJALLRAVEN,23349,Skule 20,300,Dusty Rose,X,1,"12,000","1,200","13,200","12,000","1,200","13,200","12,000",現金,,外国女性,II,高橋,0,
449330,2026/06/29,6142,23225620X,FJALLRAVEN,23225,High Coast Totepack,620,Green,X,1,"13,000","1,300","14,300","13,000","1,300","14,300","13,000",カード,,外国男性,III,中尾,0,
449331,2026/06/29,6142,23200337171X,FJALLRAVEN,23200337,Skule Sling 6,171,Red Gold,X,1,"9,000",0,"9,000","9,000",0,"9,000","9,000",現金,,外国男性,III,中尾,0,
449331,2026/06/29,6142,23800550X,FJALLRAVEN,23800,Kanken No. 2 Black Hip Pack,550,Black,X,1,"11,000",0,"11,000","11,000",0,"11,000","11,000",現金,,外国男性,III,中尾,0,
449331,2026/06/29,6142,23620302-907X,FJALLRAVEN,23620,KankenRainbow,302-907,Chalk Rose-Rainbow,X,1,"13,500",0,"13,500","13,500",0,"13,500","13,500",現金,,外国男性,III,中尾,0,
449332,2026/06/29,6142,23510312X,FJALLRAVEN,23510,Kanken,312,Pink,X,1,"13,000",0,"13,000","13,000",0,"13,000","13,000",現金,,外国女性,IV,中尾,0,
449332,2026/06/29,6142,13100181550S/M,FJALLRAVEN,13100181,Fjallraven Logo Cap,550,Black,S/M,1,"7,000",0,"7,000","7,000",0,"7,000","7,000",現金,,外国女性,IV,中尾,0,
449333,2026/06/29,FJALLRAVEN by 3NITY 大丸心斎橋,24221030X,FJALLRAVEN,24221,Pocket,030,Dark Grey,X,1,"6,000",600,"6,600","6,000",600,"6,600","6,000",カード,,女性,IV,久保,0,
449333,2026/06/29,FJALLRAVEN by 3NITY 大丸心斎橋,RP010,Other,RP010,ショッパー(S),,,X,1,50,5,55,50,5,55,50,カード,,女性,IV,久保,0,
449334,2026/06/29,6142,23226452X,FJALLRAVEN,23226,HighCoastPocket,452,Lavender Mist,X,1,"5,000",500,"5,500","5,000",500,"5,500","5,000",カード,,男性,II,中尾,0,
449334,2026/06/29,6142,23223560X,FJALLRAVEN,23223,High Coast Hip Pack,560,Navy,X,1,"6,500",650,"7,150","6,500",650,"7,150","6,500",カード,,男性,II,中尾,0,
449335,2026/06/29,FJALLRAVEN STORE 名古屋ファッションワン,27248326X,FJALLRAVEN,27248,Vardag Pocket,326,Ox Red,X,1,"3,500",350,"3,850","3,500",350,"3,850","4,500",現金,,男性,III,清水,1,126724
449336,2026/06/29,6142,8689103046/S,FJALLRAVEN,86891,Vidda Pro Lite Trousers M,030,Dark Grey,46/S,1,"25,000","2,500","27,500","25,000","2,500","27,500","25,000",カード,,外国男性,II,中尾,0,
449337,2026/06/29,6142,23223550X,FJALLRAVEN,23223,High Coast Hip Pack,550,Black,X,1,"6,500",650,"7,150","6,500",650,"7,150","6,500",カード,,外国男性,II,中尾,0,
449338,2026/06/29,FJALLRAVEN POPUP NARITA,TNA036106110,TENNEN,TNA036,長尺注染手ぬぐい/麻の葉,106,Navy,110,1,"2,070",207,"2,277","2,070",207,"2,277","2,300",電子マネー,,男性,III,永山,0,
449339,2026/06/29,FJALLRAVEN STORE 名古屋ファッションワン,14600203550XS,FJALLRAVEN,14600203,Abisko Lite SS W,550,Black,XS,1,"6,375",638,"7,013","6,375",638,"7,013","7,500",カード,,女性,V,久保,1,135346
449339,2026/06/29,FJALLRAVEN STORE 名古屋ファッションワン,86989113S,FJALLRAVEN,86989,1960 Logo T-shirt LS W,113,Chalk White,S,1,"7,650",765,"8,415","7,650",765,"8,415","9,000",カード,,女性,V,久保,1,135346
449339,2026/06/29,FJALLRAVEN STORE 名古屋ファッションワン,13100240550L/XL,FJALLRAVEN,13100240,Fjallraven Flat Brim Cap,550,Black,L/XL,1,"7,400",740,"8,140","7,400",740,"8,140","7,400",カード,,女性,V,久保,1,135346
449339,2026/06/29,FJALLRAVEN STORE 名古屋ファッションワン,13100236555X,FJALLRAVEN,13100236,Fjallblomster Bandana,555,Dark Navy,X,1,"6,000",600,"6,600","6,000",600,"6,600","6,000",カード,,女性,V,久保,1,135346
449339,2026/06/29,FJALLRAVEN STORE 名古屋ファッションワン,23785334X,FJALLRAVEN,23785,Kanken Keyring,334,True Red,X,1,"1,500",150,"1,650","1,500",150,"1,650","1,500",カード,,女性,V,久保,1,135346
449339,2026/06/29,FJALLRAVEN STORE 名古屋ファッションワン,23785664X,FJALLRAVEN,23785,Kanken Keyring,664,Frost Green,X,1,"1,500",150,"1,650","1,500",150,"1,650","1,500",カード,,女性,V,久保,1,135346
449340,2026/06/29,FJALLRAVEN STORE 名古屋ファッションワン,87040357XS,FJALLRAVEN,87040,Ovik Travel Shirt SS W,357,Port,XS,1,"8,800",880,"9,680","8,800",880,"9,680","11,000",カード,,男性,V,久保,1,106623
449340,2026/06/29,FJALLRAVEN STORE 名古屋ファッションワン,14200222118S,FJALLRAVEN,14200222,Vardag Skirt W,118,Fossil,S,1,"15,200","1,520","16,720","15,200","1,520","16,720","19,000",カード,,男性,V,久保,1,106623
449340,2026/06/29,FJALLRAVEN STORE 名古屋ファッションワン,14200222620S,FJALLRAVEN,14200222,Vardag Skirt W,620,Green,S,1,"15,200","1,520","16,720","15,200","1,520","16,720","19,000",カード,,男性,V,久保,1,106623
449340,2026/06/29,FJALLRAVEN STORE 名古屋ファッションワン,1420022911834,FJALLRAVEN,14200229,Vardag Relaxed Trousers W,118,Fossil,34,1,"17,600","1,760","19,360","17,600","1,760","19,360","22,000",カード,,男性,V,久保,1,106623
449340,2026/06/29,FJALLRAVEN STORE 名古屋ファッションワン,1420022962034,FJALLRAVEN,14200229,Vardag Relaxed Trousers W,620,Green,34,1,"17,600","1,760","19,360","17,600","1,760","19,360","22,000",カード,,男性,V,久保,1,106623
449340,2026/06/29,FJALLRAVEN STORE 名古屋ファッションワン,14600264111-452S,FJALLRAVEN,14600264,Ovik Lite Flannel Shirt W,111-452,Lavender Mist-Eggshell,S,1,"15,200","1,520","16,720","15,200","1,520","16,720","19,000",カード,,男性,V,久保,1,106623
449340,2026/06/29,FJALLRAVEN STORE 名古屋ファッションワン,14600265452S,FJALLRAVEN,14600265,Abisko Wool Hoodie W,452,Lavender Mist,S,1,"15,600","1,560","17,160","15,600","1,560","17,160","19,500",カード,,男性,V,久保,1,106623
449340,2026/06/29,FJALLRAVEN STORE 名古屋ファッションワン,12600215550M,FJALLRAVEN,12600215,Hemp Blend T-shirt M,550,Black,M,1,"6,400",640,"7,040","6,400",640,"7,040","8,000",カード,,男性,V,久保,1,106623
449340,2026/06/29,FJALLRAVEN STORE 名古屋ファッションワン,12600317114M,FJALLRAVEN,12600317,Abisko Wool Hoodie M,114,Light Fossil,M,1,"15,600","1,560","17,160","15,600","1,560","17,160","19,500",カード,,男性,V,久保,1,106623
449340,2026/06/29,FJALLRAVEN STORE 名古屋ファッションワン,87039113S,FJALLRAVEN,87039,Ovik Travel Shirt SS M,113,Chalk White,S,1,"8,800",880,"9,680","8,800",880,"9,680","11,000",カード,,男性,V,久保,1,106623
449340,2026/06/29,FJALLRAVEN STORE 名古屋ファッションワン,87039534-555S,FJALLRAVEN,87039,Ovik Travel Shirt SS M,534-555,Indigo Blue-Dark Navy,S,1,"8,800",880,"9,680","8,800",880,"9,680","11,000",カード,,男性,V,久保,1,106623
449340,2026/06/29,FJALLRAVEN STORE 名古屋ファッションワン,12200219537M,FJALLRAVEN,12200219,Vardag Summer Shorts M,537,ULTRAMARINE,M,1,"11,200","1,120","12,320","11,200","1,120","12,320","14,000",カード,,男性,V,久保,1,106623
449340,2026/06/29,FJALLRAVEN STORE 名古屋ファッションワン,Hokkosai1200X,Other,Hokkosai1200,北狐祭手ぬぐい,,,X,1,600,60,660,600,60,660,"1,200",カード,,男性,V,久保,1,106623
449340,2026/06/29,FJALLRAVEN STORE 名古屋ファッションワン,FC500,Other,FC500,送料,,,X,1,500,50,550,500,50,550,500,カード,,男性,V,久保,1,106623
449340,2026/06/29,FJALLRAVEN STORE 名古屋ファッションワン,RP012,Other,RP012,ショッパー(L),,,X,1,50,5,55,50,5,55,50,カード,,男性,V,久保,1,106623
449341,2026/06/29,FJALLRAVEN by 3NITY玉川高島屋S・C,23510302X,FJALLRAVEN,23510,Kanken,302,Chalk Rose,X,1,"13,000","1,300","14,300","13,000","1,300","14,300","13,000",現金,,女性,I,小林,0,
449341,2026/06/29,FJALLRAVEN by 3NITY玉川高島屋S・C,23505228X,FJALLRAVEN,23505,Kanken Shoulder Pads,228,Khaki Dust,X,1,"3,500",350,"3,850","3,500",350,"3,850","3,500",現金,,女性,I,小林,0,
449341,2026/06/29,FJALLRAVEN by 3NITY玉川高島屋S・C,RP011,Other,RP011,ショッパー(M),,,X,1,50,5,55,50,5,55,50,現金,,女性,I,小林,0,
449342,2026/06/29,FJALLRAVEN STORE 名古屋ファッションワン,14600188113S,FJALLRAVEN,14600188,Fjallraven Heavy Classic T-shirt W,113,Chalk White,S,1,"6,400",640,"7,040","6,400",640,"7,040","8,000",カード,,女性,III,大坂,1,121399
449342,2026/06/29,FJALLRAVEN STORE 名古屋ファッションワン,84118550-048S,FJALLRAVEN,84118,Abisko Wool Fox SS W,550-048,Black-Iron Grey,S,1,"8,800",880,"9,680","8,800",880,"9,680","11,000",カード,,女性,III,大坂,1,121399
449342,2026/06/29,FJALLRAVEN STORE 名古屋ファッションワン,8477563340/S,FJALLRAVEN,84775,Stina Trousers W,633,Dark Olive,40/S,1,"17,600","1,760","19,360","17,600","1,760","19,360","22,000",カード,,女性,III,大坂,1,121399
449342,2026/06/29,FJALLRAVEN STORE 名古屋ファッションワン,Hokkosai1200X,Other,Hokkosai1200,北狐祭手ぬぐい,,,X,1,600,60,660,600,60,660,"1,200",カード,,女性,III,大坂,1,121399
449343,2026/06/29,FJALLRAVEN by 3NITY TOKYO,23349243X,FJALLRAVEN,23349,Skule 20,243,Terracotta Brown,X,1,"12,000",0,"12,000","12,000",0,"12,000","12,000",カード,,外国女性,III,宮下,0,
449344,2026/06/29,FJALLRAVEN POPUP NARITA,23797457X,FJALLRAVEN,23797,Kanken Sling,457,Pastel Lavender,X,1,"10,500",0,"10,500","10,500",0,"10,500","10,500",カード,,外国女性,III,島田,0,
449345,2026/06/29,FJALLRAVEN by 3NITY TOKYO,23346050X,FJALLRAVEN,23346,Skule 28,050,Basalt,X,1,"14,000",0,"14,000","14,000",0,"14,000","14,000",カード,,外国男性,III,及川,0,
449345,2026/06/29,FJALLRAVEN by 3NITY TOKYO,23100176X,FJALLRAVEN,23100176,Samlaren Field Repair,,Assorted,X,1,"5,800",0,"5,800","5,800",0,"5,800","5,800",カード,,外国男性,III,及川,0,
449346,2026/06/29,FJALLRAVEN by 3NITY ルクア大阪,23524550X,FJALLRAVEN,23524,Kanken Laptop 15,550,Black,X,1,"16,200","1,620","17,820","16,200","1,620","17,820","18,000",カード,,男性,II,生田,0,
449347,2026/06/29,FJALLRAVEN STORE 名古屋ファッションワン,23340030X,FJALLRAVEN,23340,Haulpack No.1,030,Dark Grey,X,1,"21,000","2,100","23,100","21,000","2,100","23,100","26,000",複数金種,,男性,V,久保,1,120570
449347,2026/06/29,FJALLRAVEN STORE 名古屋ファッションワン,RP012,Other,RP012,ショッパー(L),,,X,1,50,5,55,50,5,55,50,複数金種,,男性,V,久保,1,120570
449348,2026/06/29,FJALLRAVEN by 3NITY ルクア大阪,23510550X,FJALLRAVEN,23510,Kanken,550,Black,X,1,"13,000","1,300","14,300","13,000","1,300","14,300","13,000",カード,,男性,II,志良堂,1,143721
449349,2026/06/29,FJALLRAVEN by 3NITY 京王新宿,23799550X,FJALLRAVEN,23799,Kanken No. 2 Black Sling,550,Black,X,1,"15,000","1,500","16,500","15,000","1,500","16,500","15,000",現金,,女性,II,沖山,0,
449350,2026/06/29,FJALLRAVEN by 3NITY ルクア大阪,23227424X,FJALLRAVEN,23227,High Coast Crossbody,424,Blackberry,X,1,"10,000","1,000","11,000","10,000","1,000","11,000","10,000",カード,,男性,V,志良堂,0,
449351,2026/06/29,FJALLRAVEN by 3NITY TOKYO,23226452X,FJALLRAVEN,23226,HighCoastPocket,452,Lavender Mist,X,1,"5,000",0,"5,000","5,000",0,"5,000","5,000",カード,,外国女性,II,宮下,0,
449352,2026/06/29,FJALLRAVEN by 3NITY SAPPORO HUTTE,23200334031-424X,FJALLRAVEN,23200334,KankenKoncept,031-424,Graphite-Blackberry,X,1,"15,000","1,500","16,500","15,000","1,500","16,500","15,000",カード,,女性,II,佐藤,1,143722
449353,2026/06/29,FJALLRAVEN by 3NITY TOKYO,23349662X,FJALLRAVEN,23349,Skule 20,662,Deep Forest,X,1,"12,000",0,"12,000","12,000",0,"12,000","12,000",現金,,外国女性,II,須藤,0,
449353,2026/06/29,FJALLRAVEN by 3NITY TOKYO,RP011,Other,RP011,ショッパー(M),,,X,1,50,5,55,50,5,55,50,現金,,外国女性,II,須藤,0,
449354,2026/06/29,FJALLRAVEN STORE 名古屋ファッションワン,23565633X,FJALLRAVEN,23565,Kanken No.2,633,Dark Olive,X,1,"20,000","2,000","22,000","20,000","2,000","22,000","20,000",カード,,外国女性,I,久保,0,
449354,2026/06/29,FJALLRAVEN STORE 名古屋ファッションワン,RP011,Other,RP011,ショッパー(M),,,X,1,50,5,55,50,5,55,50,カード,,外国女性,I,久保,0,
449355,2026/06/29,FJALLRAVEN by 3NITY 大丸心斎橋,23510021X,FJALLRAVEN,23510,Kanken,021,Fog,X,1,"13,000","1,300","14,300","13,000","1,300","14,300","13,000",複数金種,,外国女性,IV,久保,0,
449355,2026/06/29,FJALLRAVEN by 3NITY 大丸心斎橋,RP011,Other,RP011,ショッパー(M),,,X,1,50,5,55,50,5,55,50,複数金種,,外国女性,IV,久保,0,
449356,2026/06/29,6142,23785620X,FJALLRAVEN,23785,Kanken Keyring,620,Green,X,1,"1,500",150,"1,650","1,500",150,"1,650","1,500",カード,,外国男性,III,中尾,0,
449358,2026/06/29,FJALLRAVEN STORE 名古屋ファッションワン,79030X,FJALLRAVEN,79030,Greenland Wax travel pack,,,X,1,850,85,935,850,85,935,850,現金,,外国女性,III,清水,0,
449359,2026/06/29,FJALLRAVEN by 3NITY TOKYO,23226550X,FJALLRAVEN,23226,High Coast Pocket,550,Black,X,1,"5,000",0,"5,000","5,000",0,"5,000","5,000",カード,,外国女性,II,須藤,0,
449360,2026/06/29,FJALLRAVEN by 3NITY TOKYO,27222560X,FJALLRAVEN,27222,Abisko Hike Foldsack,560,Navy,X,1,"23,000",0,"23,000","23,000",0,"23,000","23,000",カード,,外国女性,V,須藤,0,
449360,2026/06/29,FJALLRAVEN by 3NITY TOKYO,RP012,Other,RP012,ショッパー(L),,,X,1,50,5,55,50,5,55,50,カード,,外国女性,V,須藤,0,
449361,2026/06/29,FJALLRAVEN by 3NITY TOKYO NODE,79030X,FJALLRAVEN,79030,Greenland Wax travel pack,,,X,1,850,85,935,850,85,935,850,現金,,女性,IV,山之内,0,
449363,2026/06/29,FJALLRAVEN by 3NITY TOKYO NODE,79030X,FJALLRAVEN,79030,Greenland Wax travel pack,,,X,-1,850,85,935,-850,-85,-935,850,現金,,女性,IV,共通ユーザ,0,
449364,2026/06/29,FJALLRAVEN by 3NITY TOKYO,23797501X,FJALLRAVEN,23797,Kanken Sling,501,Sky Blue,X,1,"10,500",0,"10,500","10,500",0,"10,500","10,500",現金,,外国男性,II,花山,0,
449368,2026/06/29,FJALLRAVEN by 3NITY TOKYO,Hokkosai1200X,Other,Hokkosai1200,北狐祭手ぬぐい,,,X,1,"1,200",120,"1,320","1,200",120,"1,320","1,200",カード,,外国男性,III,花山,0,
449370,2026/06/29,FJALLRAVEN by 3NITY TOKYO,Hokkosai1200X,Other,Hokkosai1200,北狐祭手ぬぐい,,,X,2,"1,200",120,"1,320","2,400",240,"2,640","1,200",カード,,外国男性,IV,花山,0,
449371,2026/06/29,FJALLRAVEN POPUP NARITA,23200395118X,FJALLRAVEN,23200395,Kanken Crossbody,118,Fossil,X,1,"12,500",0,"12,500","12,500",0,"12,500","12,500",カード,,外国女性,V,永山,0,
449373,2026/06/29,FJALLRAVEN by 3NITY 京王新宿,23346577X,FJALLRAVEN,23346,Skule 28,577,Nimbus Blue,X,1,"14,000","1,400","15,400","14,000","1,400","15,400","14,000",現金,,女性,II,沖山,0,
449373,2026/06/29,FJALLRAVEN by 3NITY 京王新宿,RP011,Other,RP011,ショッパー(M),,,X,1,50,5,55,50,5,55,50,現金,,女性,II,沖山,0,
449374,2026/06/29,6142,23505560X,FJALLRAVEN,23505,Kanken Shoulder Pads,560,Navy,X,1,"3,500",350,"3,850","3,500",350,"3,850","3,500",カード,,外国女性,III,中尾,0,
449375,2026/06/29,FJALLRAVEN by 3NITY TOKYO,23510457X,FJALLRAVEN,23510,Kanken,457,Pastel Lavender,X,1,"13,000","1,300","14,300","13,000","1,300","14,300","13,000",カード,,女性,I,花山,1,１４３７２３
449375,2026/06/29,FJALLRAVEN by 3NITY TOKYO,RP011,Other,RP011,ショッパー(M),,,X,1,50,5,55,50,5,55,50,カード,,女性,I,花山,1,１４３７２３
449375,2026/06/29,FJALLRAVEN by 3NITY TOKYO,RP008,Other,RP008,KANKEN SMU,,,X,1,"2,000",200,"2,200","2,000",200,"2,200","2,000",カード,,女性,I,花山,1,１４３７２３
449376,2026/06/29,FJALLRAVEN by 3NITY TOKYO,23510312X,FJALLRAVEN,23510,Kanken,312,Pink,X,1,"13,000","1,300","14,300","13,000","1,300","14,300","13,000",カード,,女性,I,花山,0,
449376,2026/06/29,FJALLRAVEN by 3NITY TOKYO,RP011,Other,RP011,ショッパー(M),,,X,1,50,5,55,50,5,55,50,カード,,女性,I,花山,0,
449378,2026/06/29,6142,23154662X,FJALLRAVEN,23154,Greenland Shoulder Bag,662,Deep Forest,X,1,"20,000",0,"20,000","20,000",0,"20,000","20,000",電子マネー,,外国男性,III,中尾,0,
449379,2026/06/29,FJALLRAVEN by 3NITY TOKYO,23510560X,FJALLRAVEN,23510,Kanken,560,Navy,X,1,"13,000","1,300","14,300","13,000","1,300","14,300","13,000",カード,,女性,II,須藤,1,143724
449380,2026/06/29,FJALLRAVEN by 3NITY ルクア大阪,23510501-115X,FJALLRAVEN,23510,Kanken,501-115,Sky Blue-Light Oak,X,1,"13,000","1,300","14,300","13,000","1,300","14,300","13,000",電子マネー,,男性,III,鶴井,1,143725
449380,2026/06/29,FJALLRAVEN by 3NITY ルクア大阪,RP011,Other,RP011,ショッパー(M),,,X,1,50,5,55,50,5,55,50,電子マネー,,男性,III,鶴井,1,143725
449381,2026/06/29,6142,23505560X,FJALLRAVEN,23505,Kanken Shoulder Pads,560,Navy,X,-1,"3,500",350,"3,850","-3,500",-350,"-3,850","3,500",カード,,外国女性,III,共通ユーザ,0,
449382,2026/06/29,6142,23505560X,FJALLRAVEN,23505,Kanken Shoulder Pads,560,Navy,X,1,"3,500",350,"3,850","3,500",350,"3,850","3,500",電子マネー,,外国女性,III,中尾,0,
449383,2026/06/29,FJALLRAVEN by 3NITY TOKYO,24200023620X,FJALLRAVEN,24200023,Kajka 55 S/M,620,Green,X,1,"54,000","5,400","59,400","54,000","5,400","59,400","54,000",カード,,男性,III,及川,1,143726
449383,2026/06/29,FJALLRAVEN by 3NITY TOKYO,RP013,Other,RP013,ショッパー(XL),,,X,1,50,5,55,50,5,55,50,カード,,男性,III,及川,1,143726
449385,2026/06/29,FJALLRAVEN by 3NITY TOKYO,23565633X,FJALLRAVEN,23565,Kanken No.2,633,Dark Olive,X,1,"20,000","2,000","22,000","20,000","2,000","22,000","20,000",カード,,男性,II,花山,0,
449388,2026/06/29,FJALLRAVEN by 3NITY 大丸心斎橋,23510664X,FJALLRAVEN,23510,Kanken,664,Frost Green,X,1,"13,000","1,300","14,300","13,000","1,300","14,300","13,000",複数金種,,外国女性,IV,久保,0,
449388,2026/06/29,FJALLRAVEN by 3NITY 大丸心斎橋,RP011,Other,RP011,ショッパー(M),,,X,1,50,5,55,50,5,55,50,複数金種,,外国女性,IV,久保,0,
449390,2026/06/29,FJALLRAVEN by 3NITY 大丸心斎橋,23200330550X,FJALLRAVEN,23200330,High Coast Backpack 24,550,Black,X,1,"17,000","1,700","18,700","17,000","1,700","18,700","17,000",複数金種,,外国男性,III,久保,0,
449390,2026/06/29,FJALLRAVEN by 3NITY 大丸心斎橋,RP011,Other,RP011,ショッパー(M),,,X,1,50,5,55,50,5,55,50,複数金種,,外国男性,III,久保,0,
449391,2026/06/29,FJALLRAVEN by 3NITY玉川高島屋S・C,23510424X,FJALLRAVEN,23510,Kanken,424,Blackberry,X,1,"13,000","1,300","14,300","13,000","1,300","14,300","13,000",現金,,女性,IV,村田,1,143727
449391,2026/06/29,FJALLRAVEN by 3NITY玉川高島屋S・C,23510302X,FJALLRAVEN,23510,Kanken,302,Chalk Rose,X,1,"13,000","1,300","14,300","13,000","1,300","14,300","13,000",現金,,女性,IV,村田,1,143727
449391,2026/06/29,FJALLRAVEN by 3NITY玉川高島屋S・C,RP011,Other,RP011,ショッパー(M),,,X,2,50,5,55,100,10,110,50,現金,,女性,IV,村田,1,143727
449391,2026/06/29,FJALLRAVEN by 3NITY玉川高島屋S・C,23622907X,FJALLRAVEN,23622,Kanken Rainbow Keyring,907,Rainbow Pattern,X,2,"1,500",150,"1,650","3,000",300,"3,300","1,500",現金,,女性,IV,村田,1,143727
449392,2026/06/29,FJALLRAVEN STORE 名古屋ファッションワン,23510302X,FJALLRAVEN,23510,Kanken,302,Chalk Rose,X,1,"13,000",0,"13,000","13,000",0,"13,000","13,000",カード,,外国女性,V,清水,0,
449393,2026/06/29,FJALLRAVEN by 3NITY ルクア大阪,23525457X,FJALLRAVEN,23525,Kanken Laptop 17,457,Pastel Lavender,X,1,"19,000","1,900","20,900","19,000","1,900","20,900","19,000",カード,,女性,III,生田,1,143728
449393,2026/06/29,FJALLRAVEN by 3NITY ルクア大阪,RP011,Other,RP011,ショッパー(M),,,X,1,50,5,55,50,5,55,50,カード,,女性,III,生田,1,143728
449394,2026/06/29,FJALLRAVEN by 3NITY玉川高島屋S・C,23510660X,FJALLRAVEN,23510,Kanken,660,Forest Green,X,1,"13,000","1,300","14,300","13,000","1,300","14,300","13,000",カード,,女性,II,村田,0,
449394,2026/06/29,FJALLRAVEN by 3NITY玉川高島屋S・C,RP011,Other,RP011,ショッパー(M),,,X,1,50,5,55,50,5,55,50,カード,,女性,II,村田,0,
449397,2026/06/29,FJALLRAVEN STORE 名古屋ファッションワン,23804550X,FJALLRAVEN,23804,Kanken no. 2 Black Laptop 15,550,Black,X,1,"26,000","2,600","28,600","26,000","2,600","28,600","26,000",カード,,女性,II,清水,1,１４３７２９
449397,2026/06/29,FJALLRAVEN STORE 名古屋ファッションワン,RP011,Other,RP011,ショッパー(M),,,X,1,50,5,55,50,5,55,50,カード,,女性,II,清水,1,１４３７２９
449403,2026/06/29,FJALLRAVEN by 3NITY 京王新宿,Hokkosai1200X,Other,Hokkosai1200,北狐祭手ぬぐい,,,X,1,600,60,660,600,60,660,"1,200",現金,,男性,III,沖山,1,142230
449403,2026/06/29,FJALLRAVEN by 3NITY 京王新宿,Hokkosai1200X,Other,Hokkosai1200,北狐祭手ぬぐい,,,X,1,600,60,660,600,60,660,"1,200",現金,,男性,III,沖山,1,142230
449403,2026/06/29,FJALLRAVEN by 3NITY 京王新宿,77029633X,FJALLRAVEN,77029,Canvas Belt,633,Dark Olive,X,1,"4,600",460,"5,060","4,600",460,"5,060","4,600",現金,,男性,III,沖山,1,142230
449403,2026/06/29,FJALLRAVEN by 3NITY 京王新宿,77297550X,FJALLRAVEN,77297,Canvas Brass Belt 4 cm,550,Black,X,1,"4,300",430,"4,730","4,300",430,"4,730","4,300",現金,,男性,III,沖山,1,142230
449403,2026/06/29,FJALLRAVEN by 3NITY 京王新宿,24213633X,FJALLRAVEN,24213,Gear Bag,633,Dark Olive,X,1,"4,300",430,"4,730","4,300",430,"4,730","4,300",現金,,男性,III,沖山,1,142230
449403,2026/06/29,FJALLRAVEN by 3NITY 京王新宿,13100237577-118S/M,FJALLRAVEN,13100237,Vardag Bucket Hat,577-118,Nimbus Blue-Fossil,S/M,1,"9,000",900,"9,900","9,000",900,"9,900","9,000",現金,,男性,III,沖山,1,142230
449403,2026/06/29,FJALLRAVEN by 3NITY 京王新宿,79258633L,FJALLRAVEN,79258,Hatfield Hat,633,Dark Olive,L,1,"6,400",640,"7,040","6,400",640,"7,040","7,400",現金,,男性,III,沖山,1,142230
449403,2026/06/29,FJALLRAVEN by 3NITY 京王新宿,23785620X,FJALLRAVEN,23785,Kanken Keyring,620,Green,X,1,"1,500",150,"1,650","1,500",150,"1,650","1,500",現金,,男性,III,沖山,1,142230
449404,2026/06/29,FJALLRAVEN POPUP NARITA,23797457X,FJALLRAVEN,23797,Kanken Sling,457,Pastel Lavender,X,-1,"10,500",0,"10,500","-10,500",0,"-10,500","10,500",カード,,外国女性,III,共通ユーザ,0,
449407,2026/06/29,FJALLRAVEN POPUP NARITA,23797457X,FJALLRAVEN,23797,Kanken Sling,457,Pastel Lavender,X,1,"10,500",0,"10,500","10,500",0,"10,500","10,500",銀聯,,外国女性,III,島田,0,
449423,2026/06/30,FJALLRAVEN POPUP NARITA,23223550X,FJALLRAVEN,23223,High Coast Hip Pack,550,Black,X,1,"6,500",650,"7,150","6,500",650,"7,150","6,500",カード,,女性,V,沖山,0,
449423,2026/06/30,FJALLRAVEN POPUP NARITA,GIFT300,Other,GIFT300,Gift Wrapping (S),,,X,1,300,30,330,300,30,330,300,カード,,女性,V,沖山,0,
449424,2026/06/30,FJALLRAVEN POPUP NARITA,23226543X,FJALLRAVEN,23226,High Coast Pocket,543,Dawn Blue,X,1,"5,000",0,"5,000","5,000",0,"5,000","5,000",現金,,男性,V,沖山,0,
449425,2026/06/30,FJALLRAVEN POPUP NARITA,23226543X,FJALLRAVEN,23226,High Coast Pocket,543,Dawn Blue,X,1,"5,000",0,"5,000","5,000",0,"5,000","5,000",カード,,男性,V,沖山,0,
449426,2026/06/30,FJALLRAVEN POPUP NARITA,23226543X,FJALLRAVEN,23226,High Coast Pocket,543,Dawn Blue,X,-1,"5,000",0,"5,000","-5,000",0,"-5,000","5,000",現金,,男性,V,共通ユーザ,0,
449428,2026/06/30,FJALLRAVEN POPUP NARITA,23200301037X,FJALLRAVEN,23200301,Vardag Shoulder Bag 6,037,Coal Black,X,1,"13,000",0,"13,000","13,000",0,"13,000","13,000",カード,,外国男性,II,沖山,0,
449429,2026/06/30,FJALLRAVEN POPUP NARITA,23510302X,FJALLRAVEN,23510,Kanken,302,Chalk Rose,X,1,"13,000",0,"13,000","13,000",0,"13,000","13,000",カード,,外国女性,II,沖山,0,
449433,2026/06/30,FJALLRAVEN POPUP NARITA,23222620X,FJALLRAVEN,23222,High Coast Foldsack 24,620,Green,X,1,"14,500",0,"14,500","14,500",0,"14,500","14,500",カード,,外国女性,IV,沖山,0,
449434,2026/06/30,FJALLRAVEN by 3NITY 京王新宿,23200284118X,FJALLRAVEN,23200284,KankenNo.2HipPack,118,Fossil,X,1,"12,000","1,200","13,200","12,000","1,200","13,200","12,000",現金,,外国女性,III,高橋,0,
449437,2026/06/30,FJALLRAVEN STORE 名古屋ファッションワン,23510021-312X,FJALLRAVEN,23510,Kanken,021-312,Fog-Pink,X,1,"13,000","1,300","14,300","13,000","1,300","14,300","13,000",Eコレクト(代引),,女性,III,大坂,0,
449437,2026/06/30,FJALLRAVEN STORE 名古屋ファッションワン,RP011,Other,RP011,ショッパー(M),,,X,1,50,5,55,50,5,55,50,Eコレクト(代引),,女性,III,大坂,0,
449437,2026/06/30,FJALLRAVEN STORE 名古屋ファッションワン,FC400,Other,FC400,代引手数料(400),,,X,1,400,40,440,400,40,440,400,Eコレクト(代引),,女性,III,大坂,0,
449437,2026/06/30,FJALLRAVEN STORE 名古屋ファッションワン,FC500,Other,FC500,送料,,,X,1,500,50,550,500,50,550,500,Eコレクト(代引),,女性,III,大坂,0,
449438,2026/06/30,FJALLRAVEN by 3NITY ルクア大阪,23785620X,FJALLRAVEN,23785,Kanken Keyring,620,Green,X,1,"1,500",150,"1,650","1,500",150,"1,650","1,500",現金,,女性,IV,長尾,0,
449440,2026/06/30,FJALLRAVEN by 3NITY ルクア大阪,27248638X,FJALLRAVEN,27248,Vardag Pocket,638,Storm,X,1,"4,500",450,"4,950","4,500",450,"4,950","4,500",複数金種,,女性,III,長尾,1,143730
449440,2026/06/30,FJALLRAVEN by 3NITY ルクア大阪,RP010,Other,RP010,ショッパー(S),,,X,1,50,5,55,50,5,55,50,複数金種,,女性,III,長尾,1,143730
449441,2026/06/30,FJALLRAVEN by 3NITY ルクア大阪,27248638X,FJALLRAVEN,27248,Vardag Pocket,638,Storm,X,-1,"4,500",450,"4,950","-4,500",-450,"-4,950","4,500",複数金種,,女性,III,共通ユーザ,1,143730
449441,2026/06/30,FJALLRAVEN by 3NITY ルクア大阪,RP010,Other,RP010,ショッパー(S),,,X,-1,50,5,55,-50,-5,-55,50,複数金種,,女性,III,共通ユーザ,1,143730
449442,2026/06/30,FJALLRAVEN by 3NITY ルクア大阪,27248638X,FJALLRAVEN,27248,Vardag Pocket,638,Storm,X,1,"4,500",450,"4,950","4,500",450,"4,950","4,500",複数金種,,女性,II,長尾,1,143730
449442,2026/06/30,FJALLRAVEN by 3NITY ルクア大阪,RP010,Other,RP010,ショッパー(S),,,X,1,50,5,55,50,5,55,50,複数金種,,女性,II,長尾,1,143730
449443,2026/06/30,6142,23313550X,FJALLRAVEN,23313,Ulvo 30,550,Black,X,1,"23,000","2,300","25,300","23,000","2,300","25,300","23,000",現金,,外国男性,IV,中尾,0,
449444,2026/06/30,6142,RP010,Other,RP010,ショッパー(S),,,X,1,100,10,110,100,10,110,50,現金,,男性,IV,中尾,0,
449445,2026/06/30,FJALLRAVEN by 3NITY SAPPORO HUTTE,23797664-319X,FJALLRAVEN,23797,Kanken Sling,664-319,Frost Green-Peach Pink,X,1,"10,500","1,050","11,550","10,500","1,050","11,550","10,500",カード,,女性,III,佐藤,1,143731
449446,2026/06/30,FJALLRAVEN by 3NITY SAPPORO HUTTE,23200395118X,FJALLRAVEN,23200395,Kanken Crossbody,118,Fossil,X,1,"12,500","1,250","13,750","12,500","1,250","13,750","12,500",カード,,女性,III,佐藤,1,143732
449447,2026/06/30,FJALLRAVEN by 3NITY 京王新宿,77357215L/XL,FJALLRAVEN,77357,Vidda Cap,215,Autumn Leaf,L/XL,1,"6,200",620,"6,820","6,200",620,"6,820","6,200",カード,,男性,IV,大森,0,
449447,2026/06/30,FJALLRAVEN by 3NITY 京王新宿,RP010,Other,RP010,ショッパー(S),,,X,1,50,5,55,50,5,55,50,カード,,男性,IV,大森,0,
449448,2026/06/30,FJALLRAVEN by 3NITY 京王新宿,24218633X,FJALLRAVEN,24218,Zip Card Holder,633,Dark Olive,X,1,"2,800",280,"3,080","2,800",280,"3,080","3,800",ポイント,,男性,III,大森,1,126270
449449,2026/06/30,FJALLRAVEN by 3NITY SAPPORO HUTTE,23156662X,FJALLRAVEN,23156,Greenland Pocket,662,Deep Forest,X,1,"9,000",900,"9,900","9,000",900,"9,900","10,000",カード,,男性,III,佐藤,1,110117
449449,2026/06/30,FJALLRAVEN by 3NITY SAPPORO HUTTE,23154662X,FJALLRAVEN,23154,Greenland Shoulder Bag,662,Deep Forest,X,1,"20,000","2,000","22,000","20,000","2,000","22,000","20,000",カード,,男性,III,佐藤,1,110117
449450,2026/06/30,FJALLRAVEN POPUP NARITA,23797118X,FJALLRAVEN,23797,Kanken Sling,118,Fossil,X,1,"10,500","1,050","11,550","10,500","1,050","11,550","10,500",カード,,女性,II,共通ユーザ,0,
449450,2026/06/30,FJALLRAVEN POPUP NARITA,23797115X,FJALLRAVEN,23797,Kanken Sling,115,Light Oak,X,1,"10,500","1,050","11,550","10,500","1,050","11,550","10,500",カード,,女性,II,共通ユーザ,0,
449451,2026/06/30,FJALLRAVEN by 3NITY TOKYO,23780326X,FJALLRAVEN,23780,Kanken Card Wallet,326,Ox Red,X,1,"6,000",600,"6,600","6,000",600,"6,600","6,000",カード,,男性,IV,赤根,1,129826
449451,2026/06/30,FJALLRAVEN by 3NITY TOKYO,GIFT300,Other,GIFT300,Gift Wrapping (S),,,X,1,300,30,330,300,30,330,300,カード,,男性,IV,赤根,1,129826
449452,2026/06/30,FJALLRAVEN by 3NITY ルクア大阪,79030X,FJALLRAVEN,79030,Greenland Wax travel pack,,,X,1,850,85,935,850,85,935,850,カード,,女性,III,志良堂,0,
449453,2026/06/30,FJALLRAVEN by 3NITY 大丸心斎橋,23505664X,FJALLRAVEN,23505,Kanken Shoulder Pads,664,Frost Green,X,1,"3,500",350,"3,850","3,500",350,"3,850","3,500",複数金種,,外国女性,III,久保,0,
449454,2026/06/30,FJALLRAVEN by 3NITY TOKYO,23505664X,FJALLRAVEN,23505,Kanken Shoulder Pads,664,Frost Green,X,1,"3,500",350,"3,850","3,500",350,"3,850","3,500",カード,,外国男性,III,赤根,0,
449455,2026/06/30,FJALLRAVEN by 3NITY ルクア大阪,RP011,Other,RP011,ショッパー(M),,,X,1,50,5,55,50,5,55,50,カード,,女性,IV,志良堂,1,143610
449455,2026/06/30,FJALLRAVEN by 3NITY ルクア大阪,23225543X,FJALLRAVEN,23225,High Coast Totepack,543,Dawn Blue,X,1,"13,000","1,300","14,300","13,000","1,300","14,300","13,000",カード,,女性,IV,志良堂,1,143610
449456,2026/06/30,FJALLRAVEN POPUP NARITA,77357570-050L/XL,FJALLRAVEN,77357,Vidda Cap,570-050,Mountain Blue-Basalt,L/XL,1,"6,200",0,"6,200","6,200",0,"6,200","6,200",カード,,外国男性,III,沖山,0,
449456,2026/06/30,FJALLRAVEN POPUP NARITA,13100239625L/XL,FJALLRAVEN,13100239,Vardag Lite Cap,625,Laurel Green,L/XL,1,"6,700",0,"6,700","6,700",0,"6,700","6,700",カード,,外国男性,III,沖山,0,
449456,2026/06/30,FJALLRAVEN POPUP NARITA,13100237550L/XL,FJALLRAVEN,13100237,Vardag Bucket Hat,550,Black,L/XL,1,"9,000",0,"9,000","9,000",0,"9,000","9,000",カード,,外国男性,III,沖山,0,
449456,2026/06/30,FJALLRAVEN POPUP NARITA,23346550X,FJALLRAVEN,23346,Skule 28,550,Black,X,1,"14,000",0,"14,000","14,000",0,"14,000","14,000",カード,,外国男性,III,沖山,0,
449456,2026/06/30,FJALLRAVEN POPUP NARITA,RP011,Other,RP011,ショッパー(M),,,X,1,50,5,55,50,5,55,50,カード,,外国男性,III,沖山,0,
449457,2026/06/30,FJALLRAVEN by 3NITY TOKYO,23223623X,FJALLRAVEN,23223,High Coast Hip Pack,623,Mountain Green,X,1,"6,500",0,"6,500","6,500",0,"6,500","6,500",カード,,外国女性,III,宮下,0,
449458,2026/06/30,FJALLRAVEN by 3NITY TOKYO,23710031X,FJALLRAVEN,23710,Kanken Totepack,031,Graphite,X,1,"15,000",0,"15,000","15,000",0,"15,000","15,000",カード,,外国女性,II,赤根,0,
449458,2026/06/30,FJALLRAVEN by 3NITY TOKYO,RP011,Other,RP011,ショッパー(M),,,X,1,50,5,55,50,5,55,50,カード,,外国女性,II,赤根,0,
449459,2026/06/30,FJALLRAVEN by 3NITY 京王新宿,23346050X,FJALLRAVEN,23346,Skule 28,050,Basalt,X,1,"14,000","1,400","15,400","14,000","1,400","15,400","14,000",現金,,女性,II,高橋,1,１４３７３３
449460,2026/06/30,FJALLRAVEN POPUP NARITA,23802550X,FJALLRAVEN,23802,Kanken Weekender,550,Black,X,1,"28,000",0,"28,000","28,000",0,"28,000","28,000",電子マネー,,外国男性,III,沖山,0,
449461,2026/06/30,FJALLRAVEN by 3NITY 京王新宿,23785560X,FJALLRAVEN,23785,Kanken Keyring,560,Navy,X,1,"1,500",150,"1,650","1,500",150,"1,650","1,500",現金,,女性,VI,高橋,0,
449462,2026/06/30,FJALLRAVEN by 3NITY ルクア大阪,23226550X,FJALLRAVEN,23226,High Coast Pocket,550,Black,X,1,"5,000",500,"5,500","5,000",500,"5,500","5,000",カード,,女性,III,鶴井,1,143734
449463,2026/06/30,FJALLRAVEN by 3NITY 京王新宿,23510501-115X,FJALLRAVEN,23510,Kanken,501-115,Sky Blue-Light Oak,X,1,"13,000","1,300","14,300","13,000","1,300","14,300","13,000",現金,,外国男性,V,高橋,0,
449463,2026/06/30,FJALLRAVEN by 3NITY 京王新宿,RP015,OT2,RP015,KANKEN SMU,,,X,1,"2,000",200,"2,200","2,000",200,"2,200","2,000",現金,,外国男性,V,高橋,0,
449464,2026/06/30,FJALLRAVEN by 3NITY TOKYO,23793021X,FJALLRAVEN,23793,Kanken Bottle Pocket,021,Fog,X,1,"4,000",400,"4,400","4,000",400,"4,400","4,000",電子マネー,,男性,II,木村,1,143735
449464,2026/06/30,FJALLRAVEN by 3NITY TOKYO,23510021X,FJALLRAVEN,23510,Kanken,021,Fog,X,1,"13,000","1,300","14,300","13,000","1,300","14,300","13,000",電子マネー,,男性,II,木村,1,143735
449464,2026/06/30,FJALLRAVEN by 3NITY TOKYO,RP008,Other,RP008,KANKEN SMU,,,X,1,"2,000",200,"2,200","2,000",200,"2,200","2,000",電子マネー,,男性,II,木村,1,143735
449465,2026/06/30,FJALLRAVEN by 3NITY 大丸心斎橋,TNC103176X,TENNEN,TNC103,ジャンボ2ボールチャーム,176,Wine Red,X,1,"3,500",350,"3,850","3,500",350,"3,850","3,500",複数金種,,女性,IV,久保,1,132892
449465,2026/06/30,FJALLRAVEN by 3NITY 大丸心斎橋,23346550X,FJALLRAVEN,23346,Skule 28,550,Black,X,1,"13,000","1,300","14,300","13,000","1,300","14,300","14,000",複数金種,,女性,IV,久保,1,132892
449466,2026/06/30,FJALLRAVEN POPUP NARITA,23200341354-228X,FJALLRAVEN,23200341,Vardag Totepack 22,354-228,Poppy Pink-Khaki Dust,X,1,"18,000",0,"18,000","18,000",0,"18,000","18,000",現金,,外国男性,III,共通ユーザ,0,
449467,2026/06/30,FJALLRAVEN by 3NITY 大丸心斎橋,24221633X,FJALLRAVEN,24221,Pocket,633,Dark Olive,X,1,"6,000",600,"6,600","6,000",600,"6,600","6,000",複数金種,,外国男性,II,片岡,0,
449469,2026/06/30,FJALLRAVEN by 3NITY SAPPORO HUTTE,79258244M,FJALLRAVEN,79258,HatfieldHat,244,Suede Brown,M,1,"6,400",640,"7,040","6,400",640,"7,040","7,400",複数金種,,女性,III,佐藤,1,105333
449469,2026/06/30,FJALLRAVEN by 3NITY SAPPORO HUTTE,23785350X,FJALLRAVEN,23785,Kanken Keyring,350,Korall,X,1,"1,500",150,"1,650","1,500",150,"1,650","1,500",複数金種,,女性,III,佐藤,1,105333
449470,2026/06/30,6142,23200338620-221X,FJALLRAVEN,23200338,Vardag Pocket Small,620-221,Green-Clay,X,1,"6,500",0,"6,500","6,500",0,"6,500","6,500",カード,,外国女性,III,中尾,0,
449471,2026/06/30,FJALLRAVEN by 3NITY TOKYO,23797312X,FJALLRAVEN,23797,Kanken Sling,312,PINK,X,1,"10,500","1,050","11,550","10,500","1,050","11,550","10,500",電子マネー,,外国女性,III,宮下,1,143736
449472,2026/06/30,FJALLRAVEN POPUP NARITA,23797424X,FJALLRAVEN,23797,Kanken Sling,424,Blackberry,X,1,"10,500",0,"10,500","10,500",0,"10,500","10,500",カード,,外国女性,IV,共通ユーザ,0,
449473,2026/06/30,FJALLRAVEN POPUP NARITA,23797457X,FJALLRAVEN,23797,Kanken Sling,457,Pastel Lavender,X,1,"10,500",0,"10,500","10,500",0,"10,500","10,500",カード,,外国女性,II,共通ユーザ,0,
449474,2026/06/30,FJALLRAVEN POPUP NARITA,78150166L/XL,FJALLRAVEN,78150,High Coast Lite Cap,166,Acorn,L/XL,1,"5,500",0,"5,500","5,500",0,"5,500","5,500",カード,,外国男性,IV,共通ユーザ,0,
449475,2026/06/30,FJALLRAVEN by 3NITY ルクア大阪,Hokkosai1200X,Other,Hokkosai1200,北狐祭手ぬぐい,,,X,1,600,60,660,600,60,660,"1,200",カード,,男性,V,長尾,1,132687
449475,2026/06/30,FJALLRAVEN by 3NITY ルクア大阪,23345633X,FJALLRAVEN,23345,Raven 28,633,Dark Olive,X,1,"18,000","1,800","19,800","18,000","1,800","19,800","19,000",カード,,男性,V,長尾,1,132687
449476,2026/06/30,FJALLRAVEN POPUP NARITA,77357633L/XL,FJALLRAVEN,77357,Vidda Cap,633,Dark Olive,L/XL,1,"6,200",0,"6,200","6,200",0,"6,200","6,200",カード,,外国男性,III,共通ユーザ,0,
449477,2026/06/30,FJALLRAVEN POPUP NARITA,23510302X,FJALLRAVEN,23510,Kanken,302,Chalk Rose,X,1,"13,000",0,"13,000","13,000",0,"13,000","13,000",カード,,外国女性,II,共通ユーザ,0,
449477,2026/06/30,FJALLRAVEN POPUP NARITA,23797312X,FJALLRAVEN,23797,Kanken Sling,312,PINK,X,1,"10,500",0,"10,500","10,500",0,"10,500","10,500",カード,,外国女性,II,共通ユーザ,0,
449477,2026/06/30,FJALLRAVEN POPUP NARITA,RP011,Other,RP011,ショッパー(M),,,X,1,50,5,55,50,5,55,50,カード,,外国女性,II,共通ユーザ,0,
449478,2026/06/30,6142,23346050X,FJALLRAVEN,23346,Skule 28,050,Basalt,X,1,"14,000",0,"14,000","14,000",0,"14,000","14,000",電子マネー,,外国女性,IV,中尾,0,
449479,2026/06/30,FJALLRAVEN by 3NITY TOKYO,23344633X,FJALLRAVEN,23344,Raven 20,633,Dark Olive,X,1,"16,000","1,600","17,600","16,000","1,600","17,600","16,000",カード,,女性,IV,宮下,1,143737
449479,2026/06/30,FJALLRAVEN by 3NITY TOKYO,RP011,Other,RP011,ショッパー(M),,,X,1,50,5,55,50,5,55,50,カード,,女性,IV,宮下,1,143737
449480,2026/06/30,6142,RP010,Other,RP010,ショッパー(S),,,X,1,100,10,110,100,10,110,50,現金,,外国女性,V,中尾,0,
449481,2026/06/30,FJALLRAVEN by 3NITY ルクア大阪,Hokkosai1200X,Other,Hokkosai1200,北狐祭手ぬぐい,,,X,1,600,60,660,600,60,660,"1,200",現金,,男性,V,長尾,1,123910
449482,2026/06/30,6142,23345050X,FJALLRAVEN,23345,Raven 28,050,Basalt,X,1,"19,000",0,"19,000","19,000",0,"19,000","19,000",カード,,外国女性,IV,中尾,0,
449483,2026/06/30,FJALLRAVEN by 3NITY ルクア大阪,23796664X,FJALLRAVEN,23796,Kanken Hip Pack,664,Frost Green,X,1,"8,000",800,"8,800","8,000",800,"8,800","8,000",カード,,女性,II,長尾,1,143738
449483,2026/06/30,FJALLRAVEN by 3NITY ルクア大阪,GIFT400,Other,GIFT400,Gift Wrapping (M),,,X,1,400,40,440,400,40,440,400,カード,,女性,II,長尾,1,143738
449484,2026/06/30,FJALLRAVEN by 3NITY TOKYO,23346300X,FJALLRAVEN,23346,Skule 28,300,Dusty Rose,X,1,"14,000",0,"14,000","14,000",0,"14,000","14,000",現金,,外国女性,II,須藤,0,
449484,2026/06/30,FJALLRAVEN by 3NITY TOKYO,RP011,Other,RP011,ショッパー(M),,,X,1,50,5,55,50,5,55,50,現金,,外国女性,II,須藤,0,
449485,2026/06/30,FJALLRAVEN POPUP NARITA,23785334X,FJALLRAVEN,23785,Kanken Keyring,334,True Red,X,1,"1,500",150,"1,650","1,500",150,"1,650","1,500",現金,,女性,III,共通ユーザ,0,
449485,2026/06/30,FJALLRAVEN POPUP NARITA,23227543X,FJALLRAVEN,23227,High Coast Crossbody,543,Dawn Blue,X,1,"10,000","1,000","11,000","10,000","1,000","11,000","10,000",現金,,女性,III,共通ユーザ,0,
449485,2026/06/30,FJALLRAVEN POPUP NARITA,RP011,Other,RP011,ショッパー(M),,,X,1,50,5,55,50,5,55,50,現金,,女性,III,共通ユーザ,0,
449485,2026/06/30,FJALLRAVEN POPUP NARITA,GIFT300,Other,GIFT300,Gift Wrapping (S),,,X,1,300,30,330,300,30,330,300,現金,,女性,III,共通ユーザ,0,
449486,2026/06/30,FJALLRAVEN STORE 名古屋ファッションワン,89849113XS,FJALLRAVEN,89849,Arctic Fox Print T-Shirt W,113,Chalk White,XS,1,"6,570",657,"7,227","6,570",657,"7,227","7,300",カード,,女性,VI,大坂,1,115601
449487,2026/06/30,FJALLRAVEN by 3NITY TOKYO,84766191M,FJALLRAVEN,84766,Travellers MT Hat,191,Light Beige,M,1,"7,400",740,"8,140","7,400",740,"8,140","7,400",現金,,女性,III,共通ユーザ,0,
449488,2026/06/30,FJALLRAVEN by 3NITY ルクア大阪,RP011,Other,RP011,ショッパー(M),,,X,1,50,5,55,50,5,55,50,現金,,女性,II,長尾,0,
449488,2026/06/30,FJALLRAVEN by 3NITY ルクア大阪,23524424X,FJALLRAVEN,23524,Kanken Laptop 15,424,Blackberry,X,1,"18,000","1,800","19,800","18,000","1,800","19,800","18,000",現金,,女性,II,長尾,0,
449489,2026/06/30,FJALLRAVEN by 3NITY SAPPORO HUTTE,23561021-312X,FJALLRAVEN,23561,Kanken Mini,021-312,Fog-Pink,X,1,"11,000","1,100","12,100","11,000","1,100","12,100","12,000",電子マネー,,女性,IV,佐藤,1,104910
449490,2026/06/30,FJALLRAVEN by 3NITY 京王新宿,23200359577-986X,FJALLRAVEN,23200359,Kanken Graphics Laptop 15,577-986,Nimbus Blue-Hidden Animals,X,1,"21,000","2,100","23,100","21,000","2,100","23,100","21,000",カード,,外国女性,II,大森,0,
449490,2026/06/30,FJALLRAVEN by 3NITY 京王新宿,RP011,Other,RP011,ショッパー(M),,,X,1,50,5,55,50,5,55,50,カード,,外国女性,II,大森,0,
449491,2026/06/30,FJALLRAVEN STORE 名古屋ファッションワン,8717955050,FJALLRAVEN,87179,Barents Pro Trousers M,550,Black,50,1,"24,000","2,400","26,400","24,000","2,400","26,400","24,000",カード,,男性,V,久保,1,127688
449491,2026/06/30,FJALLRAVEN STORE 名古屋ファッションワン,23100177550X,FJALLRAVEN,23100177,Abisko Bottle Pocket,550,Black,X,1,"6,000",600,"6,600","6,000",600,"6,600","6,000",カード,,男性,V,久保,1,127688
449493,2026/06/30,FJALLRAVEN by 3NITY TOKYO,23510540X,FJALLRAVEN,23510,Kanken,540,Royal Blue,X,1,"13,000","1,300","14,300","13,000","1,300","14,300","13,000",カード,,女性,II,木村,1,143739
449493,2026/06/30,FJALLRAVEN by 3NITY TOKYO,RP011,Other,RP011,ショッパー(M),,,X,1,50,5,55,50,5,55,50,カード,,女性,II,木村,1,143739
449494,2026/06/30,FJALLRAVEN by 3NITY SAPPORO HUTTE,23200339037X,FJALLRAVEN,23200339,Vardag Pocket Large,037,Coal Black,X,1,"8,100",810,"8,910","8,100",810,"8,910","9,000",現金,,女性,III,佐藤,1,141984
449495,2026/06/30,FJALLRAVEN by 3NITY ルクア大阪,87148620X,FJALLRAVEN,87148,Swedish Classic Map Scarf,620,Green,X,1,"4,500",450,"4,950","4,500",450,"4,950","5,500",複数金種,,女性,II,鶴井,1,137692
449495,2026/06/30,FJALLRAVEN by 3NITY ルクア大阪,77352633X,FJALLRAVEN,77352,G1000 Seat Pad,633,Dark Olive,X,1,"4,000",400,"4,400","4,000",400,"4,400","4,000",複数金種,,女性,II,鶴井,1,137692
449496,2026/06/30,FJALLRAVEN by 3NITY TOKYO,23524620X,FJALLRAVEN,23524,Kanken Laptop 15,620,Green,X,1,"18,000",0,"18,000","18,000",0,"18,000","18,000",カード,,外国女性,IV,共通ユーザ,0,
449496,2026/06/30,FJALLRAVEN by 3NITY TOKYO,RP011,Other,RP011,ショッパー(M),,,X,1,50,5,55,50,5,55,50,カード,,外国女性,IV,共通ユーザ,0,
449497,2026/06/30,FJALLRAVEN by 3NITY 大丸心斎橋,23200331550X,FJALLRAVEN,23200331,High Coast Tote 30,550,Black,X,1,"19,000","1,900","20,900","19,000","1,900","20,900","19,000",複数金種,,外国男性,III,久保,0,
449498,2026/06/30,FJALLRAVEN by 3NITY ルクア大阪,TNT040S171L,TENNEN,TNT040S,shi Re toko tee,171,Olive,L,1,"6,500",650,"7,150","6,500",650,"7,150","6,500",電子マネー,,女性,IV,長尾,0,
449498,2026/06/30,FJALLRAVEN by 3NITY ルクア大阪,RP010,Other,RP010,ショッパー(S),,,X,1,50,5,55,50,5,55,50,電子マネー,,女性,IV,長尾,0,
449499,2026/06/30,FJALLRAVEN by 3NITY TOKYO,23561501-115X,FJALLRAVEN,23561,Kanken Mini,501-115,Sky Blue-Light Oak,X,1,"6,000",600,"6,600","6,000",600,"6,600","12,000",現金,,男性,III,共通ユーザ,0,
449500,2026/06/30,FJALLRAVEN STORE 名古屋ファッションワン,23200335662X,FJALLRAVEN,23200335,Skule 24,662,Deep Forest,X,1,"13,000","1,300","14,300","13,000","1,300","14,300","13,000",現金,,外国男性,II,大坂,0,
449501,2026/06/30,FJALLRAVEN by 3NITY 京王新宿,23510540X,FJALLRAVEN,23510,Kanken,540,Royal Blue,X,1,"13,000","1,300","14,300","13,000","1,300","14,300","13,000",現金,,女性,I,大森,0,
449501,2026/06/30,FJALLRAVEN by 3NITY 京王新宿,RP011,Other,RP011,ショッパー(M),,,X,1,50,5,55,50,5,55,50,現金,,女性,I,大森,0,
449502,2026/06/30,FJALLRAVEN by 3NITY ルクア大阪,24221030X,FJALLRAVEN,24221,Pocket,030,Dark Grey,X,1,"6,000",600,"6,600","6,000",600,"6,600","6,000",電子マネー,,外国女性,IV,長尾,0,
449503,2026/06/30,FJALLRAVEN by 3NITY 京王新宿,23227550X,FJALLRAVEN,23227,High Coast Crossbody,550,Black,X,1,"10,000","1,000","11,000","10,000","1,000","11,000","10,000",カード,,外国女性,III,大森,0,
449504,2026/06/30,FJALLRAVEN by 3NITY ルクア大阪,23797031X,FJALLRAVEN,23797,Kanken Sling,031,GRAPHITE,X,1,"10,500","1,050","11,550","10,500","1,050","11,550","10,500",電子マネー,,女性,I,鶴井,0,
449505,2026/06/30,FJALLRAVEN by 3NITY ルクア大阪,79060X,FJALLRAVEN,79060,Greenland Wax,,,X,1,"1,500",150,"1,650","1,500",150,"1,650","1,500",カード,,女性,III,鶴井,1,143740
449506,2026/06/30,FJALLRAVEN by 3NITY 大丸心斎橋,TNC102180X,TENNEN,TNC102,ジャンボ結び＆ボールチャーム,180,Misty,X,1,"3,500",350,"3,850","3,500",350,"3,850","3,500",現金,,女性,IV,片岡,1,143741
449506,2026/06/30,FJALLRAVEN by 3NITY 大丸心斎橋,TNC100140X,TENNEN,TNC100,2wayジャンボミニサコッシュ Tall,140,Natural,X,1,"10,000","1,000","11,000","10,000","1,000","11,000","10,000",現金,,女性,IV,片岡,1,143741
449506,2026/06/30,FJALLRAVEN by 3NITY 大丸心斎橋,RP011,Other,RP011,ショッパー(M),,,X,1,50,5,55,50,5,55,50,現金,,女性,IV,片岡,1,143741
449508,2026/06/30,6142,23797118X,FJALLRAVEN,23797,Kanken Sling,118,Fossil,X,1,"10,500",0,"10,500","10,500",0,"10,500","10,500",カード,,外国女性,III,中尾,0,
449510,2026/06/30,6142,23340560X,FJALLRAVEN,23340,Haulpack No.1,560,Navy,X,1,"26,000",0,"26,000","26,000",0,"26,000","26,000",カード,,外国女性,II,中尾,0,
449510,2026/06/30,6142,23223207X,FJALLRAVEN,23223,High Coast Hip Pack,207,Sunset Orange,X,1,"6,500",0,"6,500","6,500",0,"6,500","6,500",カード,,外国女性,II,中尾,0,
449513,2026/06/30,FJALLRAVEN by 3NITY ルクア大阪,23710021X,FJALLRAVEN,23710,Kanken Totepack,021,Fog,X,1,"15,000",0,"15,000","15,000",0,"15,000","15,000",電子マネー,,外国男性,II,鶴井,0,
449514,2026/06/30,FJALLRAVEN by 3NITY TOKYO,79060X,FJALLRAVEN,79060,Greenland Wax,,,X,1,"1,500",150,"1,650","1,500",150,"1,650","1,500",カード,,女性,III,赤根,0,
449515,2026/06/30,FJALLRAVEN by 3NITY TOKYO,24213633X,FJALLRAVEN,24213,Gear Bag,633,Dark Olive,X,1,"4,300",0,"4,300","4,300",0,"4,300","4,300",カード,,外国男性,IV,宮下,0,
449515,2026/06/30,FJALLRAVEN by 3NITY TOKYO,24221228X,FJALLRAVEN,24221,Pocket,228,Khaki Dust,X,1,"6,000",0,"6,000","6,000",0,"6,000","6,000",カード,,外国男性,IV,宮下,0,
449515,2026/06/30,FJALLRAVEN by 3NITY TOKYO,RP010,Other,RP010,ショッパー(S),,,X,1,50,5,55,50,5,55,50,カード,,外国男性,IV,宮下,0,
449516,2026/06/30,6142,23510126X,FJALLRAVEN,23510,Kanken,126,Corn,X,1,"13,000","1,300","14,300","13,000","1,300","14,300","13,000",電子マネー,,男性,IV,中尾,0,
449516,2026/06/30,6142,RP010,Other,RP010,ショッパー(S),,,X,1,100,10,110,100,10,110,50,電子マネー,,男性,IV,中尾,0,
449517,2026/06/30,FJALLRAVEN by 3NITY 京王新宿,23561600X,FJALLRAVEN,23561,Kanken Mini,600,Mint Green,X,1,"12,000","1,200","13,200","12,000","1,200","13,200","12,000",電子マネー,,外国女性,V,大森,0,
449517,2026/06/30,FJALLRAVEN by 3NITY 京王新宿,RP010,Other,RP010,ショッパー(S),,,X,1,50,5,55,50,5,55,50,電子マネー,,外国女性,V,大森,0,
449519,2026/06/30,FJALLRAVEN by 3NITY 大丸心斎橋,23561021X,FJALLRAVEN,23561,Kanken Mini,021,Fog,X,1,"12,000","1,200","13,200","12,000","1,200","13,200","12,000",複数金種,,外国女性,III,久保,0,
449519,2026/06/30,FJALLRAVEN by 3NITY 大丸心斎橋,RP008,Other,RP008,KANKEN SMU,,,X,1,"2,000",200,"2,200","2,000",200,"2,200","2,000",複数金種,,外国女性,III,久保,0,
449519,2026/06/30,FJALLRAVEN by 3NITY 大丸心斎橋,23505664X,FJALLRAVEN,23505,Kanken Shoulder Pads,664,Frost Green,X,1,"3,500",350,"3,850","3,500",350,"3,850","3,500",複数金種,,外国女性,III,久保,0,
449519,2026/06/30,FJALLRAVEN by 3NITY 大丸心斎橋,RP011,Other,RP011,ショッパー(M),,,X,1,50,5,55,50,5,55,50,複数金種,,外国女性,III,久保,0,
449520,2026/06/30,FJALLRAVEN by 3NITY TOKYO,87039113L,FJALLRAVEN,87039,Ovik Travel Shirt SS M,113,Chalk White,L,1,"11,000","1,100","12,100","11,000","1,100","12,100","11,000",カード,,外国男性,III,須藤,0,
449521,2026/06/30,FJALLRAVEN by 3NITY 大丸心斎橋,23222560X,FJALLRAVEN,23222,High Coast Foldsack 24,560,Navy,X,1,"14,500","1,450","15,950","14,500","1,450","15,950","14,500",複数金種,,外国女性,II,久保,0,
449521,2026/06/30,FJALLRAVEN by 3NITY 大丸心斎橋,23785620X,FJALLRAVEN,23785,Kanken Keyring,620,Green,X,1,"1,500",150,"1,650","1,500",150,"1,650","1,500",複数金種,,外国女性,II,久保,0,
449522,2026/06/30,FJALLRAVEN by 3NITY TOKYO,23510576X,FJALLRAVEN,23510,Kanken,576,Midnight Purple,X,1,"13,000","1,300","14,300","13,000","1,300","14,300","13,000",カード,,男性,II,赤根,1,143742
449522,2026/06/30,FJALLRAVEN by 3NITY TOKYO,RP011,Other,RP011,ショッパー(M),,,X,1,50,5,55,50,5,55,50,カード,,男性,II,赤根,1,143742
449522,2026/06/30,FJALLRAVEN by 3NITY TOKYO,GIFT400,Other,GIFT400,Gift Wrapping (M),,,X,1,400,40,440,400,40,440,400,カード,,男性,II,赤根,1,143742
449523,2026/06/30,FJALLRAVEN by 3NITY ルクア大阪,23227550X,FJALLRAVEN,23227,High Coast Crossbody,550,Black,X,1,"10,000",0,"10,000","10,000",0,"10,000","10,000",カード,,外国男性,III,長尾,0,
449524,2026/06/30,FJALLRAVEN by 3NITY TOKYO,23100158550X,FJALLRAVEN,23100158,Kanken Rain Cover Plus,550,Black,X,1,"4,500",450,"4,950","4,500",450,"4,950","4,500",現金,,女性,IV,木村,1,143743
449525,2026/06/30,6142,23345357X,FJALLRAVEN,23345,Raven 28,357,Port,X,1,"19,000",0,"19,000","19,000",0,"19,000","19,000",カード,,外国女性,II,中尾,0,
449526,2026/06/30,6142,23200337550X,FJALLRAVEN,23200337,Skule Sling 6,550,Black,X,1,"9,000",0,"9,000","9,000",0,"9,000","9,000",カード,,外国男性,V,中尾,0,
449527,2026/06/30,FJALLRAVEN by 3NITY ルクア大阪,23200332620-221X,FJALLRAVEN,23200332,Vardag Foldsack 25,620-221,Green-Clay,X,1,"21,500",0,"21,500","21,500",0,"21,500","21,500",現金,,外国男性,III,鶴井,0,
449529,2026/06/30,FJALLRAVEN by 3NITY玉川高島屋S・C,23510550X,FJALLRAVEN,23510,Kanken,550,Black,X,1,"13,000","1,300","14,300","13,000","1,300","14,300","13,000",カード,,女性,I,村田,1,143744
449529,2026/06/30,FJALLRAVEN by 3NITY玉川高島屋S・C,RP011,Other,RP011,ショッパー(M),,,X,1,50,5,55,50,5,55,50,カード,,女性,I,村田,1,143744
449530,2026/06/30,FJALLRAVEN by 3NITY 京王新宿,23510501-115X,FJALLRAVEN,23510,Kanken,501-115,Sky Blue-Light Oak,X,1,"13,000","1,300","14,300","13,000","1,300","14,300","13,000",デビット,,男性,IV,大森,0,
449530,2026/06/30,FJALLRAVEN by 3NITY 京王新宿,RP011,Other,RP011,ショッパー(M),,,X,1,50,5,55,50,5,55,50,デビット,,男性,IV,大森,0,
449533,2026/06/30,FJALLRAVEN by 3NITY TOKYO,23510312X,FJALLRAVEN,23510,Kanken,312,Pink,X,1,"13,000",0,"13,000","13,000",0,"13,000","13,000",現金,,外国女性,IV,木村,0,
449533,2026/06/30,FJALLRAVEN by 3NITY TOKYO,23505326X,FJALLRAVEN,23505,Kanken Shoulder Pads,326,Ox Red,X,1,"3,500",0,"3,500","3,500",0,"3,500","3,500",現金,,外国女性,IV,木村,0,
449536,2026/06/30,FJALLRAVEN by 3NITY 大丸心斎橋,81511300L,FJALLRAVEN,81511,Ovik Polo Shirt M,300,Dusty Rose,L,1,"13,000","1,300","14,300","13,000","1,300","14,300","13,000",複数金種,,女性,IV,久保,1,143745
449537,2026/06/30,FJALLRAVEN POPUP NARITA,23510302X,FJALLRAVEN,23510,Kanken,302,Chalk Rose,X,1,"13,000","1,300","14,300","13,000","1,300","14,300","13,000",カード,,女性,I,共通ユーザ,0,
449537,2026/06/30,FJALLRAVEN POPUP NARITA,RP011,Other,RP011,ショッパー(M),,,X,1,50,5,55,50,5,55,50,カード,,女性,I,共通ユーザ,0,
449538,2026/06/30,FJALLRAVEN STORE 名古屋ファッションワン,23565118X,FJALLRAVEN,23565,KankenNo.2,118,Fossil,X,1,"20,000","2,000","22,000","20,000","2,000","22,000","20,000",カード,,外国男性,III,久保,0,
449538,2026/06/30,FJALLRAVEN STORE 名古屋ファッションワン,23505228X,FJALLRAVEN,23505,Kanken Shoulder Pads,228,Khaki Dust,X,1,"3,500",350,"3,850","3,500",350,"3,850","3,500",カード,,外国男性,III,久保,0,
449538,2026/06/30,FJALLRAVEN STORE 名古屋ファッションワン,RP011,Other,RP011,ショッパー(M),,,X,1,50,5,55,50,5,55,50,カード,,外国男性,III,久保,0,
449543,2026/06/30,FJALLRAVEN by 3NITY ルクア大阪,23710031X,FJALLRAVEN,23710,Kanken Totepack,031,Graphite,X,1,"15,000","1,500","16,500","15,000","1,500","16,500","15,000",カード,,男性,II,鶴井,1,143746
449543,2026/06/30,FJALLRAVEN by 3NITY ルクア大阪,79060X,FJALLRAVEN,79060,Greenland Wax,,,X,1,"1,500",150,"1,650","1,500",150,"1,650","1,500",カード,,男性,II,鶴井,1,143746
449543,2026/06/30,FJALLRAVEN by 3NITY ルクア大阪,RP011,Other,RP011,ショッパー(M),,,X,1,50,5,55,50,5,55,50,カード,,男性,II,鶴井,1,143746
449544,2026/06/30,FJALLRAVEN by 3NITY 大丸心斎橋,23344550-550X,FJALLRAVEN,23344,Raven 20,550-550,Black-Black,X,1,"16,000","1,600","17,600","16,000","1,600","17,600","16,000",複数金種,,外国女性,IV,久保,0,
449544,2026/06/30,FJALLRAVEN by 3NITY 大丸心斎橋,23200337550X,FJALLRAVEN,23200337,Skule Sling 6,550,Black,X,1,"9,000",900,"9,900","9,000",900,"9,900","9,000",複数金種,,外国女性,IV,久保,0,
449544,2026/06/30,FJALLRAVEN by 3NITY 大丸心斎橋,RP011,Other,RP011,ショッパー(M),,,X,1,50,5,55,50,5,55,50,複数金種,,外国女性,IV,久保,0,
449549,2026/06/30,FJALLRAVEN by 3NITY ルクア大阪,RP010,Other,RP010,ショッパー(S),,,X,1,50,5,55,50,5,55,50,電子マネー,,外国女性,II,志良堂,0,
449549,2026/06/30,FJALLRAVEN by 3NITY ルクア大阪,23226543X,FJALLRAVEN,23226,High Coast Pocket,543,Dawn Blue,X,1,"5,000",0,"5,000","5,000",0,"5,000","5,000",電子マネー,,外国女性,II,志良堂,0,
449550,2026/06/30,FJALLRAVEN by 3NITY 大丸心斎橋,23346050X,FJALLRAVEN,23346,Skule 28,050,Basalt,X,1,"14,000","1,400","15,400","14,000","1,400","15,400","14,000",複数金種,,外国女性,IV,久保,0,
449550,2026/06/30,FJALLRAVEN by 3NITY 大丸心斎橋,24216633X,FJALLRAVEN,24216,Zip Wallet,633,Dark Olive,X,1,"5,800",580,"6,380","5,800",580,"6,380","5,800",複数金種,,外国女性,IV,久保,0,
449551,2026/06/30,FJALLRAVEN by 3NITY ルクア大阪,23200358577-986X,FJALLRAVEN,23200358,Kanken Graphics Hip Pack,577-986,Nimbus Blue-Hidden Animals,X,1,"10,000","1,000","11,000","10,000","1,000","11,000","10,000",カード,,女性,II,鶴井,1,143747
449565,2026/07/01,FJALLRAVEN POPUP NARITA,77357030L/XL,FJALLRAVEN,77357,Vidda Cap,030,Dark Grey,L/XL,1,"6,200",620,"6,820","6,200",620,"6,820","6,200",カード,,男性,III,吉田,0,
449567,2026/07/01,FJALLRAVEN STORE 名古屋ファッションワン,87146133M,FJALLRAVEN,87146,Fjallraven Logo Tee W,133,Mais Yellow,M,1,"3,250",325,"3,575","3,250",325,"3,575","6,500",カード,,女性,V,久保,0,
449571,2026/07/01,FJALLRAVEN STORE 名古屋ファッションワン,23510031X,FJALLRAVEN,23510,Kanken,031,Graphite,X,1,"13,000","1,300","14,300","13,000","1,300","14,300","13,000",複数金種,,女性,VI,久保,0,
449571,2026/07/01,FJALLRAVEN STORE 名古屋ファッションワン,RP008,Other,RP008,KANKEN SMU,,,X,1,"2,000",200,"2,200","2,000",200,"2,200","2,000",複数金種,,女性,VI,久保,0,
449571,2026/07/01,FJALLRAVEN STORE 名古屋ファッションワン,23505560X,FJALLRAVEN,23505,Kanken Shoulder Pads,560,Navy,X,1,"3,500",350,"3,850","3,500",350,"3,850","3,500",複数金種,,女性,VI,久保,0,
449573,2026/07/01,FJALLRAVEN by 3NITY ルクア大阪,87153113S,FJALLRAVEN,87153,Fox Boxy Logo Tee W,113,Chalk White,S,1,"6,500",650,"7,150","6,500",650,"7,150","6,500",カード,,女性,V,生田,1,143748
449573,2026/07/01,FJALLRAVEN by 3NITY ルクア大阪,87146357S,FJALLRAVEN,87146,Fjallraven Logo Tee W,357,Port,S,1,"6,500",650,"7,150","6,500",650,"7,150","6,500",カード,,女性,V,生田,1,143748
449573,2026/07/01,FJALLRAVEN by 3NITY ルクア大阪,23200307221X,FJALLRAVEN,23200307,Abisko Softpack 16,221,Clay,X,1,"16,500","1,650","18,150","16,500","1,650","18,150","16,500",カード,,女性,V,生田,1,143748
449573,2026/07/01,FJALLRAVEN by 3NITY ルクア大阪,Hokkosai1200X,Other,Hokkosai1200,北狐祭手ぬぐい,,,X,1,600,60,660,600,60,660,"1,200",カード,,女性,V,生田,1,143748
449573,2026/07/01,FJALLRAVEN by 3NITY ルクア大阪,RP011,Other,RP011,ショッパー(M),,,X,1,50,5,55,50,5,55,50,カード,,女性,V,生田,1,143748
449574,2026/07/01,FJALLRAVEN by 3NITY 大丸心斎橋,23344633X,FJALLRAVEN,23344,Raven 20,633,Dark Olive,X,1,"16,000","1,600","17,600","16,000","1,600","17,600","16,000",複数金種,,外国女性,II,片岡,0,
449574,2026/07/01,FJALLRAVEN by 3NITY 大丸心斎橋,79030X,FJALLRAVEN,79030,Greenland Wax travel pack,,,X,1,850,85,935,850,85,935,850,複数金種,,外国女性,II,片岡,0,
449575,2026/07/01,FJALLRAVEN STORE 名古屋ファッションワン,23349550X,FJALLRAVEN,23349,Skule 20,550,Black,X,1,"12,000","1,200","13,200","12,000","1,200","13,200","12,000",現金,,外国男性,II,久保,0,
449576,2026/07/01,FJALLRAVEN POPUP NARITA,23510540X,FJALLRAVEN,23510,Kanken,540,Royal Blue,X,1,"13,000","1,300","14,300","13,000","1,300","14,300","13,000",現金,,男性,IV,共通ユーザ,0,
449576,2026/07/01,FJALLRAVEN POPUP NARITA,GIFT400,Other,GIFT400,Gift Wrapping (M),,,X,1,400,40,440,400,40,440,400,現金,,男性,IV,共通ユーザ,0,
449577,2026/07/01,6142,23510660X,FJALLRAVEN,23510,Kanken,660,Forest Green,X,1,"13,000",0,"13,000","13,000",0,"13,000","13,000",現金,,外国男性,II,中尾,0,
449578,2026/07/01,6142,RP010,Other,RP010,ショッパー(S),,,X,1,100,10,110,100,10,110,50,現金,,外国男性,II,中尾,0,
449579,2026/07/01,FJALLRAVEN by 3NITY ルクア大阪,23200301354-228X,FJALLRAVEN,23200301,VardagShoulderBag6,354-228,Poppy Pink-Khaki Dust,X,1,"12,000","1,200","13,200","12,000","1,200","13,200","13,000",複数金種,,男性,IV,生田,1,108573
449579,2026/07/01,FJALLRAVEN by 3NITY ルクア大阪,RP011,Other,RP011,ショッパー(M),,,X,1,50,5,55,50,5,55,50,複数金種,,男性,IV,生田,1,108573
449580,2026/07/01,6142,23797021X,FJALLRAVEN,23797,Kanken Sling,021,FOG,X,1,"10,500",0,"10,500","10,500",0,"10,500","10,500",カード,,外国女性,III,中尾,0,
449581,2026/07/01,FJALLRAVEN by 3NITY 大丸心斎橋,24215030X,FJALLRAVEN,24215,Gear Pocket,030,Dark Grey,X,1,"3,000",300,"3,300","3,000",300,"3,300","3,000",複数金種,,女性,III,大山,1,143749
449581,2026/07/01,FJALLRAVEN by 3NITY 大丸心斎橋,GIFT300,Other,GIFT300,Gift Wrapping (S),,,X,1,300,30,330,300,30,330,300,複数金種,,女性,III,大山,1,143749
449582,2026/07/01,FJALLRAVEN by 3NITY ルクア大阪,23319221X,FJALLRAVEN,23319,Singi 20,221,Clay,X,1,"14,400","1,440","15,840","14,400","1,440","15,840","16,000",現金,,男性,II,生田,1,143637
449582,2026/07/01,FJALLRAVEN by 3NITY ルクア大阪,79060X,FJALLRAVEN,79060,Greenland Wax,,,X,1,"1,350",135,"1,485","1,350",135,"1,485","1,500",現金,,男性,II,生田,1,143637
449582,2026/07/01,FJALLRAVEN by 3NITY ルクア大阪,GIFT500,Other,GIFT500,Gift Wrapping (L),,,X,1,500,50,550,500,50,550,500,現金,,男性,II,生田,1,143637
449582,2026/07/01,FJALLRAVEN by 3NITY ルクア大阪,RP011,Other,RP011,ショッパー(M),,,X,1,50,5,55,50,5,55,50,現金,,男性,II,生田,1,143637
449583,2026/07/01,FJALLRAVEN POPUP NARITA,23200395457X,FJALLRAVEN,23200395,Kanken Crossbody,457,Pastel Lavender,X,1,"12,500",0,"12,500","12,500",0,"12,500","12,500",現金,,外国女性,III,共通ユーザ,0,
449584,2026/07/01,FJALLRAVEN STORE 名古屋ファッションワン,23100177221X,FJALLRAVEN,23100177,AbiskoBottlePocket,221,Clay,X,1,"6,000",600,"6,600","6,000",600,"6,600","6,000",カード,,女性,II,久保,0,
449584,2026/07/01,FJALLRAVEN STORE 名古屋ファッションワン,RP010,Other,RP010,ショッパー(S),,,X,1,50,5,55,50,5,55,50,カード,,女性,II,久保,0,
449585,2026/07/01,FJALLRAVEN POPUP NARITA,23226614X,FJALLRAVEN,23226,High Coast Pocket,614,Patina Green,X,1,"5,000",0,"5,000","5,000",0,"5,000","5,000",電子マネー,,外国男性,IV,島田,0,
449586,2026/07/01,FJALLRAVEN by 3NITY TOKYO,27222614X,FJALLRAVEN,27222,Abisko Hike Foldsack,614,Patina Green,X,1,"22,000","2,200","24,200","22,000","2,200","24,200","23,000",電子マネー,,女性,IV,赤根,1,129741
449586,2026/07/01,FJALLRAVEN by 3NITY TOKYO,Hokkosai1200X,Other,Hokkosai1200,北狐祭手ぬぐい,,,X,1,600,60,660,600,60,660,"1,200",電子マネー,,女性,IV,赤根,1,129741
449586,2026/07/01,FJALLRAVEN by 3NITY TOKYO,RP011,Other,RP011,ショッパー(M),,,X,1,50,5,55,50,5,55,50,電子マネー,,女性,IV,赤根,1,129741
449587,2026/07/01,FJALLRAVEN by 3NITY玉川高島屋S・C,23510302X,FJALLRAVEN,23510,Kanken,302,Chalk Rose,X,1,"13,000","1,300","14,300","13,000","1,300","14,300","13,000",現金,,女性,V,村田,1,143751
449588,2026/07/01,FJALLRAVEN by 3NITY ルクア大阪,23510540X,FJALLRAVEN,23510,Kanken,540,Royal Blue,X,1,"13,000","1,300","14,300","13,000","1,300","14,300","13,000",カード,,女性,II,志良堂,1,143750
449588,2026/07/01,FJALLRAVEN by 3NITY ルクア大阪,RP008,Other,RP008,KANKEN SMU,,,X,1,"2,000",200,"2,200","2,000",200,"2,200","2,000",カード,,女性,II,志良堂,1,143750
449589,2026/07/01,FJALLRAVEN by 3NITY ルクア大阪,23223207X,FJALLRAVEN,23223,High Coast Hip Pack,207,Sunset Orange,X,1,"6,500",650,"7,150","6,500",650,"7,150","6,500",現金,,女性,IV,生田,0,
449590,2026/07/01,FJALLRAVEN by 3NITY ルクア大阪,87153543L,FJALLRAVEN,87153,Fox Boxy Logo Tee W,543,Dawn Blue,L,1,"6,500",0,"6,500","6,500",0,"6,500","6,500",カード,,外国女性,IV,生田,0,
449591,2026/07/01,FJALLRAVEN by 3NITY ルクア大阪,23349550X,FJALLRAVEN,23349,Skule 20,550,Black,X,1,"12,000","1,200","13,200","12,000","1,200","13,200","12,000",電子マネー,,女性,IV,志良堂,1,143752
449591,2026/07/01,FJALLRAVEN by 3NITY ルクア大阪,23200248000X,FJALLRAVEN,23200248,Samlaren Pack Bags,000,Assorted,X,1,"5,300",530,"5,830","5,300",530,"5,830","5,300",電子マネー,,女性,IV,志良堂,1,143752
449592,2026/07/01,FJALLRAVEN STORE 名古屋ファッションワン,23797031X,FJALLRAVEN,23797,Kanken Sling,031,GRAPHITE,X,1,"10,500",0,"10,500","10,500",0,"10,500","10,500",カード,,外国女性,III,清水,0,
449592,2026/07/01,FJALLRAVEN STORE 名古屋ファッションワン,23523031X,FJALLRAVEN,23523,Kanken Laptop 13,031,Graphite,X,1,"17,000",0,"17,000","17,000",0,"17,000","17,000",カード,,外国女性,III,清水,0,
449593,2026/07/01,FJALLRAVEN by 3NITY TOKYO,23524620X,FJALLRAVEN,23524,Kanken Laptop 15,620,Green,X,1,"18,000","1,800","19,800","18,000","1,800","19,800","18,000",現金,,外国女性,II,赤根,0,
449593,2026/07/01,FJALLRAVEN by 3NITY TOKYO,RP011,Other,RP011,ショッパー(M),,,X,1,50,5,55,50,5,55,50,現金,,外国女性,II,赤根,0,
449594,2026/07/01,FJALLRAVEN POPUP NARITA,23200334228-135X,FJALLRAVEN,23200334,KankenKoncept,228-135,Khaki Dust-Kantarell,X,1,"15,000","1,500","16,500","15,000","1,500","16,500","15,000",カード,,女性,IV,島田,0,
449595,2026/07/01,FJALLRAVEN by 3NITY TOKYO NODE,23797221X,FJALLRAVEN,23797,Kanken Sling,221,Clay,X,1,"10,500","1,050","11,550","10,500","1,050","11,550","10,500",カード,,外国女性,V,西村,0,
449595,2026/07/01,FJALLRAVEN by 3NITY TOKYO NODE,23510540X,FJALLRAVEN,23510,Kanken,540,Royal Blue,X,1,"13,000","1,300","14,300","13,000","1,300","14,300","13,000",カード,,外国女性,V,西村,0,
449595,2026/07/01,FJALLRAVEN by 3NITY TOKYO NODE,RP008,Other,RP008,KANKEN SMU,,,X,1,"2,000",200,"2,200","2,000",200,"2,200","2,000",カード,,外国女性,V,西村,0,
449596,2026/07/01,FJALLRAVEN by 3NITY ルクア大阪,23510126X,FJALLRAVEN,23510,Kanken,126,Corn,X,1,"13,000","1,300","14,300","13,000","1,300","14,300","13,000",現金,,女性,I,志良堂,1,143753
449596,2026/07/01,FJALLRAVEN by 3NITY ルクア大阪,RP011,Other,RP011,ショッパー(M),,,X,1,50,5,55,50,5,55,50,現金,,女性,I,志良堂,1,143753
449597,2026/07/01,FJALLRAVEN by 3NITY TOKYO NODE,14500153637M,FJALLRAVEN,14500153,HighCoastWindHoodieW,637,Soft Jade,M,1,"28,050","2,805","30,855","28,050","2,805","30,855","33,000",複数金種,,女性,VI,山之内,1,123177
449597,2026/07/01,FJALLRAVEN by 3NITY TOKYO NODE,23226614X,FJALLRAVEN,23226,High Coast Pocket,614,Patina Green,X,1,"4,000",400,"4,400","4,000",400,"4,400","5,000",複数金種,,女性,VI,山之内,1,123177
449597,2026/07/01,FJALLRAVEN by 3NITY TOKYO NODE,13600016550M,FJALLRAVEN,13600016,Rainbow T-Shirt,550,Black,M,1,"9,350",935,"10,285","9,350",935,"10,285","11,000",複数金種,,女性,VI,山之内,1,123177
449597,2026/07/01,FJALLRAVEN by 3NITY TOKYO NODE,79258030L,FJALLRAVEN,79258,Hatfield Hat,030,Dark Grey,L,1,"7,400",740,"8,140","7,400",740,"8,140","7,400",複数金種,,女性,VI,山之内,1,123177
449597,2026/07/01,FJALLRAVEN by 3NITY TOKYO NODE,RP011,Other,RP011,ショッパー(M),,,X,1,50,5,55,50,5,55,50,複数金種,,女性,VI,山之内,1,123177
449598,2026/07/01,FJALLRAVEN by 3NITY TOKYO NODE,23524501X,FJALLRAVEN,23524,Kanken Laptop 15,501,Sky Blue,X,1,"18,000",0,"18,000","18,000",0,"18,000","18,000",カード,,外国女性,II,西村,0,
449598,2026/07/01,FJALLRAVEN by 3NITY TOKYO NODE,RP011,Other,RP011,ショッパー(M),,,X,1,50,5,55,50,5,55,50,カード,,外国女性,II,西村,0,
449599,2026/07/01,FJALLRAVEN by 3NITY玉川高島屋S・C,23200395457X,FJALLRAVEN,23200395,Kanken Crossbody,457,Pastel Lavender,X,1,"12,500","1,250","13,750","12,500","1,250","13,750","12,500",カード,,女性,III,小林,0,
449599,2026/07/01,FJALLRAVEN by 3NITY玉川高島屋S・C,RP010,Other,RP010,ショッパー(S),,,X,1,50,5,55,50,5,55,50,カード,,女性,III,小林,0,
449600,2026/07/01,FJALLRAVEN POPUP NARITA,23200330016X,FJALLRAVEN,23200330,High Coast Backpack 24,016,Shark Grey,X,1,"17,000",0,"17,000","17,000",0,"17,000","17,000",現金,,外国男性,IV,島田,0,
449601,2026/07/01,FJALLRAVEN by 3NITY玉川高島屋S・C,23200339620-221X,FJALLRAVEN,23200339,Vardag Pocket Large,620-221,Green-Clay,X,1,"9,000",900,"9,900","9,000",900,"9,900","9,000",カード,,男性,VI,小林,0,
449602,2026/07/01,FJALLRAVEN by 3NITY ルクア大阪,TNA034111110,TENNEN,TNA034,長尺注染手ぬぐい/七宝,111,Black,110,1,"2,300",230,"2,530","2,300",230,"2,530","2,300",カード,,女性,IV,志良堂,1,143754
449603,2026/07/01,FJALLRAVEN by 3NITY 大丸心斎橋,23346550X,FJALLRAVEN,23346,Skule 28,550,Black,X,1,"14,000","1,400","15,400","14,000","1,400","15,400","14,000",複数金種,,外国女性,IV,大山,0,
449604,2026/07/01,FJALLRAVEN by 3NITY ルクア大阪,23200283037X,FJALLRAVEN,23200283,Farden Duffel 80,037,Coal Black,X,1,"33,000","3,300","36,300","33,000","3,300","36,300","34,000",電子マネー,,男性,IV,志良堂,1,136730
449604,2026/07/01,FJALLRAVEN by 3NITY ルクア大阪,Hokkosai1200X,Other,Hokkosai1200,北狐祭手ぬぐい,,,X,1,600,60,660,600,60,660,"1,200",電子マネー,,男性,IV,志良堂,1,136730
449604,2026/07/01,FJALLRAVEN by 3NITY ルクア大阪,RP012,Other,RP012,ショッパー(L),,,X,1,50,5,55,50,5,55,50,電子マネー,,男性,IV,志良堂,1,136730
449605,2026/07/01,FJALLRAVEN STORE 名古屋ファッションワン,12600317114S,FJALLRAVEN,12600317,Abisko Wool Hoodie M,114,Light Fossil,S,1,"15,600","1,560","17,160","15,600","1,560","17,160","19,500",カード,,男性,III,久保,1,105450
449605,2026/07/01,FJALLRAVEN STORE 名古屋ファッションワン,12600317625S,FJALLRAVEN,12600317,Abisko Wool Hoodie M,625,Laurel Green,S,1,"15,600","1,560","17,160","15,600","1,560","17,160","19,500",カード,,男性,III,久保,1,105450
449605,2026/07/01,FJALLRAVEN STORE 名古屋ファッションワン,Hokkosai1200X,Other,Hokkosai1200,北狐祭手ぬぐい,,,X,1,600,60,660,600,60,660,"1,200",カード,,男性,III,久保,1,105450
449606,2026/07/01,FJALLRAVEN by 3NITY玉川高島屋S・C,23510046X,FJALLRAVEN,23510,Kanken,046,Super grey,X,1,"13,000","1,300","14,300","13,000","1,300","14,300","13,000",カード,,女性,III,小林,0,
449606,2026/07/01,FJALLRAVEN by 3NITY玉川高島屋S・C,RP011,Other,RP011,ショッパー(M),,,X,1,50,5,55,50,5,55,50,カード,,女性,III,小林,0,
449607,2026/07/01,FJALLRAVEN POPUP NARITA,23226550X,FJALLRAVEN,23226,High Coast Pocket,550,Black,X,1,"5,000",500,"5,500","5,000",500,"5,500","5,000",カード,,女性,II,共通ユーザ,0,
449608,2026/07/01,FJALLRAVEN by 3NITY 大丸心斎橋,23200334228-135X,FJALLRAVEN,23200334,KankenKoncept,228-135,Khaki Dust-Kantarell,X,1,"15,000","1,500","16,500","15,000","1,500","16,500","15,000",複数金種,,外国女性,II,片岡,0,
449608,2026/07/01,FJALLRAVEN by 3NITY 大丸心斎橋,23505160X,FJALLRAVEN,23505,Kanken Shoulder Pads,160,Ochre,X,1,"3,500",350,"3,850","3,500",350,"3,850","3,500",複数金種,,外国女性,II,片岡,0,
449610,2026/07/01,FJALLRAVEN by 3NITY 京王新宿,14600200030M,FJALLRAVEN,14600200,ovik Hemp Camp Shirt SS W,030,Dark Grey,M,1,"14,500","1,450","15,950","14,500","1,450","15,950","14,500",現金,,女性,VI,江越,0,
449611,2026/07/01,FJALLRAVEN by 3NITY TOKYO,23797664-319X,FJALLRAVEN,23797,Kanken Sling,664-319,Frost Green-Peach Pink,X,1,"10,500","1,050","11,550","10,500","1,050","11,550","10,500",複数金種,,男性,V,花山,1,127955
449611,2026/07/01,FJALLRAVEN by 3NITY TOKYO,23200359577-986X,FJALLRAVEN,23200359,Kanken Graphics Laptop 15,577-986,Nimbus Blue-Hidden Animals,X,1,"21,000","2,100","23,100","21,000","2,100","23,100","21,000",複数金種,,男性,V,花山,1,127955
449611,2026/07/01,FJALLRAVEN by 3NITY TOKYO,Hokkosai1200X,Other,Hokkosai1200,北狐祭手ぬぐい,,,X,1,600,60,660,600,60,660,"1,200",複数金種,,男性,V,花山,1,127955
449611,2026/07/01,FJALLRAVEN by 3NITY TOKYO,GIFT500,Other,GIFT500,Gift Wrapping (L),,,X,1,500,50,550,500,50,550,500,複数金種,,男性,V,花山,1,127955
449611,2026/07/01,FJALLRAVEN by 3NITY TOKYO,81511560L,FJALLRAVEN,81511,Ovik Polo Shirt M,560,Navy,L,1,"11,050","1,105","12,155","11,050","1,105","12,155","13,000",複数金種,,男性,V,花山,1,127955
449612,2026/07/01,FJALLRAVEN STORE 名古屋ファッションワン,23346243X,FJALLRAVEN,23346,Skule 28,243,Terracotta Brown,X,1,"14,000","1,400","15,400","14,000","1,400","15,400","14,000",現金,,男性,V,清水,0,
449613,2026/07/01,FJALLRAVEN by 3NITY ルクア大阪,87310633M,FJALLRAVEN,87310,Fjallraven Logo T-shirt M,633,Dark Olive,M,1,"5,850",585,"6,435","5,850",585,"6,435","6,500",電子マネー,,女性,IV,志良堂,1,125704
449613,2026/07/01,FJALLRAVEN by 3NITY ルクア大阪,23154662X,FJALLRAVEN,23154,Greenland Shoulder Bag,662,Deep Forest,X,1,"19,000","1,900","20,900","19,000","1,900","20,900","20,000",電子マネー,,女性,IV,志良堂,1,125704
449613,2026/07/01,FJALLRAVEN by 3NITY ルクア大阪,RP011,Other,RP011,ショッパー(M),,,X,1,50,5,55,50,5,55,50,電子マネー,,女性,IV,志良堂,1,125704
449614,2026/07/01,FJALLRAVEN by 3NITY玉川高島屋S・C,23100160620X,FJALLRAVEN,23100160,Farden Necessity Bag,620,Green,X,1,"11,500","1,150","12,650","11,500","1,150","12,650","11,500",複数金種,,女性,III,村田,1,143756
449615,2026/07/01,FJALLRAVEN by 3NITY ルクア大阪,23510302X,FJALLRAVEN,23510,Kanken,302,Chalk Rose,X,1,"13,000","1,300","14,300","13,000","1,300","14,300","13,000",カード,,女性,III,志良堂,1,143755
449616,2026/07/01,FJALLRAVEN STORE 名古屋ファッションワン,23510021-312X,FJALLRAVEN,23510,Kanken,021-312,Fog-Pink,X,1,"13,000","1,300","14,300","13,000","1,300","14,300","13,000",現金,,女性,VI,清水,0,
449616,2026/07/01,FJALLRAVEN STORE 名古屋ファッションワン,RP011,Other,RP011,ショッパー(M),,,X,1,50,5,55,50,5,55,50,現金,,女性,VI,清水,0,
449617,2026/07/01,FJALLRAVEN by 3NITY TOKYO,23623550-907X,FJALLRAVEN,23623,Kanken Rainbow Sling,550-907,Black-Rainbow Pattern,X,1,"11,000",0,"11,000","11,000",0,"11,000","11,000",カード,,外国女性,II,花山,0,
449618,2026/07/01,FJALLRAVEN by 3NITY TOKYO NODE,23200356577-986X,FJALLRAVEN,23200356,Kanken Graphics,577-986,Nimbus Blue-Hidden Animals,X,1,"16,000","1,600","17,600","16,000","1,600","17,600","16,000",複数金種,,女性,II,西村,1,143757
449618,2026/07/01,FJALLRAVEN by 3NITY TOKYO NODE,RP011,Other,RP011,ショッパー(M),,,X,1,50,5,55,50,5,55,50,複数金種,,女性,II,西村,1,143757
449619,2026/07/01,FJALLRAVEN by 3NITY ルクア大阪,23710550X,FJALLRAVEN,23710,Kanken Totepack,550,Black,X,1,"15,000","1,500","16,500","15,000","1,500","16,500","15,000",カード,,女性,II,志良堂,1,143758
449619,2026/07/01,FJALLRAVEN by 3NITY ルクア大阪,23796550X,FJALLRAVEN,23796,Kanken Hip Pack,550,Black,X,1,"8,000",800,"8,800","8,000",800,"8,800","8,000",カード,,女性,II,志良堂,1,143758
449619,2026/07/01,FJALLRAVEN by 3NITY ルクア大阪,79060X,FJALLRAVEN,79060,Greenland Wax,,,X,1,"1,500",150,"1,650","1,500",150,"1,650","1,500",カード,,女性,II,志良堂,1,143758
449619,2026/07/01,FJALLRAVEN by 3NITY ルクア大阪,RP011,Other,RP011,ショッパー(M),,,X,1,50,5,55,50,5,55,50,カード,,女性,II,志良堂,1,143758
449620,2026/07/01,FJALLRAVEN by 3NITY 京王新宿,23799550X,FJALLRAVEN,23799,Kanken No. 2 Black Sling,550,Black,X,1,"15,000","1,500","16,500","15,000","1,500","16,500","15,000",現金,,女性,III,江越,1,143759
449620,2026/07/01,FJALLRAVEN by 3NITY 京王新宿,23344550-550X,FJALLRAVEN,23344,Raven 20,550-550,Black-Black,X,1,"16,000","1,600","17,600","16,000","1,600","17,600","16,000",現金,,女性,III,江越,1,143759
449620,2026/07/01,FJALLRAVEN by 3NITY 京王新宿,RP011,Other,RP011,ショッパー(M),,,X,1,50,5,55,50,5,55,50,現金,,女性,III,江越,1,143759
449621,2026/07/01,FJALLRAVEN by 3NITY ルクア大阪,77357300L/XL,FJALLRAVEN,77357,Vidda Cap,300,Dusty Rose,L/XL,1,"6,200",0,"6,200","6,200",0,"6,200","6,200",カード,,外国女性,III,志良堂,0,
449621,2026/07/01,FJALLRAVEN by 3NITY ルクア大阪,RP010,Other,RP010,ショッパー(S),,,X,1,50,5,55,50,5,55,50,カード,,外国女性,III,志良堂,0,
449622,2026/07/01,FJALLRAVEN by 3NITY TOKYO NODE,23510021-312X,FJALLRAVEN,23510,Kanken,021-312,Fog-Pink,X,1,"11,700","1,170","12,870","11,700","1,170","12,870","13,000",複数金種,,女性,III,西村,1,142597
449623,2026/07/01,FJALLRAVEN by 3NITY ルクア大阪,12600257020-999S,FJALLRAVEN,12600257,Abisko Lite SS M,020-999,Grey-Melange,S,1,"6,750",675,"7,425","6,750",675,"7,425","7,500",カード,,女性,IV,生田,1,135261
449623,2026/07/01,FJALLRAVEN by 3NITY ルクア大阪,Hokkosai1200X,Other,Hokkosai1200,北狐祭手ぬぐい,,,X,1,600,60,660,600,60,660,"1,200",カード,,女性,IV,生田,1,135261
449624,2026/07/01,FJALLRAVEN by 3NITY TOKYO NODE,23797664-319X,FJALLRAVEN,23797,Kanken Sling,664-319,Frost Green-Peach Pink,X,1,"5,500",550,"6,050","5,500",550,"6,050","10,500",複数金種,,女性,III,西村,1,135397
449625,2026/07/01,FJALLRAVEN by 3NITY TOKYO NODE,TNT026111M,TENNEN,TNT026,天撚Tシャツ /メリノウール,111,Black,M,1,"5,500",550,"6,050","5,500",550,"6,050","11,000",カード,,男性,V,西村,0,
449626,2026/07/01,FJALLRAVEN by 3NITY 京王新宿,23565238X,FJALLRAVEN,23565,Kanken No.2,238,Hazel Brown,X,1,"20,000","2,000","22,000","20,000","2,000","22,000","20,000",現金,,女性,II,江越,1,143760
449626,2026/07/01,FJALLRAVEN by 3NITY 京王新宿,RP011,Other,RP011,ショッパー(M),,,X,1,50,5,55,50,5,55,50,現金,,女性,II,江越,1,143760
449627,2026/07/01,FJALLRAVEN by 3NITY ルクア大阪,23227550X,FJALLRAVEN,23227,High Coast Crossbody,550,Black,X,1,"10,000","1,000","11,000","10,000","1,000","11,000","10,000",電子マネー,,男性,II,生田,1,143761
449628,2026/07/01,FJALLRAVEN by 3NITY ルクア大阪,23225614X,FJALLRAVEN,23225,High Coast Totepack,614,Patina Green,X,1,"13,000","1,300","14,300","13,000","1,300","14,300","13,000",カード,,女性,V,生田,1,143762
449630,2026/07/01,FJALLRAVEN by 3NITY 京王新宿,8477523238/S,FJALLRAVEN,84775,Stina Trousers W,232,Buckwheat Brown,38/S,1,"19,800","1,980","21,780","19,800","1,980","21,780","22,000",現金,,女性,V,江越,1,129240
449630,2026/07/01,FJALLRAVEN by 3NITY 京王新宿,89980300S,FJALLRAVEN,89980,OvikLiteShirtLSW,300,Dusty Rose,S,1,"11,250","1,125","12,375","11,250","1,125","12,375","12,500",現金,,女性,V,江越,1,129240
449630,2026/07/01,FJALLRAVEN by 3NITY 京王新宿,23227016X,FJALLRAVEN,23227,High Coast Crossbody,016,Shark Grey,X,1,"10,000","1,000","11,000","10,000","1,000","11,000","10,000",現金,,女性,V,江越,1,129240
449630,2026/07/01,FJALLRAVEN by 3NITY 京王新宿,GIFT400,Other,GIFT400,Gift Wrapping (M),,,X,1,400,40,440,400,40,440,400,現金,,女性,V,江越,1,129240
449631,2026/07/01,FJALLRAVEN by 3NITY 京王新宿,27222560X,FJALLRAVEN,27222,Abisko Hike Foldsack,560,Navy,X,1,"23,000","2,300","25,300","23,000","2,300","25,300","23,000",現金,,外国女性,II,大森,0,
449632,2026/07/01,FJALLRAVEN by 3NITY ルクア大阪,77029633X,FJALLRAVEN,77029,Canvas Belt,633,Dark Olive,X,1,"3,600",360,"3,960","3,600",360,"3,960","4,600",現金,,男性,IV,生田,1,138027
449633,2026/07/01,FJALLRAVEN by 3NITY TOKYO,23227623X,FJALLRAVEN,23227,High Coast Crossbody,623,Mountain Green,X,1,"10,000",0,"10,000","10,000",0,"10,000","10,000",現金,,外国女性,IV,木村,0,
449635,2026/07/01,FJALLRAVEN by 3NITY玉川高島屋S・C,23505326X,FJALLRAVEN,23505,Kanken Shoulder Pads,326,Ox Red,X,1,"3,500",350,"3,850","3,500",350,"3,850","3,500",複数金種,,女性,VI,小林,0,
449635,2026/07/01,FJALLRAVEN by 3NITY玉川高島屋S・C,23510424X,FJALLRAVEN,23510,Kanken,424,Blackberry,X,1,"13,000","1,300","14,300","13,000","1,300","14,300","13,000",複数金種,,女性,VI,小林,0,
449635,2026/07/01,FJALLRAVEN by 3NITY玉川高島屋S・C,RP011,Other,RP011,ショッパー(M),,,X,1,50,5,55,50,5,55,50,複数金種,,女性,VI,小林,0,
449636,2026/07/01,FJALLRAVEN by 3NITY ルクア大阪,23797221X,FJALLRAVEN,23797,Kanken Sling,221,Clay,X,1,"10,500",0,"10,500","10,500",0,"10,500","10,500",カード,,外国男性,V,志良堂,0,
449637,2026/07/01,FJALLRAVEN by 3NITY ルクア大阪,23505228X,FJALLRAVEN,23505,Kanken Shoulder Pads,228,Khaki Dust,X,1,"3,150",315,"3,465","3,150",315,"3,465","3,500",複数金種,,女性,IV,志良堂,1,143715
449638,2026/07/01,FJALLRAVEN by 3NITY玉川高島屋S・C,24221679X,FJALLRAVEN,24221,Pocket,679,Deep Patina,X,1,"6,000",600,"6,600","6,000",600,"6,600","6,000",電子マネー,,女性,II,小林,0,
449638,2026/07/01,FJALLRAVEN by 3NITY玉川高島屋S・C,RP010,Other,RP010,ショッパー(S),,,X,1,50,5,55,50,5,55,50,電子マネー,,女性,II,小林,0,
449639,2026/07/01,6142,23561540X,FJALLRAVEN,23561,Kanken Mini,540,Royal Blue,X,1,"12,000",0,"12,000","12,000",0,"12,000","12,000",電子マネー,,外国男性,III,中尾,0,
449642,2026/07/01,FJALLRAVEN by 3NITY ルクア大阪,23223550X,FJALLRAVEN,23223,High Coast Hip Pack,550,Black,X,1,"6,500",0,"6,500","6,500",0,"6,500","6,500",電子マネー,,外国女性,III,志良堂,0,
449643,2026/07/01,FJALLRAVEN by 3NITY TOKYO,23510501X,FJALLRAVEN,23510,Kanken,501,Sky blue,X,1,"13,000",0,"13,000","13,000",0,"13,000","13,000",カード,,外国女性,III,木村,0,
449643,2026/07/01,FJALLRAVEN by 3NITY TOKYO,RP008,Other,RP008,KANKEN SMU,,,X,1,"2,000",200,"2,200","2,000",200,"2,200","2,000",カード,,外国女性,III,木村,0,
449644,2026/07/01,FJALLRAVEN POPUP NARITA,23561312X,FJALLRAVEN,23561,Kanken Mini,312,Pink,X,1,"12,000",0,"12,000","12,000",0,"12,000","12,000",電子マネー,,外国女性,III,島田,0,
449645,2026/07/01,FJALLRAVEN by 3NITY TOKYO,23200338620-221X,FJALLRAVEN,23200338,Vardag Pocket Small,620-221,Green-Clay,X,1,"6,500",0,"6,500","6,500",0,"6,500","6,500",カード,,外国女性,III,花山,0,
449646,2026/07/01,6142,23510302X,FJALLRAVEN,23510,Kanken,302,Chalk Rose,X,1,"13,000",0,"13,000","13,000",0,"13,000","13,000",カード,,外国女性,IV,中尾,0,
449647,2026/07/01,FJALLRAVEN by 3NITY TOKYO NODE,23510576X,FJALLRAVEN,23510,Kanken,576,Midnight Purple,X,1,"13,000","1,300","14,300","13,000","1,300","14,300","13,000",複数金種,,女性,I,西村,1,143763
449647,2026/07/01,FJALLRAVEN by 3NITY TOKYO NODE,RP011,Other,RP011,ショッパー(M),,,X,1,50,5,55,50,5,55,50,複数金種,,女性,I,西村,1,143763
449648,2026/07/01,FJALLRAVEN by 3NITY TOKYO NODE,23561550X,FJALLRAVEN,23561,Kanken Mini,550,Black,X,1,"12,000",0,"12,000","12,000",0,"12,000","12,000",カード,,外国男性,V,西村,0,
449649,2026/07/01,FJALLRAVEN STORE 名古屋ファッションワン,25863550X,FJALLRAVEN,25863,Kanken Gear Pocket,550,Black,X,1,"4,000",400,"4,400","4,000",400,"4,400","4,000",電子マネー,,男性,III,清水,0,
449650,2026/07/01,FJALLRAVEN by 3NITY TOKYO,23565560X,FJALLRAVEN,23565,Kanken No.2,560,Navy,X,1,"20,000","2,000","22,000","20,000","2,000","22,000","20,000",複数金種,,女性,IV,赤根,1,128401
449650,2026/07/01,FJALLRAVEN by 3NITY TOKYO,14600200570M,FJALLRAVEN,14600200,ovik Hemp Camp Shirt SS W,570,Mountain Blue,M,1,"12,325","1,233","13,558","12,325","1,233","13,558","14,500",複数金種,,女性,IV,赤根,1,128401
449650,2026/07/01,FJALLRAVEN by 3NITY TOKYO,Hokkosai1200X,Other,Hokkosai1200,北狐祭手ぬぐい,,,X,1,600,60,660,600,60,660,"1,200",複数金種,,女性,IV,赤根,1,128401
449651,2026/07/01,FJALLRAVEN by 3NITY TOKYO,23510424X,FJALLRAVEN,23510,Kanken,424,Blackberry,X,1,"13,000",0,"13,000","13,000",0,"13,000","13,000",カード,,外国女性,II,花山,0,
449651,2026/07/01,FJALLRAVEN by 3NITY TOKYO,RP002,Other,RP002,刺繍代,,,X,1,800,80,880,800,80,880,800,カード,,外国女性,II,花山,0,
449651,2026/07/01,FJALLRAVEN by 3NITY TOKYO,RP008,Other,RP008,KANKEN SMU,,,X,1,"2,000",200,"2,200","2,000",200,"2,200","2,000",カード,,外国女性,II,花山,0,
449652,2026/07/01,FJALLRAVEN by 3NITY TOKYO,23344050X,FJALLRAVEN,23344,Raven 20,050,Basalt,X,1,"16,000","1,600","17,600","16,000","1,600","17,600","16,000",電子マネー,,女性,III,木村,1,143764
449652,2026/07/01,FJALLRAVEN by 3NITY TOKYO,79060X,FJALLRAVEN,79060,Greenland Wax,,,X,1,"1,500",150,"1,650","1,500",150,"1,650","1,500",電子マネー,,女性,III,木村,1,143764
449652,2026/07/01,FJALLRAVEN by 3NITY TOKYO,RP011,Other,RP011,ショッパー(M),,,X,1,50,5,55,50,5,55,50,電子マネー,,女性,III,木村,1,143764
449653,2026/07/01,FJALLRAVEN by 3NITY 京王新宿,23510046X,FJALLRAVEN,23510,Kanken,046,Super grey,X,1,"13,000","1,300","14,300","13,000","1,300","14,300","13,000",現金,,女性,II,江越,1,143765
449653,2026/07/01,FJALLRAVEN by 3NITY 京王新宿,RP011,Other,RP011,ショッパー(M),,,X,1,50,5,55,50,5,55,50,現金,,女性,II,江越,1,143765
449654,2026/07/01,FJALLRAVEN by 3NITY TOKYO NODE,Hokkosai1200X,Other,Hokkosai1200,北狐祭手ぬぐい,,,X,1,600,60,660,600,60,660,"1,200",複数金種,,女性,V,山之内,1,135852
449654,2026/07/01,FJALLRAVEN by 3NITY TOKYO NODE,23223424X,FJALLRAVEN,23223,High Coast Hip Pack,424,Blackberry,X,1,"5,500",550,"6,050","5,500",550,"6,050","6,500",複数金種,,女性,V,山之内,1,135852
449654,2026/07/01,FJALLRAVEN by 3NITY TOKYO NODE,23223550X,FJALLRAVEN,23223,High Coast Hip Pack,550,Black,X,1,"6,500",650,"7,150","6,500",650,"7,150","6,500",複数金種,,女性,V,山之内,1,135852
449654,2026/07/01,FJALLRAVEN by 3NITY TOKYO NODE,13600016113M,FJALLRAVEN,13600016,Rainbow T-Shirt,113,Chalk White,M,1,"9,350",935,"10,285","9,350",935,"10,285","11,000",複数金種,,女性,V,山之内,1,135852
449654,2026/07/01,FJALLRAVEN by 3NITY TOKYO NODE,10001006X,Shimokap,10001,タッチウッド (サクラ),006,キャメル,X,1,650,65,715,650,65,715,650,複数金種,,女性,V,山之内,1,135852
449654,2026/07/01,FJALLRAVEN by 3NITY TOKYO NODE,GIFT300,Other,GIFT300,Gift Wrapping (S),,,X,1,300,30,330,300,30,330,300,複数金種,,女性,V,山之内,1,135852
449654,2026/07/01,FJALLRAVEN by 3NITY TOKYO NODE,RP010,Other,RP010,ショッパー(S),,,X,1,50,5,55,50,5,55,50,複数金種,,女性,V,山之内,1,135852
449655,2026/07/01,FJALLRAVEN by 3NITY TOKYO,23346300X,FJALLRAVEN,23346,Skule 28,300,Dusty Rose,X,1,"14,000",0,"14,000","14,000",0,"14,000","14,000",カード,,外国女性,II,花山,0,
449656,2026/07/01,FJALLRAVEN by 3NITY 大丸心斎橋,23797457X,FJALLRAVEN,23797,Kanken Sling,457,Pastel Lavender,X,1,"10,500","1,050","11,550","10,500","1,050","11,550","10,500",電子マネー,,女性,V,片岡,0,
449656,2026/07/01,FJALLRAVEN by 3NITY 大丸心斎橋,GIFT400,Other,GIFT400,Gift Wrapping (M),,,X,1,400,40,440,400,40,440,400,電子マネー,,女性,V,片岡,0,
449656,2026/07/01,FJALLRAVEN by 3NITY 大丸心斎橋,RP011,Other,RP011,ショッパー(M),,,X,1,50,5,55,50,5,55,50,電子マネー,,女性,V,片岡,0,
449658,2026/07/01,FJALLRAVEN by 3NITY 京王新宿,23803633X,FJALLRAVEN,23803,Kanken no. 2 Laptop 15,633,Dark Olive,X,1,"24,000","2,400","26,400","24,000","2,400","26,400","24,000",カード,,外国女性,II,大森,0,
449658,2026/07/01,FJALLRAVEN by 3NITY 京王新宿,RP011,Other,RP011,ショッパー(M),,,X,1,50,5,55,50,5,55,50,カード,,外国女性,II,大森,0,
449659,2026/07/01,FJALLRAVEN by 3NITY 京王新宿,23523560X,FJALLRAVEN,23523,Kanken Laptop 13,560,Navy,X,1,"17,000","1,700","18,700","17,000","1,700","18,700","17,000",カード,,女性,IV,大森,1,143766
449661,2026/07/01,FJALLRAVEN by 3NITY TOKYO NODE,23797664-319X,FJALLRAVEN,23797,Kanken Sling,664-319,Frost Green-Peach Pink,X,1,"10,500",0,"10,500","10,500",0,"10,500","10,500",カード,,外国女性,V,山之内,0,
449661,2026/07/01,FJALLRAVEN by 3NITY TOKYO NODE,RP010,Other,RP010,ショッパー(S),,,X,1,50,5,55,50,5,55,50,カード,,外国女性,V,山之内,0,
449662,2026/07/01,FJALLRAVEN by 3NITY ルクア大阪,23346550X,FJALLRAVEN,23346,Skule 28,550,Black,X,1,"14,000",0,"14,000","14,000",0,"14,000","14,000",カード,,外国男性,II,生田,0,
449663,2026/07/01,FJALLRAVEN STORE 名古屋ファッションワン,23345050X,FJALLRAVEN,23345,Raven 28,050,Basalt,X,1,"19,000","1,900","20,900","19,000","1,900","20,900","19,000",カード,,女性,II,久保,1,143767
449664,2026/07/01,FJALLRAVEN by 3NITY TOKYO NODE,23226560X,FJALLRAVEN,23226,High Coast Pocket,560,Navy,X,1,"5,000",0,"5,000","5,000",0,"5,000","5,000",現金,,外国男性,VI,山之内,0,
449669,2026/07/01,FJALLRAVEN by 3NITY ルクア大阪,23797118X,FJALLRAVEN,23797,Kanken Sling,118,Fossil,X,1,"10,500",0,"10,500","10,500",0,"10,500","10,500",カード,,外国女性,IV,志良堂,0,
449669,2026/07/01,FJALLRAVEN by 3NITY ルクア大阪,23510550X,FJALLRAVEN,23510,Kanken,550,Black,X,1,"13,000",0,"13,000","13,000",0,"13,000","13,000",カード,,外国女性,IV,志良堂,0,
449670,2026/07/01,FJALLRAVEN by 3NITY TOKYO NODE,27247550X,FJALLRAVEN,27247,Vardag Crossbody,550,Black,X,1,"8,500",850,"9,350","8,500",850,"9,350","8,500",複数金種,,男性,IV,西村,1,143768
449670,2026/07/01,FJALLRAVEN by 3NITY TOKYO NODE,RP011,Other,RP011,ショッパー(M),,,X,1,50,5,55,50,5,55,50,複数金種,,男性,IV,西村,1,143768
449671,2026/07/01,FJALLRAVEN by 3NITY 大丸心斎橋,8118803048,FJALLRAVEN,81188,Ruaha Shorts M,030,Dark Grey,48,1,"15,300","1,530","16,830","15,300","1,530","16,830","17,000",カード,,男性,III,大山,1,138013
449671,2026/07/01,FJALLRAVEN by 3NITY 大丸心斎橋,RP011,Other,RP011,ショッパー(M),,,X,1,50,5,55,50,5,55,50,カード,,男性,III,大山,1,138013
449673,2026/07/01,FJALLRAVEN by 3NITY TOKYO NODE,23561600X,FJALLRAVEN,23561,Kanken Mini,600,Mint Green,X,1,"12,000","1,200","13,200","12,000","1,200","13,200","12,000",カード,,女性,III,西村,1,143769
449673,2026/07/01,FJALLRAVEN by 3NITY TOKYO NODE,RP008,Other,RP008,KANKEN SMU,,,X,1,"2,000",200,"2,200","2,000",200,"2,200","2,000",カード,,女性,III,西村,1,143769
449673,2026/07/01,FJALLRAVEN by 3NITY TOKYO NODE,RP002,Other,RP002,刺繍代,,,X,1,800,80,880,800,80,880,800,カード,,女性,III,西村,1,143769
449675,2026/07/01,FJALLRAVEN by 3NITY 大丸心斎橋,RP011,Other,RP011,ショッパー(M),,,X,1,50,5,55,50,5,55,50,現金,,外国女性,IV,大山,0,
449677,2026/07/01,FJALLRAVEN by 3NITY ルクア大阪,23165550X,FJALLRAVEN,23165,Ulvo Hip Pack Medium,550,Black,X,1,"8,000",0,"8,000","8,000",0,"8,000","8,000",カード,,外国女性,III,志良堂,0,
449684,2026/07/01,FJALLRAVEN by 3NITY TOKYO NODE,23510660X,FJALLRAVEN,23510,Kanken,660,Forest Green,X,1,"13,000",0,"13,000","13,000",0,"13,000","13,000",カード,,外国女性,V,西村,0,
449684,2026/07/01,FJALLRAVEN by 3NITY TOKYO NODE,RP008,Other,RP008,KANKEN SMU,,,X,1,"2,000",200,"2,200","2,000",200,"2,200","2,000",カード,,外国女性,V,西村,0,
449684,2026/07/01,FJALLRAVEN by 3NITY TOKYO NODE,23785326X,FJALLRAVEN,23785,Kanken Keyring,326,Ox Red,X,1,"1,500",0,"1,500","1,500",0,"1,500","1,500",カード,,外国女性,V,西村,0,
449686,2026/07/01,FJALLRAVEN by 3NITY TOKYO NODE,Hokkosai1200X,Other,Hokkosai1200,北狐祭手ぬぐい,,,X,1,600,60,660,600,60,660,"1,200",複数金種,,女性,IV,西村,1,134015
449687,2026/07/01,FJALLRAVEN by 3NITY ルクア大阪,RP011,Other,RP011,ショッパー(M),,,X,1,50,5,55,50,5,55,50,カード,,外国男性,IV,志良堂,0,
449687,2026/07/01,FJALLRAVEN by 3NITY ルクア大阪,23510118X,FJALLRAVEN,23510,Kanken,118,Fossil,X,1,"13,000",0,"13,000","13,000",0,"13,000","13,000",カード,,外国男性,IV,志良堂,0,
449688,2026/07/01,FJALLRAVEN by 3NITY 大丸心斎橋,24215030X,FJALLRAVEN,24215,Gear Pocket,030,Dark Grey,X,-1,"3,000",300,"3,300","-3,000",-300,"-3,300","3,000",複数金種,,女性,III,共通ユーザ,1,143749
449688,2026/07/01,FJALLRAVEN by 3NITY 大丸心斎橋,GIFT300,Other,GIFT300,Gift Wrapping (S),,,X,-1,300,30,330,-300,-30,-330,300,複数金種,,女性,III,共通ユーザ,1,143749
449692,2026/07/01,FJALLRAVEN by 3NITY 大丸心斎橋,24215030X,FJALLRAVEN,24215,Gear Pocket,030,Dark Grey,X,1,"3,000",300,"3,300","3,000",300,"3,300","3,000",複数金種,,女性,III,大山,1,143749
449692,2026/07/01,FJALLRAVEN by 3NITY 大丸心斎橋,GIFT300,Other,GIFT300,Gift Wrapping (S),,,X,1,300,30,330,300,30,330,300,複数金種,,女性,III,大山,1,143749
449703,2026/07/01,FJALLRAVEN by 3NITY TOKYO NODE,Hokkosai1200X,Other,Hokkosai1200,北狐祭手ぬぐい,,,X,-1,600,60,660,-600,-60,-660,"1,200",複数金種,,女性,IV,共通ユーザ,1,134015
449704,2026/07/01,FJALLRAVEN by 3NITY TOKYO NODE,Hokkosai1200X,Other,Hokkosai1200,北狐祭手ぬぐい,,,X,1,600,60,660,600,60,660,"1,200",複数金種,,女性,IV,西村,1,134015
449709,2026/07/02,FJALLRAVEN POPUP NARITA,23565550X,FJALLRAVEN,23565,Kanken No.2,550,Black,X,1,"20,000",0,"20,000","20,000",0,"20,000","20,000",現金,,外国男性,V,沖山,0,
449709,2026/07/02,FJALLRAVEN POPUP NARITA,23505228X,FJALLRAVEN,23505,Kanken Shoulder Pads,228,Khaki Dust,X,1,"3,500",0,"3,500","3,500",0,"3,500","3,500",現金,,外国男性,V,沖山,0,
449710,2026/07/02,FJALLRAVEN POPUP NARITA,23565550X,FJALLRAVEN,23565,Kanken No.2,550,Black,X,-1,"20,000",0,"20,000","-20,000",0,"-20,000","20,000",現金,,外国男性,V,共通ユーザ,0,
449710,2026/07/02,FJALLRAVEN POPUP NARITA,23505228X,FJALLRAVEN,23505,Kanken Shoulder Pads,228,Khaki Dust,X,-1,"3,500",0,"3,500","-3,500",0,"-3,500","3,500",現金,,外国男性,V,共通ユーザ,0,
449711,2026/07/02,FJALLRAVEN POPUP NARITA,23565550X,FJALLRAVEN,23565,Kanken No.2,550,Black,X,1,"20,000",0,"20,000","20,000",0,"20,000","20,000",カード,,外国男性,V,沖山,0,
449711,2026/07/02,FJALLRAVEN POPUP NARITA,23505228X,FJALLRAVEN,23505,Kanken Shoulder Pads,228,Khaki Dust,X,1,"3,500",0,"3,500","3,500",0,"3,500","3,500",カード,,外国男性,V,沖山,0,
449712,2026/07/02,FJALLRAVEN POPUP NARITA,23561540X,FJALLRAVEN,23561,Kanken Mini,540,Royal Blue,X,1,"12,000",0,"12,000","12,000",0,"12,000","12,000",カード,,外国女性,III,沖山,0,
449720,2026/07/02,FJALLRAVEN by 3NITY ルクア大阪,23797115X,FJALLRAVEN,23797,Kanken Sling,115,Light Oak,X,1,"10,500",0,"10,500","10,500",0,"10,500","10,500",電子マネー,,外国女性,IV,鶴井,0,
449721,2026/07/02,FJALLRAVEN by 3NITY 大丸心斎橋,23524550X,FJALLRAVEN,23524,Kanken Laptop 15,550,Black,X,1,"18,000","1,800","19,800","18,000","1,800","19,800","18,000",複数金種,,外国男性,IV,久保,0,
449723,2026/07/02,FJALLRAVEN by 3NITY玉川高島屋S・C,23227221X,FJALLRAVEN,23227,High Coast Crossbody,221,Clay,X,1,"10,000","1,000","11,000","10,000","1,000","11,000","10,000",カード,,男性,VI,小林,0,
449723,2026/07/02,FJALLRAVEN by 3NITY玉川高島屋S・C,RP010,Other,RP010,ショッパー(S),,,X,1,50,5,55,50,5,55,50,カード,,男性,VI,小林,0,
449724,2026/07/02,FJALLRAVEN by 3NITY TOKYO NODE,23797560X,FJALLRAVEN,23797,Kanken Sling,560,NAVY,X,1,"10,500","1,050","11,550","10,500","1,050","11,550","10,500",複数金種,,女性,II,西村,1,143770
449724,2026/07/02,FJALLRAVEN by 3NITY TOKYO NODE,23797031X,FJALLRAVEN,23797,Kanken Sling,031,GRAPHITE,X,1,"10,500","1,050","11,550","10,500","1,050","11,550","10,500",複数金種,,女性,II,西村,1,143770
449725,2026/07/02,FJALLRAVEN by 3NITY TOKYO NODE,23200395550X,FJALLRAVEN,23200395,Kanken Crossbody,550,Black,X,1,"12,500","1,250","13,750","12,500","1,250","13,750","12,500",複数金種,,女性,V,西村,1,143771
449726,2026/07/02,FJALLRAVEN by 3NITY ルクア大阪,23345550-550X,FJALLRAVEN,23345,Raven 28,550-550,Black-Black,X,1,"19,000","1,900","20,900","19,000","1,900","20,900","19,000",カード,,女性,II,鶴井,0,
449726,2026/07/02,FJALLRAVEN by 3NITY ルクア大阪,79030X,FJALLRAVEN,79030,Greenland Wax travel pack,,,X,1,850,85,935,850,85,935,850,カード,,女性,II,鶴井,0,
449727,2026/07/02,FJALLRAVEN by 3NITY 京王新宿,Hokkosai1200X,Other,Hokkosai1200,北狐祭手ぬぐい,,,X,2,600,60,660,"1,200",120,"1,320","1,200",複数金種,,男性,VI,高橋,1,138781
449727,2026/07/02,FJALLRAVEN by 3NITY 京王新宿,79060X,FJALLRAVEN,79060,Greenland Wax,,,X,1,"1,500",150,"1,650","1,500",150,"1,650","1,500",複数金種,,男性,VI,高橋,1,138781
449728,2026/07/02,6142,23200395457X,FJALLRAVEN,23200395,Kanken Crossbody,457,Pastel Lavender,X,1,"12,500",0,"12,500","12,500",0,"12,500","12,500",電子マネー,,外国女性,II,中尾,0,
449729,2026/07/02,FJALLRAVEN by 3NITY ルクア大阪,86411550-55046/R,FJALLRAVEN,86411,Keb Agile Trousers M,550-550,Black-Black,46/R,1,"31,000",0,"31,000","31,000",0,"31,000","31,000",カード,,外国女性,II,鶴井,0,
449730,2026/07/02,6142,23225424X,FJALLRAVEN,23225,High Coast Totepack,424,Blackberry,X,1,"13,000",0,"13,000","13,000",0,"13,000","13,000",カード,,外国女性,III,中尾,0,
449730,2026/07/02,6142,23505228X,FJALLRAVEN,23505,Kanken Shoulder Pads,228,Khaki Dust,X,1,"3,500",0,"3,500","3,500",0,"3,500","3,500",カード,,外国女性,III,中尾,0,
449731,2026/07/02,FJALLRAVEN by 3NITY ルクア大阪,23797560X,FJALLRAVEN,23797,Kanken Sling,560,NAVY,X,1,"10,500","1,050","11,550","10,500","1,050","11,550","10,500",カード,,女性,II,鶴井,1,143772
449732,2026/07/02,FJALLRAVEN by 3NITY TOKYO NODE,23797457X,FJALLRAVEN,23797,Kanken Sling,457,Pastel Lavender,X,1,"9,450",945,"10,395","9,450",945,"10,395","10,500",複数金種,,男性,IV,西村,1,141980
449733,2026/07/02,FJALLRAVEN by 3NITY TOKYO NODE,23797457X,FJALLRAVEN,23797,Kanken Sling,457,Pastel Lavender,X,-1,"9,450",945,"10,395","-9,450",-945,"-10,395","10,500",複数金種,,男性,IV,共通ユーザ,1,141980
449734,2026/07/02,FJALLRAVEN by 3NITY TOKYO NODE,23797457X,FJALLRAVEN,23797,Kanken Sling,457,Pastel Lavender,X,1,"9,450",945,"10,395","9,450",945,"10,395","10,500",複数金種,,男性,IV,西村,1,141980
449735,2026/07/02,FJALLRAVEN STORE 名古屋ファッションワン,87039195S,FJALLRAVEN,87039,Ovik Travel Shirt SS M,195,Sand Stone,S,1,"9,900",990,"10,890","9,900",990,"10,890","11,000",カード,,男性,VI,清水,1,108079
449736,2026/07/02,FJALLRAVEN by 3NITY TOKYO,TNT040S185S,TENNEN,TNT040S,shi Re toko tee,185,Pale Green,S,1,"6,500",0,"6,500","6,500",0,"6,500","6,500",電子マネー,,外国女性,II,宮下,0,
449737,2026/07/02,FJALLRAVEN by 3NITY TOKYO,23561501-115X,FJALLRAVEN,23561,Kanken Mini,501-115,Sky Blue-Light Oak,X,1,"12,000",0,"12,000","12,000",0,"12,000","12,000",カード,,外国男性,III,及川,0,
449737,2026/07/02,FJALLRAVEN by 3NITY TOKYO,RP008,Other,RP008,KANKEN SMU,,,X,1,"2,000",200,"2,200","2,000",200,"2,200","2,000",カード,,外国男性,III,及川,0,
449737,2026/07/02,FJALLRAVEN by 3NITY TOKYO,23796576X,FJALLRAVEN,23796,Kanken Hip Pack,576,Midnight Purple,X,1,"8,000",0,"8,000","8,000",0,"8,000","8,000",カード,,外国男性,III,及川,0,
449738,2026/07/02,FJALLRAVEN by 3NITY TOKYO NODE,23223614X,FJALLRAVEN,23223,High Coast Hip Pack,614,Patina Green,X,1,"6,500",0,"6,500","6,500",0,"6,500","6,500",カード,,外国男性,IV,西村,0,
449739,2026/07/02,FJALLRAVEN by 3NITY TOKYO,23200284238X,FJALLRAVEN,23200284,Kanken No. 2 Hip Pack,238,Hazel Brown,X,1,"12,000","1,200","13,200","12,000","1,200","13,200","12,000",カード,,女性,III,宮下,1,143773
449739,2026/07/02,FJALLRAVEN by 3NITY TOKYO,23800550X,FJALLRAVEN,23800,Kanken No. 2 Black Hip Pack,550,Black,X,1,"11,000","1,100","12,100","11,000","1,100","12,100","11,000",カード,,女性,III,宮下,1,143773
449739,2026/07/02,FJALLRAVEN by 3NITY TOKYO,23505664X,FJALLRAVEN,23505,Kanken Shoulder Pads,664,Frost Green,X,1,"3,500",350,"3,850","3,500",350,"3,850","3,500",カード,,女性,III,宮下,1,143773
449739,2026/07/02,FJALLRAVEN by 3NITY TOKYO,23513907X,FJALLRAVEN,23513,Kanken Rainbow Chest Strap,907,Rainbow Pattern,X,1,"2,000",200,"2,200","2,000",200,"2,200","2,000",カード,,女性,III,宮下,1,143773
449739,2026/07/02,FJALLRAVEN by 3NITY TOKYO,23510600X,FJALLRAVEN,23510,Kanken,600,Mint Green,X,1,"13,000","1,300","14,300","13,000","1,300","14,300","13,000",カード,,女性,III,宮下,1,143773
449739,2026/07/02,FJALLRAVEN by 3NITY TOKYO,RP008,Other,RP008,KANKEN SMU,,,X,1,"2,000",200,"2,200","2,000",200,"2,200","2,000",カード,,女性,III,宮下,1,143773
449739,2026/07/02,FJALLRAVEN by 3NITY TOKYO,RP002,Other,RP002,刺繍代,,,X,1,800,80,880,800,80,880,800,カード,,女性,III,宮下,1,143773
449739,2026/07/02,FJALLRAVEN by 3NITY TOKYO,RP011,Other,RP011,ショッパー(M),,,X,1,50,5,55,50,5,55,50,カード,,女性,III,宮下,1,143773
449739,2026/07/02,FJALLRAVEN by 3NITY TOKYO,FC500,Other,FC500,送料,,,X,1,500,50,550,500,50,550,500,カード,,女性,III,宮下,1,143773
449741,2026/07/02,FJALLRAVEN by 3NITY 京王新宿,12600268113S,FJALLRAVEN,12600268,Multicolor Logo T-shirt M,113,Chalk White,S,1,"7,565",757,"8,322","7,565",757,"8,322","8,900",現金,,男性,III,佐野,1,140197
449742,2026/07/02,FJALLRAVEN by 3NITY 大丸心斎橋,23227016X,FJALLRAVEN,23227,High Coast Crossbody,016,Shark Grey,X,1,"10,000","1,000","11,000","10,000","1,000","11,000","10,000",複数金種,,外国女性,II,志良堂,0,
449743,2026/07/02,FJALLRAVEN by 3NITY 京王新宿,23226424X,FJALLRAVEN,23226,High Coast Pocket,424,Blackberry,X,1,"5,000",500,"5,500","5,000",500,"5,500","5,000",現金,,外国女性,II,佐野,0,
449743,2026/07/02,FJALLRAVEN by 3NITY 京王新宿,77357300S/M,FJALLRAVEN,77357,Vidda Cap,300,Dusty Rose,S/M,1,"6,200",620,"6,820","6,200",620,"6,820","6,200",現金,,外国女性,II,佐野,0,
449744,2026/07/02,FJALLRAVEN POPUP NARITA,23349550X,FJALLRAVEN,23349,Skule 20,550,Black,X,1,"12,000",0,"12,000","12,000",0,"12,000","12,000",カード,,外国男性,II,沖山,0,
449745,2026/07/02,FJALLRAVEN by 3NITY TOKYO NODE,23200338662X,FJALLRAVEN,23200338,Vardag Pocket Small,662,Deep Forest,X,1,"6,500",650,"7,150","6,500",650,"7,150","6,500",複数金種,,女性,V,西村,1,143774
449746,2026/07/02,FJALLRAVEN POPUP NARITA,23510501-115X,FJALLRAVEN,23510,Kanken,501-115,Sky Blue-Light Oak,X,1,"13,000",0,"13,000","13,000",0,"13,000","13,000",カード,,外国女性,III,沖山,0,
449747,2026/07/02,FJALLRAVEN by 3NITY TOKYO NODE,TNT034101L,TENNEN,TNT034,天撚Tシャツ/BORO,101,Charcoal,L,1,"8,500",0,"8,500","8,500",0,"8,500","8,500",カード,,外国男性,IV,西村,0,
449747,2026/07/02,FJALLRAVEN by 3NITY TOKYO NODE,TNT034162M,TENNEN,TNT034,天撚Tシャツ/BORO,162,Orange,M,1,"8,500",0,"8,500","8,500",0,"8,500","8,500",カード,,外国男性,IV,西村,0,
449747,2026/07/02,FJALLRAVEN by 3NITY TOKYO NODE,24216633X,FJALLRAVEN,24216,Zip Wallet,633,Dark Olive,X,1,"5,800",0,"5,800","5,800",0,"5,800","5,800",カード,,外国男性,IV,西村,0,
449748,2026/07/02,FJALLRAVEN by 3NITY 大丸心斎橋,23349300X,FJALLRAVEN,23349,Skule 20,300,Dusty Rose,X,1,"12,000","1,200","13,200","12,000","1,200","13,200","12,000",複数金種,,外国女性,IV,久保,0,
449748,2026/07/02,FJALLRAVEN by 3NITY 大丸心斎橋,RP011,Other,RP011,ショッパー(M),,,X,1,50,5,55,50,5,55,50,複数金種,,外国女性,IV,久保,0,
449749,2026/07/02,FJALLRAVEN by 3NITY ルクア大阪,23510302X,FJALLRAVEN,23510,Kanken,302,Chalk Rose,X,1,"13,000","1,300","14,300","13,000","1,300","14,300","13,000",現金,,女性,I,大山,1,143775
449749,2026/07/02,FJALLRAVEN by 3NITY ルクア大阪,RP011,Other,RP011,ショッパー(M),,,X,1,50,5,55,50,5,55,50,現金,,女性,I,大山,1,143775
449750,2026/07/02,FJALLRAVEN by 3NITY TOKYO,14600200244M,FJALLRAVEN,14600200,ovik Hemp Camp Shirt SS W,244,Suede Brown,M,1,"14,500","1,450","15,950","14,500","1,450","15,950","14,500",カード,,女性,V,宮下,0,
449751,2026/07/02,FJALLRAVEN by 3NITY ルクア大阪,23200307221X,FJALLRAVEN,23200307,Abisko Softpack 16,221,Clay,X,1,"16,500",0,"16,500","16,500",0,"16,500","16,500",カード,,外国男性,III,大山,0,
449751,2026/07/02,FJALLRAVEN by 3NITY ルクア大阪,13100213300L/XL,FJALLRAVEN,13100213,Abisko Trekking Cap,300,Dusty Rose,L/XL,1,"6,200",0,"6,200","6,200",0,"6,200","6,200",カード,,外国男性,III,大山,0,
449752,2026/07/02,FJALLRAVEN by 3NITY TOKYO,23510540X,FJALLRAVEN,23510,Kanken,540,Royal Blue,X,1,"13,000",0,"13,000","13,000",0,"13,000","13,000",現金,,外国女性,II,鈴木,0,
449752,2026/07/02,FJALLRAVEN by 3NITY TOKYO,RP008,Other,RP008,KANKEN SMU,,,X,1,"2,000",200,"2,200","2,000",200,"2,200","2,000",現金,,外国女性,II,鈴木,0,
449753,2026/07/02,FJALLRAVEN by 3NITY TOKYO,23510312X,FJALLRAVEN,23510,Kanken,312,Pink,X,1,"13,000",0,"13,000","13,000",0,"13,000","13,000",現金,,外国女性,II,赤根,0,
449754,2026/07/02,FJALLRAVEN by 3NITY TOKYO,23200251560X,FJALLRAVEN,23200251,Kanken Outlong,560,Navy,X,1,"14,000","1,400","15,400","14,000","1,400","15,400","19,000",カード,,女性,III,宮下,1,130065
449754,2026/07/02,FJALLRAVEN by 3NITY TOKYO,RP011,Other,RP011,ショッパー(M),,,X,1,50,5,55,50,5,55,50,カード,,女性,III,宮下,1,130065
449755,2026/07/02,FJALLRAVEN POPUP NARITA,BJBC001M46X,CHYAREE,BJBC001M,CHY コロン,46,ラベンダー,X,1,"8,000",0,"8,000","8,000",0,"8,000","8,000",カード,,外国女性,IV,沖山,0,
449756,2026/07/02,FJALLRAVEN by 3NITY TOKYO,8477555038/S,FJALLRAVEN,84775,Stina Trousers W,550,Black,38/S,1,"18,700","1,870","20,570","18,700","1,870","20,570","22,000",カード,,男性,III,赤根,1,140197
449757,2026/07/02,FJALLRAVEN by 3NITY ルクア大阪,23200337662X,FJALLRAVEN,23200337,Skule Sling 6,662,Deep Forest,X,2,"9,000",900,"9,900","18,000","1,800","19,800","9,000",現金,,女性,IV,大山,1,143776
449758,2026/07/02,FJALLRAVEN by 3NITY TOKYO,13100181232S/M,FJALLRAVEN,13100181,Fjallraven Logo Cap,232,Buckwheat Brown,S/M,1,"7,000",0,"7,000","7,000",0,"7,000","7,000",電子マネー,,外国女性,III,宮下,0,
449760,2026/07/02,FJALLRAVEN by 3NITY TOKYO,24221550X,FJALLRAVEN,24221,Pocket,550,Black,X,1,"6,000",0,"6,000","6,000",0,"6,000","6,000",カード,,外国女性,II,宮下,0,
449761,2026/07/02,FJALLRAVEN by 3NITY ルクア大阪,23510302X,FJALLRAVEN,23510,Kanken,302,Chalk Rose,X,1,"13,000","1,300","14,300","13,000","1,300","14,300","13,000",カード,,女性,II,鶴井,0,
449761,2026/07/02,FJALLRAVEN by 3NITY ルクア大阪,RP011,Other,RP011,ショッパー(M),,,X,1,50,5,55,50,5,55,50,カード,,女性,II,鶴井,0,
449762,2026/07/02,FJALLRAVEN by 3NITY ルクア大阪,23200395664X,FJALLRAVEN,23200395,Kanken Crossbody,664,Frost Green,X,1,"11,250","1,125","12,375","11,250","1,125","12,375","12,500",複数金種,,女性,II,鶴井,1,135598
449763,2026/07/02,FJALLRAVEN by 3NITY TOKYO,23524664X,FJALLRAVEN,23524,Kanken Laptop 15,664,Frost Green,X,1,"18,000",0,"18,000","18,000",0,"18,000","18,000",カード,,外国女性,III,赤根,0,
449763,2026/07/02,FJALLRAVEN by 3NITY TOKYO,TNC102179X,TENNEN,TNC102,ジャンボ結び＆ボールチャーム,179,Aloe,X,1,"3,500",0,"3,500","3,500",0,"3,500","3,500",カード,,外国女性,III,赤根,0,
449763,2026/07/02,FJALLRAVEN by 3NITY TOKYO,RP011,Other,RP011,ショッパー(M),,,X,1,50,5,55,50,5,55,50,カード,,外国女性,III,赤根,0,
449764,2026/07/02,FJALLRAVEN by 3NITY ルクア大阪,23227550X,FJALLRAVEN,23227,High Coast Crossbody,550,Black,X,1,"10,000","1,000","11,000","10,000","1,000","11,000","10,000",カード,,女性,II,鶴井,1,143777
449765,2026/07/02,FJALLRAVEN by 3NITY ルクア大阪,RP001,Other,RP001,修理代,,,X,1,"2,000",200,"2,200","2,000",200,"2,200",0,現金,,女性,II,鶴井,0,
449766,2026/07/02,FJALLRAVEN by 3NITY TOKYO,23200395550X,FJALLRAVEN,23200395,Kanken Crossbody,550,Black,X,1,"12,500",0,"12,500","12,500",0,"12,500","12,500",カード,,外国男性,III,赤根,0,
449766,2026/07/02,FJALLRAVEN by 3NITY TOKYO,77029030X,FJALLRAVEN,77029,Canvas Belt,030,Dark Grey,X,1,"4,600",0,"4,600","4,600",0,"4,600","4,600",カード,,外国男性,III,赤根,0,
449767,2026/07/02,FJALLRAVEN by 3NITY ルクア大阪,RP001,Other,RP001,修理代,,,X,1,"2,000",200,"2,200","2,000",200,"2,200",0,現金,,女性,IV,鶴井,0,
449768,2026/07/02,FJALLRAVEN by 3NITY TOKYO NODE,77357633S/M,FJALLRAVEN,77357,Vidda Cap,633,Dark Olive,S/M,1,"6,200",620,"6,820","6,200",620,"6,820","6,200",カード,,女性,III,江越,1,143778
449769,2026/07/02,6142,23797424X,FJALLRAVEN,23797,Kanken Sling,424,Blackberry,X,1,"10,500","1,050","11,550","10,500","1,050","11,550","10,500",カード,,外国男性,IV,中尾,0,
449769,2026/07/02,6142,23223614X,FJALLRAVEN,23223,High Coast Hip Pack,614,Patina Green,X,1,"6,500",650,"7,150","6,500",650,"7,150","6,500",カード,,外国男性,IV,中尾,0,
449770,2026/07/02,FJALLRAVEN by 3NITY TOKYO,23200395457X,FJALLRAVEN,23200395,Kanken Crossbody,457,Pastel Lavender,X,1,"12,500",0,"12,500","12,500",0,"12,500","12,500",カード,,外国女性,IV,及川,0,
449772,2026/07/02,6142,23225543X,FJALLRAVEN,23225,High Coast Totepack,543,Dawn Blue,X,1,"13,000",0,"13,000","13,000",0,"13,000","13,000",カード,,外国女性,IV,中尾,0,
449773,2026/07/02,FJALLRAVEN by 3NITY TOKYO,23797664X,FJALLRAVEN,23797,Kanken Sling,664,FROST GREEN,X,1,"10,500",0,"10,500","10,500",0,"10,500","10,500",現金,,外国男性,II,及川,0,
449773,2026/07/02,FJALLRAVEN by 3NITY TOKYO,GIFT300,Other,GIFT300,Gift Wrapping (S),,,X,1,300,30,330,300,30,330,300,現金,,外国男性,II,及川,0,
449774,2026/07/02,FJALLRAVEN STORE 名古屋ファッションワン,81698030M,FJALLRAVEN,81698,Skogso Jacket M,030,Dark Grey,M,1,"35,000","3,500","38,500","35,000","3,500","38,500","35,000",カード,,外国男性,IV,大坂,0,
449774,2026/07/02,FJALLRAVEN STORE 名古屋ファッションワン,RP011,Other,RP011,ショッパー(M),,,X,1,50,5,55,50,5,55,50,カード,,外国男性,IV,大坂,0,
449775,2026/07/02,FJALLRAVEN by 3NITY ルクア大阪,TNT040S171L,TENNEN,TNT040S,shi Re toko tee,171,Olive,L,1,"6,500",0,"6,500","6,500",0,"6,500","6,500",電子マネー,,外国女性,III,大山,0,
449776,2026/07/02,FJALLRAVEN by 3NITY 大丸心斎橋,14300010550S,FJALLRAVEN,14300010,Abisko Fjall Dress W,550,Black,S,1,"23,000","2,300","25,300","23,000","2,300","25,300","23,000",複数金種,,外国女性,IV,志良堂,0,
449776,2026/07/02,FJALLRAVEN by 3NITY 大丸心斎橋,14300010620S,FJALLRAVEN,14300010,Abisko Fjall Dress W,620,Green,S,1,"23,000","2,300","25,300","23,000","2,300","25,300","23,000",複数金種,,外国女性,IV,志良堂,0,
449777,2026/07/02,FJALLRAVEN by 3NITY ルクア大阪,23200277037X,FJALLRAVEN,23200277,Farden Roller 75,037,Coal Black,X,1,"55,000","5,500","60,500","55,000","5,500","60,500","55,000",現金,,男性,III,大山,1,143779
449777,2026/07/02,FJALLRAVEN by 3NITY ルクア大阪,Hokkosai1200X,Other,Hokkosai1200,北狐祭手ぬぐい,,,X,1,600,60,660,600,60,660,"1,200",現金,,男性,III,大山,1,143779
449778,2026/07/02,FJALLRAVEN by 3NITY ルクア大阪,23226452X,FJALLRAVEN,23226,HighCoastPocket,452,Lavender Mist,X,1,"5,000",0,"5,000","5,000",0,"5,000","5,000",カード,,外国女性,III,鶴井,0,
449779,2026/07/02,FJALLRAVEN by 3NITY玉川高島屋S・C,23510021X,FJALLRAVEN,23510,Kanken,021,Fog,X,1,"13,000","1,300","14,300","13,000","1,300","14,300","13,000",現金,,外国女性,IV,小林,0,
449782,2026/07/02,FJALLRAVEN by 3NITY ルクア大阪,23510302X,FJALLRAVEN,23510,Kanken,302,Chalk Rose,X,1,"13,000","1,300","14,300","13,000","1,300","14,300","13,000",カード,,女性,II,鶴井,1,143780
449782,2026/07/02,FJALLRAVEN by 3NITY ルクア大阪,RP008,Other,RP008,KANKEN SMU,,,X,1,"2,000",200,"2,200","2,000",200,"2,200","2,000",カード,,女性,II,鶴井,1,143780
449783,2026/07/02,FJALLRAVEN by 3NITY ルクア大阪,23797021X,FJALLRAVEN,23797,Kanken Sling,021,FOG,X,1,"10,500",0,"10,500","10,500",0,"10,500","10,500",カード,,外国男性,IV,大山,0,
449784,2026/07/02,FJALLRAVEN by 3NITY 京王新宿,23510501-115X,FJALLRAVEN,23510,Kanken,501-115,Sky Blue-Light Oak,X,1,"13,000","1,300","14,300","13,000","1,300","14,300","13,000",現金,,女性,IV,佐野,0,
449784,2026/07/02,FJALLRAVEN by 3NITY 京王新宿,RP011,Other,RP011,ショッパー(M),,,X,1,50,5,55,50,5,55,50,現金,,女性,IV,佐野,0,
449785,2026/07/02,FJALLRAVEN POPUP NARITA,23226550X,FJALLRAVEN,23226,High Coast Pocket,550,Black,X,1,"5,000",500,"5,500","5,000",500,"5,500","5,000",カード,,女性,III,島田,0,
449786,2026/07/02,FJALLRAVEN by 3NITY TOKYO NODE,12600328111S,FJALLRAVEN,12600328,Archive Logo T-Shirt M,111,Eggshell,S,1,"7,200",720,"7,920","7,200",720,"7,920","8,000",カード,,男性,III,江越,1,143299
449786,2026/07/02,FJALLRAVEN by 3NITY TOKYO NODE,12600268113S,FJALLRAVEN,12600268,Multicolor Logo T-shirt M,113,Chalk White,S,1,"8,010",801,"8,811","8,010",801,"8,811","8,900",カード,,男性,III,江越,1,143299
449786,2026/07/02,FJALLRAVEN by 3NITY TOKYO NODE,77297550X,FJALLRAVEN,77297,Canvas Brass Belt 4 cm,550,Black,X,1,"3,870",387,"4,257","3,870",387,"4,257","4,300",カード,,男性,III,江越,1,143299
449786,2026/07/02,FJALLRAVEN by 3NITY TOKYO NODE,23156042X,FJALLRAVEN,23156,Greenland Pocket,042,Dusk,X,1,"9,000",900,"9,900","9,000",900,"9,900","10,000",カード,,男性,III,江越,1,143299
449786,2026/07/02,FJALLRAVEN by 3NITY TOKYO NODE,Hokkosai1200X,Other,Hokkosai1200,北狐祭手ぬぐい,,,X,1,600,60,660,600,60,660,"1,200",カード,,男性,III,江越,1,143299
449786,2026/07/02,FJALLRAVEN by 3NITY TOKYO NODE,23785141X,FJALLRAVEN,23785,Kanken Keyring,141,Warm Yellow,X,1,"1,350",135,"1,485","1,350",135,"1,485","1,500",カード,,男性,III,江越,1,143299
449787,2026/07/02,6142,23227221X,FJALLRAVEN,23227,High Coast Crossbody,221,Clay,X,1,"10,000",0,"10,000","10,000",0,"10,000","10,000",カード,,外国女性,IV,中尾,0,
449788,2026/07/02,6142,23200247501X,FJALLRAVEN,23200247,Kanken Pen Case,501,Sky Blue,X,1,"4,000",0,"4,000","4,000",0,"4,000","4,000",カード,,外国女性,IV,中尾,0,
449788,2026/07/02,6142,23227221X,FJALLRAVEN,23227,High Coast Crossbody,221,Clay,X,1,"10,000",0,"10,000","10,000",0,"10,000","10,000",カード,,外国女性,IV,中尾,0,
449789,2026/07/02,6142,23227221X,FJALLRAVEN,23227,High Coast Crossbody,221,Clay,X,-1,"10,000",0,"10,000","-10,000",0,"-10,000","10,000",カード,,外国女性,IV,共通ユーザ,0,
449790,2026/07/02,FJALLRAVEN by 3NITY ルクア大阪,Hokkosai1200X,Other,Hokkosai1200,北狐祭手ぬぐい,,,X,2,600,60,660,"1,200",120,"1,320","1,200",複数金種,,女性,IV,生田,1,141836
449791,2026/07/02,6142,86978633X,FJALLRAVEN,86978,1960 Logo Belt,633,Dark Olive,X,1,"5,500",0,"5,500","5,500",0,"5,500","5,500",カード,,外国女性,IV,中尾,0,
449792,2026/07/02,FJALLRAVEN by 3NITY 大丸心斎橋,23222560X,FJALLRAVEN,23222,High Coast Foldsack 24,560,Navy,X,1,"14,500","1,450","15,950","14,500","1,450","15,950","14,500",複数金種,,外国男性,II,久保,0,
449792,2026/07/02,FJALLRAVEN by 3NITY 大丸心斎橋,23100177550X,FJALLRAVEN,23100177,Abisko Bottle Pocket,550,Black,X,1,"6,000",600,"6,600","6,000",600,"6,600","6,000",複数金種,,外国男性,II,久保,0,
449792,2026/07/02,FJALLRAVEN by 3NITY 大丸心斎橋,23223452X,FJALLRAVEN,23223,HighCoastHipPack,452,Lavender Mist,X,1,"6,500",650,"7,150","6,500",650,"7,150","6,500",複数金種,,外国男性,II,久保,0,
449793,2026/07/02,FJALLRAVEN by 3NITY 京王新宿,23561501-115X,FJALLRAVEN,23561,Kanken Mini,501-115,Sky Blue-Light Oak,X,1,"12,000","1,200","13,200","12,000","1,200","13,200","12,000",現金,,女性,II,佐野,0,
449793,2026/07/02,FJALLRAVEN by 3NITY 京王新宿,RP011,Other,RP011,ショッパー(M),,,X,1,50,5,55,50,5,55,50,現金,,女性,II,佐野,0,
449794,2026/07/02,FJALLRAVEN by 3NITY 大丸心斎橋,23227016X,FJALLRAVEN,23227,High Coast Crossbody,016,Shark Grey,X,1,"10,000","1,000","11,000","10,000","1,000","11,000","10,000",複数金種,,外国女性,IV,片岡,0,
449795,2026/07/02,FJALLRAVEN POPUP NARITA,23226614X,FJALLRAVEN,23226,High Coast Pocket,614,Patina Green,X,1,"5,000",0,"5,000","5,000",0,"5,000","5,000",カード,,外国女性,III,島田,0,
449796,2026/07/02,FJALLRAVEN by 3NITY 京王新宿,27248638X,FJALLRAVEN,27248,Vardag Pocket,638,Storm,X,1,"4,500",450,"4,950","4,500",450,"4,950","4,500",現金,,女性,V,佐野,0,
449797,2026/07/02,FJALLRAVEN STORE 名古屋ファッションワン,81838633L,FJALLRAVEN,81838,Singi Trekking Shirt LS M,633,Dark Olive,L,1,"16,200","1,620","17,820","16,200","1,620","17,820","18,000",電子マネー,,男性,VI,大坂,1,103862
449798,2026/07/02,6142,23200284238X,FJALLRAVEN,23200284,Kanken No. 2 Hip Pack,238,Hazel Brown,X,1,"12,000",0,"12,000","12,000",0,"12,000","12,000",カード,,外国男性,II,中尾,0,
449799,2026/07/02,FJALLRAVEN by 3NITY TOKYO,1220020755050,FJALLRAVEN,12200207,High Coast Pack Shorts M,550,Black,50,1,"14,000","1,400","15,400","14,000","1,400","15,400","15,000",カード,,男性,IV,及川,1,104935
449800,2026/07/02,FJALLRAVEN by 3NITY 大丸心斎橋,23200251664X,FJALLRAVEN,23200251,Kanken Outlong,664,Frost Green,X,1,"19,000","1,900","20,900","19,000","1,900","20,900","19,000",カード,,女性,II,志良堂,1,143781
449800,2026/07/02,FJALLRAVEN by 3NITY 大丸心斎橋,RP012,Other,RP012,ショッパー(L),,,X,1,50,5,55,50,5,55,50,カード,,女性,II,志良堂,1,143781
449801,2026/07/02,FJALLRAVEN by 3NITY 大丸心斎橋,RP011,Other,RP011,ショッパー(M),,,X,1,50,5,55,50,5,55,50,複数金種,,男性,V,志良堂,1,143782
449801,2026/07/02,FJALLRAVEN by 3NITY 大丸心斎橋,23510501X,FJALLRAVEN,23510,Kanken,501,Sky blue,X,1,"13,000","1,300","14,300","13,000","1,300","14,300","13,000",複数金種,,男性,V,志良堂,1,143782
449802,2026/07/02,FJALLRAVEN by 3NITY TOKYO,12600249555S,FJALLRAVEN,12600249,High Coast Pack Shirt SS M,555,Dark Navy,S,1,"16,575","1,658","18,233","16,575","1,658","18,233","19,500",複数金種,,男性,IV,及川,1,125959
449803,2026/07/02,FJALLRAVEN by 3NITY TOKYO,Hokkosai1200X,Other,Hokkosai1200,北狐祭手ぬぐい,,,X,1,600,60,660,600,60,660,"1,200",カード,,男性,IV,及川,1,125959
449804,2026/07/02,FJALLRAVEN by 3NITY TOKYO,23510576X,FJALLRAVEN,23510,Kanken,576,Midnight Purple,X,1,"13,000",0,"13,000","13,000",0,"13,000","13,000",カード,,外国女性,IV,及川,0,
449804,2026/07/02,FJALLRAVEN by 3NITY TOKYO,RP008,Other,RP008,KANKEN SMU,,,X,1,"2,000",200,"2,200","2,000",200,"2,200","2,000",カード,,外国女性,IV,及川,0,
449804,2026/07/02,FJALLRAVEN by 3NITY TOKYO,RP011,Other,RP011,ショッパー(M),,,X,1,50,5,55,50,5,55,50,カード,,外国女性,IV,及川,0,
449805,2026/07/02,FJALLRAVEN by 3NITY TOKYO NODE,23226623X,FJALLRAVEN,23226,High Coast Pocket,623,Mountain Green,X,1,"5,000",0,"5,000","5,000",0,"5,000","5,000",カード,,外国男性,IV,西村,0,
449809,2026/07/02,FJALLRAVEN POPUP NARITA,RP011,Other,RP011,ショッパー(M),,,X,1,50,5,55,50,5,55,50,現金,,女性,III,島田,0,
449809,2026/07/02,FJALLRAVEN POPUP NARITA,23561021-312X,FJALLRAVEN,23561,Kanken Mini,021-312,Fog-Pink,X,1,"12,000","1,200","13,200","12,000","1,200","13,200","12,000",現金,,女性,III,島田,0,
449810,2026/07/02,FJALLRAVEN by 3NITY 京王新宿,23510550X,FJALLRAVEN,23510,Kanken,550,Black,X,1,"13,000","1,300","14,300","13,000","1,300","14,300","13,000",現金,,女性,III,佐野,0,
449811,2026/07/02,FJALLRAVEN by 3NITY ルクア大阪,23200358302-986X,FJALLRAVEN,23200358,Kanken Graphics Hip Pack,302-986,ChalkRose-Hidden Animals,X,1,"9,000",900,"9,900","9,000",900,"9,900","10,000",カード,,女性,IV,生田,1,129710
449811,2026/07/02,FJALLRAVEN by 3NITY ルクア大阪,Hokkosai1200X,Other,Hokkosai1200,北狐祭手ぬぐい,,,X,1,600,60,660,600,60,660,"1,200",カード,,女性,IV,生田,1,129710
449812,2026/07/02,FJALLRAVEN by 3NITY 京王新宿,23100176580X,FJALLRAVEN,23100176,Samlaren Field Repair,580,Purple,X,1,"5,800",580,"6,380","5,800",580,"6,380","5,800",現金,,女性,II,佐野,0,
449813,2026/07/02,FJALLRAVEN by 3NITY ルクア大阪,23780664X,FJALLRAVEN,23780,Kanken Card Wallet,664,Frost Green,X,1,"5,000",500,"5,500","5,000",500,"5,500","6,000",複数金種,,女性,II,生田,1,135574
449814,2026/07/02,FJALLRAVEN by 3NITY TOKYO NODE,79060X,FJALLRAVEN,79060,Greenland Wax,,,X,1,"1,350",135,"1,485","1,350",135,"1,485","1,500",現金,,女性,III,西村,1,140358
449816,2026/07/02,FJALLRAVEN by 3NITY TOKYO,23780560X,FJALLRAVEN,23780,Kanken Card Wallet,560,Navy,X,1,"6,000",0,"6,000","6,000",0,"6,000","6,000",電子マネー,,外国男性,II,赤根,0,
449819,2026/07/02,FJALLRAVEN by 3NITY TOKYO,23508021X,FJALLRAVEN,23508,Kanken Organizer,021,Fog,X,1,"4,500",450,"4,950","4,500",450,"4,950","5,500",電子マネー,,女性,IV,及川,1,140358
449822,2026/07/02,FJALLRAVEN by 3NITY TOKYO,TNA04416225-27,TENNEN,TNA044,天撚くつした/WASHI,162,Orange,25-27,1,"2,200",220,"2,420","2,200",220,"2,420","2,200",カード,,男性,VI,赤根,1,142702
449822,2026/07/02,FJALLRAVEN by 3NITY TOKYO,TNA04410625-27,TENNEN,TNA044,天撚くつした/WASHI,106,Navy,25-27,1,"2,200",220,"2,420","2,200",220,"2,420","2,200",カード,,男性,VI,赤根,1,142702
449822,2026/07/02,FJALLRAVEN by 3NITY TOKYO,8686855046/R,FJALLRAVEN,86868,Abisko Hike Trousers M,550,Black,46/R,1,"21,250","2,125","23,375","21,250","2,125","23,375","25,000",カード,,男性,VI,赤根,1,142702
449822,2026/07/02,FJALLRAVEN by 3NITY TOKYO,77316633X,FJALLRAVEN,77316,Keb Trekking Belt,633,Dark Olive,X,1,"4,800",480,"5,280","4,800",480,"5,280","4,800",カード,,男性,VI,赤根,1,142702
449822,2026/07/02,FJALLRAVEN by 3NITY TOKYO,87208555-614S,FJALLRAVEN,87208,Ovik Travel Shirt LS M,555-614,Dark Navy-Patina Green,S,1,"11,900","1,190","13,090","11,900","1,190","13,090","14,000",カード,,男性,VI,赤根,1,142702
449822,2026/07/02,FJALLRAVEN by 3NITY TOKYO,10002X,Shimokap,10002,ジップタブ,,,X,1,500,50,550,500,50,550,500,カード,,男性,VI,赤根,1,142702
449822,2026/07/02,FJALLRAVEN by 3NITY TOKYO,Hokkosai1200X,Other,Hokkosai1200,北狐祭手ぬぐい,,,X,1,600,60,660,600,60,660,"1,200",カード,,男性,VI,赤根,1,142702
449838,2026/07/02,FJALLRAVEN by 3NITY ルクア大阪,23797664-319X,FJALLRAVEN,23797,Kanken Sling,664-319,Frost Green-Peach Pink,X,1,"10,500","1,050","11,550","10,500","1,050","11,550","10,500",カード,,女性,III,大山,0,
449838,2026/07/02,FJALLRAVEN by 3NITY ルクア大阪,RP010,Other,RP010,ショッパー(S),,,X,1,50,5,55,50,5,55,50,カード,,女性,III,大山,0,
449839,2026/07/02,FJALLRAVEN by 3NITY TOKYO NODE,81280118S,FJALLRAVEN,81280,ReporterLiteVestM,118,Fossil,S,1,"20,400","2,040","22,440","20,400","2,040","22,440","24,000",カード,,男性,VI,西村,1,142702
449839,2026/07/02,FJALLRAVEN by 3NITY TOKYO NODE,79060X,FJALLRAVEN,79060,Greenland Wax,,,X,1,"1,500",150,"1,650","1,500",150,"1,650","1,500",カード,,男性,VI,西村,1,142702
449840,2026/07/02,FJALLRAVEN by 3NITY ルクア大阪,13100181232L/XL,FJALLRAVEN,13100181,Fjallraven Logo Cap,232,Buckwheat Brown,L/XL,1,"7,000",700,"7,700","7,000",700,"7,700","7,000",複数金種,,女性,III,生田,1,143783
449848,2026/07/03,FJALLRAVEN POPUP NARITA,23505550X,FJALLRAVEN,23505,Kanken Shoulder Pads,550,Black,X,1,"3,500",350,"3,850","3,500",350,"3,850","3,500",カード,,女性,II,沖山,0,
449853,2026/07/03,FJALLRAVEN POPUP NARITA,23200340037X,FJALLRAVEN,23200340,Farden Crossbody,037,Coal Black,X,1,"21,500",0,"21,500","21,500",0,"21,500","21,500",カード,,外国男性,III,沖山,0,
449856,2026/07/03,FJALLRAVEN by 3NITY 大丸心斎橋,23510457-916X,FJALLRAVEN,23510,Kanken,457-916,Pastel Lavender-Confetti Pattern,X,1,"13,000","1,300","14,300","13,000","1,300","14,300","13,000",複数金種,,外国女性,III,久保,0,
449856,2026/07/03,FJALLRAVEN by 3NITY 大丸心斎橋,RP011,Other,RP011,ショッパー(M),,,X,1,50,5,55,50,5,55,50,複数金種,,外国女性,III,久保,0,
449858,2026/07/03,FJALLRAVEN by 3NITY ルクア大阪,Hokkosai1200X,Other,Hokkosai1200,北狐祭手ぬぐい,,,X,1,600,60,660,600,60,660,"1,200",電子マネー,,男性,III,鶴井,1,138814
449859,2026/07/03,FJALLRAVEN by 3NITY 大丸心斎橋,23200284577X,FJALLRAVEN,23200284,KankenNo.2HipPack,577,Nimbus Blue,X,1,"12,000","1,200","13,200","12,000","1,200","13,200","12,000",電子マネー,,女性,IV,久保,1,１４３７８４
449859,2026/07/03,FJALLRAVEN by 3NITY 大丸心斎橋,79030X,FJALLRAVEN,79030,Greenland Wax travel pack,,,X,1,850,85,935,850,85,935,850,電子マネー,,女性,IV,久保,1,１４３７８４
449859,2026/07/03,FJALLRAVEN by 3NITY 大丸心斎橋,RP010,Other,RP010,ショッパー(S),,,X,1,50,5,55,50,5,55,50,電子マネー,,女性,IV,久保,1,１４３７８４
449860,2026/07/03,FJALLRAVEN POPUP NARITA,23510620X,FJALLRAVEN,23510,Kanken,620,Green,X,1,"13,000",0,"13,000","13,000",0,"13,000","13,000",カード,,外国女性,IV,沖山,0,
449862,2026/07/03,FJALLRAVEN by 3NITY ルクア大阪,77292633S/M,FJALLRAVEN,77292,Singi Gaiters,633,Dark Olive,S/M,1,"12,500","1,250","13,750","12,500","1,250","13,750","12,500",複数金種,,男性,III,鶴井,1,134936
449862,2026/07/03,FJALLRAVEN by 3NITY ルクア大阪,77316633X,FJALLRAVEN,77316,Keb Trekking Belt,633,Dark Olive,X,1,"4,800",480,"5,280","4,800",480,"5,280","4,800",複数金種,,男性,III,鶴井,1,134936
449862,2026/07/03,FJALLRAVEN by 3NITY ルクア大阪,RP011,Other,RP011,ショッパー(M),,,X,1,50,5,55,50,5,55,50,複数金種,,男性,III,鶴井,1,134936
449864,2026/07/03,FJALLRAVEN by 3NITY SAPPORO HUTTE,TNT036103M,TENNEN,TNT036,天撚Ｔシャツ/HEMP 2.0,103,Kinari,M,1,"13,000","1,300","14,300","13,000","1,300","14,300","13,000",現金,,男性,V,佐藤,1,143785
449864,2026/07/03,FJALLRAVEN by 3NITY SAPPORO HUTTE,87039113S,FJALLRAVEN,87039,Ovik Travel Shirt SS M,113,Chalk White,S,1,"11,000","1,100","12,100","11,000","1,100","12,100","11,000",現金,,男性,V,佐藤,1,143785
449864,2026/07/03,FJALLRAVEN by 3NITY SAPPORO HUTTE,12600215543S,FJALLRAVEN,12600215,Hemp Blend T-shirt M,543,Dawn Blue,S,1,"8,000",800,"8,800","8,000",800,"8,800","8,000",現金,,男性,V,佐藤,1,143785
449865,2026/07/03,6142,77404550X,FJALLRAVEN,77404,Bergtagen Cap,550,Black,X,1,"7,500",0,"7,500","7,500",0,"7,500","7,500",電子マネー,,外国男性,III,中尾,0,
449866,2026/07/03,FJALLRAVEN STORE 名古屋ファッションワン,87153300XS,FJALLRAVEN,87153,Fox Boxy Logo Tee W,300,Dusty Rose,XS,1,"5,850",585,"6,435","5,850",585,"6,435","6,500",電子マネー,,女性,VI,大坂,1,143158
449867,2026/07/03,FJALLRAVEN by 3NITY 京王新宿,87310113M,FJALLRAVEN,87310,Fjallraven Logo T-shirt M,113,Chalk White,M,1,"6,500",650,"7,150","6,500",650,"7,150","6,500",現金,,外国女性,III,高橋,0,
449867,2026/07/03,FJALLRAVEN by 3NITY 京王新宿,12600328111M,FJALLRAVEN,12600328,Archive Logo T-Shirt M,111,Eggshell,M,1,"8,000",800,"8,800","8,000",800,"8,800","8,000",現金,,外国女性,III,高橋,0,
449868,2026/07/03,FJALLRAVEN by 3NITY TOKYO NODE,23510326X,FJALLRAVEN,23510,Kanken,326,Ox Red,X,1,"13,000","1,300","14,300","13,000","1,300","14,300","13,000",複数金種,,女性,I,西村,1,143786
449869,2026/07/03,FJALLRAVEN by 3NITY TOKYO NODE,23223452X,FJALLRAVEN,23223,HighCoastHipPack,452,Lavender Mist,X,1,"6,500",0,"6,500","6,500",0,"6,500","6,500",カード,,外国男性,I,村田,0,
449870,2026/07/03,FJALLRAVEN by 3NITY TOKYO,84108614XS,FJALLRAVEN,84108,Abisko Sun-hoodie W,614,Patina Green,XS,1,"12,150","1,215","13,365","12,150","1,215","13,365","13,500",電子マネー,,女性,IV,木村,1,121916
449870,2026/07/03,FJALLRAVEN by 3NITY TOKYO,Hokkosai1200X,Other,Hokkosai1200,北狐祭手ぬぐい,,,X,1,600,60,660,600,60,660,"1,200",電子マネー,,女性,IV,木村,1,121916
449870,2026/07/03,FJALLRAVEN by 3NITY TOKYO,GIFT400,Other,GIFT400,Gift Wrapping (M),,,X,1,400,40,440,400,40,440,400,電子マネー,,女性,IV,木村,1,121916
449871,2026/07/03,FJALLRAVEN by 3NITY ルクア大阪,23200345221X,FJALLRAVEN,23200345,Abisko Hike Lite 20 S/M,221,Clay,X,1,"20,000","2,000","22,000","20,000","2,000","22,000","25,000",複数金種,,男性,IV,生田,1,137534
449871,2026/07/03,FJALLRAVEN by 3NITY ルクア大阪,RP011,Other,RP011,ショッパー(M),,,X,1,50,5,55,50,5,55,50,複数金種,,男性,IV,生田,1,137534
449872,2026/07/03,FJALLRAVEN by 3NITY TOKYO NODE,81838633S,FJALLRAVEN,81838,Singi Trekking Shirt LS M,633,Dark Olive,S,1,"16,200","1,620","17,820","16,200","1,620","17,820","18,000",カード,,男性,III,西村,1,132274
449872,2026/07/03,FJALLRAVEN by 3NITY TOKYO NODE,Hokkosai1200X,Other,Hokkosai1200,北狐祭手ぬぐい,,,X,1,600,60,660,600,60,660,"1,200",カード,,男性,III,西村,1,132274
449873,2026/07/03,FJALLRAVEN POPUP NARITA,87313113L,FJALLRAVEN,87313,1960 Logo T-shirt M,113,Chalk White,L,1,"6,000",600,"6,600","6,000",600,"6,600","6,000",カード,,女性,IV,共通ユーザ,0,
449873,2026/07/03,FJALLRAVEN POPUP NARITA,87313520-999M,FJALLRAVEN,87313,1960 Logo T-shirt M,520-999,Uncle Blue-Melange,M,1,"6,000",600,"6,600","6,000",600,"6,600","6,000",カード,,女性,IV,共通ユーザ,0,
449874,2026/07/03,FJALLRAVEN STORE 名古屋ファッションワン,23510031X,FJALLRAVEN,23510,Kanken,031,Graphite,X,1,"13,000","1,300","14,300","13,000","1,300","14,300","13,000",電子マネー,,男性,VI,久保,0,
449874,2026/07/03,FJALLRAVEN STORE 名古屋ファッションワン,RP011,Other,RP011,ショッパー(M),,,X,1,50,5,55,50,5,55,50,電子マネー,,男性,VI,久保,0,
449875,2026/07/03,FJALLRAVEN by 3NITY ルクア大阪,23797600X,FJALLRAVEN,23797,Kanken Sling,600,Mint Green,X,1,"10,500",0,"10,500","10,500",0,"10,500","10,500",カード,,外国女性,III,生田,0,
449876,2026/07/03,FJALLRAVEN by 3NITY TOKYO,23346050X,FJALLRAVEN,23346,Skule 28,050,Basalt,X,1,"14,000","1,400","15,400","14,000","1,400","15,400","14,000",電子マネー,,女性,I,及川,1,143787
449877,2026/07/03,FJALLRAVEN by 3NITY ルクア大阪,23796560X,FJALLRAVEN,23796,Kanken Hip Pack,560,Navy,X,1,"8,000",800,"8,800","8,000",800,"8,800","8,000",カード,,女性,III,生田,1,143788
449878,2026/07/03,FJALLRAVEN POPUP NARITA,23223207X,FJALLRAVEN,23223,High Coast Hip Pack,207,Sunset Orange,X,1,"6,500",650,"7,150","6,500",650,"7,150","6,500",カード,,女性,III,沖山,0,
449879,2026/07/03,FJALLRAVEN by 3NITY 大丸心斎橋,23346300X,FJALLRAVEN,23346,Skule 28,300,Dusty Rose,X,1,"14,000","1,400","15,400","14,000","1,400","15,400","14,000",複数金種,,外国女性,III,久保,0,
449880,2026/07/03,FJALLRAVEN by 3NITY ルクア大阪,8689211846,FJALLRAVEN,86892,Vidda Pro Lite Shorts M,118,Fossil,46,1,"15,300","1,530","16,830","15,300","1,530","16,830","18,000",カード,,男性,IV,生田,1,131447
449880,2026/07/03,FJALLRAVEN by 3NITY ルクア大阪,87310113S,FJALLRAVEN,87310,Fjallraven Logo T-shirt M,113,Chalk White,S,1,"5,525",553,"6,078","5,525",553,"6,078","6,500",カード,,男性,IV,生田,1,131447
449880,2026/07/03,FJALLRAVEN by 3NITY ルクア大阪,81511195S,FJALLRAVEN,81511,Ovik Polo Shirt M,195,Sand Stone,S,1,"11,050","1,105","12,155","11,050","1,105","12,155","13,000",カード,,男性,IV,生田,1,131447
449880,2026/07/03,FJALLRAVEN by 3NITY ルクア大阪,RP011,Other,RP011,ショッパー(M),,,X,1,50,5,55,50,5,55,50,カード,,男性,IV,生田,1,131447
449881,2026/07/03,FJALLRAVEN by 3NITY 大丸心斎橋,23523664X,FJALLRAVEN,23523,Kanken Laptop 13,664,Frost Green,X,1,"17,000","1,700","18,700","17,000","1,700","18,700","17,000",複数金種,,外国男性,III,久保,0,
449881,2026/07/03,FJALLRAVEN by 3NITY 大丸心斎橋,RP011,Other,RP011,ショッパー(M),,,X,1,50,5,55,50,5,55,50,複数金種,,外国男性,III,久保,0,
449882,2026/07/03,6142,23523326X,FJALLRAVEN,23523,Kanken Laptop 13,326,Ox Red,X,1,"17,000",0,"17,000","17,000",0,"17,000","17,000",カード,,外国女性,III,中尾,0,
449882,2026/07/03,6142,23523560X,FJALLRAVEN,23523,Kanken Laptop 13,560,Navy,X,1,"17,000",0,"17,000","17,000",0,"17,000","17,000",カード,,外国女性,III,中尾,0,
449883,2026/07/03,FJALLRAVEN by 3NITY TOKYO,23510031X,FJALLRAVEN,23510,Kanken,031,Graphite,X,1,"13,000","1,300","14,300","13,000","1,300","14,300","13,000",現金,,女性,II,花山,0,
449883,2026/07/03,FJALLRAVEN by 3NITY TOKYO,RP011,Other,RP011,ショッパー(M),,,X,1,50,5,55,50,5,55,50,現金,,女性,II,花山,0,
449884,2026/07/03,FJALLRAVEN by 3NITY 京王新宿,23565633X,FJALLRAVEN,23565,Kanken No.2,633,Dark Olive,X,1,"20,000","2,000","22,000","20,000","2,000","22,000","20,000",現金,,外国男性,III,高橋,0,
449885,2026/07/03,FJALLRAVEN by 3NITY ルクア大阪,23510457X,FJALLRAVEN,23510,Kanken,457,Pastel Lavender,X,1,"13,000","1,300","14,300","13,000","1,300","14,300","13,000",現金,,女性,I,鶴井,1,143789
449885,2026/07/03,FJALLRAVEN by 3NITY ルクア大阪,RP011,Other,RP011,ショッパー(M),,,X,1,50,5,55,50,5,55,50,現金,,女性,I,鶴井,1,143789
449886,2026/07/03,6142,87146113S,FJALLRAVEN,87146,Fjallraven Logo Tee W,113,Chalk White,S,1,"6,500",650,"7,150","6,500",650,"7,150","6,500",カード,,男性,IV,中尾,0,
449886,2026/07/03,6142,87153300S,FJALLRAVEN,87153,Fox Boxy Logo Tee W,300,Dusty Rose,S,1,"6,500",650,"7,150","6,500",650,"7,150","6,500",カード,,男性,IV,中尾,0,
449886,2026/07/03,6142,77407626S/M,FJALLRAVEN,77407,Lappland Camo Cap,626,Green Camo,S/M,1,"6,200",620,"6,820","6,200",620,"6,820","6,200",カード,,男性,IV,中尾,0,
449886,2026/07/03,6142,23200395457X,FJALLRAVEN,23200395,Kanken Crossbody,457,Pastel Lavender,X,1,"12,500","1,250","13,750","12,500","1,250","13,750","12,500",カード,,男性,IV,中尾,0,
449887,2026/07/03,FJALLRAVEN POPUP NARITA,23802550X,FJALLRAVEN,23802,Kanken Weekender,550,Black,X,1,"28,000",0,"28,000","28,000",0,"28,000","28,000",カード,,外国女性,III,沖山,0,
449887,2026/07/03,FJALLRAVEN POPUP NARITA,23200332037X,FJALLRAVEN,23200332,Vardag Foldsack 25,037,Coal Black,X,1,"21,500",0,"21,500","21,500",0,"21,500","21,500",カード,,外国女性,III,沖山,0,
449888,2026/07/03,FJALLRAVEN by 3NITY 大丸心斎橋,23796115X,FJALLRAVEN,23796,Kanken Hip Pack,115,Light Oak,X,1,"8,000",800,"8,800","8,000",800,"8,800","8,000",複数金種,,外国女性,III,大山,0,
449889,2026/07/03,FJALLRAVEN by 3NITY ルクア大阪,Hokkosai1200X,Other,Hokkosai1200,北狐祭手ぬぐい,,,X,1,600,60,660,600,60,660,"1,200",カード,,外国男性,III,生田,1,125912
449889,2026/07/03,FJALLRAVEN by 3NITY ルクア大阪,82606662L,FJALLRAVEN,82606,HighCoastWindJacketM,662,Deep Forest,L,1,"23,375","2,338","25,713","23,375","2,338","25,713","27,500",カード,,外国男性,III,生田,1,125912
449890,2026/07/03,FJALLRAVEN by 3NITY TOKYO,23797424X,FJALLRAVEN,23797,Kanken Sling,424,Blackberry,X,1,"5,250",525,"5,775","5,250",525,"5,775","10,500",カード,,女性,II,共通ユーザ,0,
449890,2026/07/03,FJALLRAVEN by 3NITY TOKYO,23561424X,FJALLRAVEN,23561,Kanken Mini,424,Blackberry,X,1,"6,000",600,"6,600","6,000",600,"6,600","12,000",カード,,女性,II,共通ユーザ,0,
449891,2026/07/03,FJALLRAVEN by 3NITY TOKYO NODE,77277625L,FJALLRAVEN,77277,Kiruna Hat,625,Laurel Green,L,1,"7,400",740,"8,140","7,400",740,"8,140","7,400",現金,,外国男性,III,西村,0,
449892,2026/07/03,FJALLRAVEN by 3NITY TOKYO,23510302X,FJALLRAVEN,23510,Kanken,302,Chalk Rose,X,1,"13,000",0,"13,000","13,000",0,"13,000","13,000",カード,,外国女性,I,鈴木,0,
449892,2026/07/03,FJALLRAVEN by 3NITY TOKYO,23525160X,FJALLRAVEN,23525,Kanken Laptop 17,160,Ochre,X,1,"19,000",0,"19,000","19,000",0,"19,000","19,000",カード,,外国女性,I,鈴木,0,
449893,2026/07/03,FJALLRAVEN by 3NITY 大丸心斎橋,23225543X,FJALLRAVEN,23225,High Coast Totepack,543,Dawn Blue,X,1,"13,000","1,300","14,300","13,000","1,300","14,300","13,000",複数金種,,外国男性,II,久保,0,
449894,2026/07/03,FJALLRAVEN by 3NITY TOKYO,23301570X,FJALLRAVEN,23301,Ulvo 23,570,Mountain Blue,X,1,"20,000",0,"20,000","20,000",0,"20,000","20,000",カード,,外国男性,II,花山,0,
449895,2026/07/03,FJALLRAVEN by 3NITY ルクア大阪,24221679X,FJALLRAVEN,24221,Pocket,679,Deep Patina,X,1,"6,000",600,"6,600","6,000",600,"6,600","6,000",現金,,男性,V,鶴井,0,
449895,2026/07/03,FJALLRAVEN by 3NITY ルクア大阪,GIFT300,Other,GIFT300,Gift Wrapping (S),,,X,1,300,30,330,300,30,330,300,現金,,男性,V,鶴井,0,
449895,2026/07/03,FJALLRAVEN by 3NITY ルクア大阪,RP010,Other,RP010,ショッパー(S),,,X,1,50,5,55,50,5,55,50,現金,,男性,V,鶴井,0,
449896,2026/07/03,FJALLRAVEN by 3NITY TOKYO,23510160X,FJALLRAVEN,23510,Kanken,160,Ochre,X,1,"13,000",0,"13,000","13,000",0,"13,000","13,000",カード,,外国女性,IV,及川,0,
449896,2026/07/03,FJALLRAVEN by 3NITY TOKYO,23505160X,FJALLRAVEN,23505,Kanken Shoulder Pads,160,Ochre,X,1,"3,500",0,"3,500","3,500",0,"3,500","3,500",カード,,外国女性,IV,及川,0,
449897,2026/07/03,FJALLRAVEN by 3NITY TOKYO NODE,23510540X,FJALLRAVEN,23510,Kanken,540,Royal Blue,X,1,"13,000","1,300","14,300","13,000","1,300","14,300","13,000",複数金種,,女性,I,西村,1,143790
449898,2026/07/03,FJALLRAVEN by 3NITY玉川高島屋S・C,23561457-916X,FJALLRAVEN,23561,Kanken Mini,457-916,Pastel Lavender-Confetti Pattern,X,1,"12,000","1,200","13,200","12,000","1,200","13,200","12,000",カード,,女性,VI,小林,1,143791
449899,2026/07/03,FJALLRAVEN by 3NITY TOKYO,23524560X,FJALLRAVEN,23524,Kanken Laptop 15,560,Navy,X,1,"18,000","1,800","19,800","18,000","1,800","19,800","18,000",現金,,女性,I,及川,1,143792
449899,2026/07/03,FJALLRAVEN by 3NITY TOKYO,RP011,Other,RP011,ショッパー(M),,,X,1,50,5,55,50,5,55,50,現金,,女性,I,及川,1,143792
449900,2026/07/03,FJALLRAVEN by 3NITY 京王新宿,Hokkosai1200X,Other,Hokkosai1200,北狐祭手ぬぐい,,,X,1,600,60,660,600,60,660,"1,200",現金,,男性,V,高橋,1,127428
449900,2026/07/03,FJALLRAVEN by 3NITY 京王新宿,12600257020-999S,FJALLRAVEN,12600257,Abisko Lite SS M,020-999,Grey-Melange,S,1,"6,375",638,"7,013","6,375",638,"7,013","7,500",現金,,男性,V,高橋,1,127428
449900,2026/07/03,FJALLRAVEN by 3NITY 京王新宿,RP010,Other,RP010,ショッパー(S),,,X,1,50,5,55,50,5,55,50,現金,,男性,V,高橋,1,127428
449901,2026/07/03,6142,23524326X,FJALLRAVEN,23524,Kanken Laptop 15,326,Ox Red,X,1,"18,000",0,"18,000","18,000",0,"18,000","18,000",電子マネー,,外国男性,II,中尾,0,
449902,2026/07/03,FJALLRAVEN by 3NITY TOKYO NODE,23200277037X,FJALLRAVEN,23200277,Farden Roller 75,037,Coal Black,X,1,"55,000",0,"55,000","55,000",0,"55,000","55,000",現金,,外国男性,III,西村,0,
449903,2026/07/03,6142,RP010,Other,RP010,ショッパー(S),,,X,1,100,10,110,100,10,110,50,電子マネー,,外国男性,II,中尾,0,
449904,2026/07/03,FJALLRAVEN STORE 名古屋ファッションワン,23510021-312X,FJALLRAVEN,23510,Kanken,021-312,Fog-Pink,X,1,"13,000","1,300","14,300","13,000","1,300","14,300","13,000",カード,,女性,IV,大坂,1,143793
449905,2026/07/03,FJALLRAVEN by 3NITY 京王新宿,23510160X,FJALLRAVEN,23510,Kanken,160,Ochre,X,1,"13,000","1,300","14,300","13,000","1,300","14,300","13,000",現金,,女性,I,高橋,0,
449905,2026/07/03,FJALLRAVEN by 3NITY 京王新宿,RP011,Other,RP011,ショッパー(M),,,X,1,50,5,55,50,5,55,50,現金,,女性,I,高橋,0,
449905,2026/07/03,FJALLRAVEN by 3NITY 京王新宿,RP015,OT2,RP015,KANKEN SMU,,,X,1,"2,000",200,"2,200","2,000",200,"2,200","2,000",現金,,女性,I,高橋,0,
449906,2026/07/03,FJALLRAVEN by 3NITY 京王新宿,23510600X,FJALLRAVEN,23510,Kanken,600,Mint Green,X,1,"13,000","1,300","14,300","13,000","1,300","14,300","13,000",現金,,女性,I,高橋,0,
449906,2026/07/03,FJALLRAVEN by 3NITY 京王新宿,RP011,Other,RP011,ショッパー(M),,,X,1,50,5,55,50,5,55,50,現金,,女性,I,高橋,0,
449907,2026/07/03,FJALLRAVEN by 3NITY 大丸心斎橋,23791525X,FJALLRAVEN,23791,Kanken Rain Cover,525,UN Blue,X,1,"3,800",380,"4,180","3,800",380,"4,180","3,800",複数金種,,外国男性,III,大山,0,
449907,2026/07/03,FJALLRAVEN by 3NITY 大丸心斎橋,25858525X,FJALLRAVEN,25858,Rain Cover 40-55 L,525,UN Blue,X,1,"5,000",500,"5,500","5,000",500,"5,500","5,000",複数金種,,外国男性,III,大山,0,
449908,2026/07/03,FJALLRAVEN by 3NITY玉川高島屋S・C,14600200030M,FJALLRAVEN,14600200,ovik Hemp Camp Shirt SS W,030,Dark Grey,M,1,"12,325","1,233","13,558","12,325","1,233","13,558","14,500",複数金種,,女性,VI,小林,1,124433
449908,2026/07/03,FJALLRAVEN by 3NITY玉川高島屋S・C,77357232S/M,FJALLRAVEN,77357,Vidda Cap,232,Buckwheat Brown,S/M,1,"6,200",620,"6,820","6,200",620,"6,820","6,200",複数金種,,女性,VI,小林,1,124433
449909,2026/07/03,FJALLRAVEN POPUP NARITA,23200338354-228X,FJALLRAVEN,23200338,Vardag Pocket Small,354-228,Poppy Pink-Khaki Dust,X,1,"6,500",0,"6,500","6,500",0,"6,500","6,500",カード,,外国女性,II,沖山,0,
449909,2026/07/03,FJALLRAVEN POPUP NARITA,23226543X,FJALLRAVEN,23226,High Coast Pocket,543,Dawn Blue,X,1,"5,000",0,"5,000","5,000",0,"5,000","5,000",カード,,外国女性,II,沖山,0,
449910,2026/07/03,FJALLRAVEN by 3NITY TOKYO,24215560X,FJALLRAVEN,24215,Gear Pocket,560,Navy,X,1,"3,000",300,"3,300","3,000",300,"3,300","3,000",現金,,外国男性,II,木村,0,
449911,2026/07/03,FJALLRAVEN by 3NITY ルクア大阪,Hokkosai1200X,Other,Hokkosai1200,北狐祭手ぬぐい,,,X,1,600,60,660,600,60,660,"1,200",現金,,男性,V,鶴井,1,131789
449912,2026/07/03,6142,23565560X,FJALLRAVEN,23565,Kanken No.2,560,Navy,X,1,"20,000",0,"20,000","20,000",0,"20,000","20,000",電子マネー,,外国女性,II,中尾,0,
449913,2026/07/03,FJALLRAVEN by 3NITY 大丸心斎橋,23200359302-986X,FJALLRAVEN,23200359,Kanken Graphics Laptop 15,302-986,ChalkRose-Hidden Animals,X,1,"21,000","2,100","23,100","21,000","2,100","23,100","21,000",現金,,女性,VI,大山,0,
449913,2026/07/03,FJALLRAVEN by 3NITY 大丸心斎橋,79060X,FJALLRAVEN,79060,Greenland Wax,,,X,1,"1,500",150,"1,650","1,500",150,"1,650","1,500",現金,,女性,VI,大山,0,
449913,2026/07/03,FJALLRAVEN by 3NITY 大丸心斎橋,RP011,Other,RP011,ショッパー(M),,,X,1,50,5,55,50,5,55,50,現金,,女性,VI,大山,0,
449915,2026/07/03,FJALLRAVEN by 3NITY TOKYO,23200335550X,FJALLRAVEN,23200335,Skule 24,550,Black,X,1,"13,000","1,300","14,300","13,000","1,300","14,300","13,000",カード,,外国女性,III,木村,1,143035
449915,2026/07/03,FJALLRAVEN by 3NITY TOKYO,RP011,Other,RP011,ショッパー(M),,,X,1,50,5,55,50,5,55,50,カード,,外国女性,III,木村,1,143035
449916,2026/07/03,FJALLRAVEN by 3NITY TOKYO,23200334228-135X,FJALLRAVEN,23200334,KankenKoncept,228-135,Khaki Dust-Kantarell,X,1,"15,000","1,500","16,500","15,000","1,500","16,500","15,000",電子マネー,,女性,I,及川,0,
449916,2026/07/03,FJALLRAVEN by 3NITY TOKYO,RP011,Other,RP011,ショッパー(M),,,X,1,50,5,55,50,5,55,50,電子マネー,,女性,I,及川,0,
449917,2026/07/03,6142,23200395664X,FJALLRAVEN,23200395,Kanken Crossbody,664,Frost Green,X,1,"12,500","1,250","13,750","12,500","1,250","13,750","12,500",カード,,女性,II,中尾,0,
449918,2026/07/03,FJALLRAVEN by 3NITY 京王新宿,25857525X,FJALLRAVEN,25857,Rain Cover 20-35 L,525,UN Blue,X,1,"4,500",450,"4,950","4,500",450,"4,950","4,500",複数金種,,女性,IV,佐野,1,129741
449919,2026/07/03,FJALLRAVEN POPUP NARITA,23797312X,FJALLRAVEN,23797,Kanken Sling,312,PINK,X,1,"10,500","1,050","11,550","10,500","1,050","11,550","10,500",カード,,女性,II,共通ユーザ,0,
449920,2026/07/03,FJALLRAVEN by 3NITY TOKYO NODE,23797501X,FJALLRAVEN,23797,Kanken Sling,501,Sky Blue,X,1,"10,500",0,"10,500","10,500",0,"10,500","10,500",カード,,外国男性,II,西村,0,
449920,2026/07/03,FJALLRAVEN by 3NITY TOKYO NODE,RP010,Other,RP010,ショッパー(S),,,X,1,50,5,55,50,5,55,50,カード,,外国男性,II,西村,0,
449921,2026/07/03,FJALLRAVEN STORE 名古屋ファッションワン,87310550S,FJALLRAVEN,87310,Fjallraven Logo T-shirt M,550,Black,S,1,"5,500",550,"6,050","5,500",550,"6,050","6,500",複数金種,,男性,IV,久保,1,131656
449921,2026/07/03,FJALLRAVEN STORE 名古屋ファッションワン,Hokkosai1200X,Other,Hokkosai1200,北狐祭手ぬぐい,,,X,1,600,60,660,600,60,660,"1,200",複数金種,,男性,IV,久保,1,131656
449922,2026/07/03,FJALLRAVEN by 3NITY 京王新宿,23227614X,FJALLRAVEN,23227,High Coast Crossbody,614,Patina Green,X,1,"10,000","1,000","11,000","10,000","1,000","11,000","10,000",現金,,外国男性,III,佐野,0,
449923,2026/07/03,FJALLRAVEN by 3NITY TOKYO,23803633X,FJALLRAVEN,23803,Kanken no. 2 Laptop 15,633,Dark Olive,X,1,"24,000","2,400","26,400","24,000","2,400","26,400","24,000",カード,,女性,II,花山,1,１４３７９５
449923,2026/07/03,FJALLRAVEN by 3NITY TOKYO,RP011,Other,RP011,ショッパー(M),,,X,1,50,5,55,50,5,55,50,カード,,女性,II,花山,1,１４３７９５
449923,2026/07/03,FJALLRAVEN by 3NITY TOKYO,RP002,Other,RP002,刺繍代,,,X,1,800,80,880,800,80,880,800,カード,,女性,II,花山,1,１４３７９５
449925,2026/07/03,FJALLRAVEN by 3NITY 大丸心斎橋,23166550X,FJALLRAVEN,23166,Ulvo Hip Pack Large,550,Black,X,1,"10,000","1,000","11,000","10,000","1,000","11,000","10,000",現金,,外国男性,IV,大山,0,
449926,2026/07/03,FJALLRAVEN by 3NITY TOKYO NODE,23510126X,FJALLRAVEN,23510,Kanken,126,Corn,X,1,"13,000","1,300","14,300","13,000","1,300","14,300","13,000",複数金種,,女性,I,村田,1,143796
449927,2026/07/03,FJALLRAVEN by 3NITY 大丸心斎橋,23166550X,FJALLRAVEN,23166,Ulvo Hip Pack Large,550,Black,X,1,"10,000","1,000","11,000","10,000","1,000","11,000","10,000",複数金種,,外国女性,IV,大山,0,
449929,2026/07/03,FJALLRAVEN by 3NITY 大丸心斎橋,23166550X,FJALLRAVEN,23166,Ulvo Hip Pack Large,550,Black,X,-1,"10,000","1,000","11,000","-10,000","-1,000","-11,000","10,000",現金,,外国男性,IV,共通ユーザ,0,
449930,2026/07/03,6142,13100182550S/M,FJALLRAVEN,13100182,Fjallraven Langtradarkeps,550,Black,S/M,1,"6,200",0,"6,200","6,200",0,"6,200","6,200",カード,,外国男性,III,中尾,0,
449930,2026/07/03,6142,87310550M,FJALLRAVEN,87310,Fjallraven Logo T-shirt M,550,Black,M,1,"6,500",0,"6,500","6,500",0,"6,500","6,500",カード,,外国男性,III,中尾,0,
449931,2026/07/03,FJALLRAVEN by 3NITY ルクア大阪,23524326X,FJALLRAVEN,23524,Kanken Laptop 15,326,Ox Red,X,1,"18,000","1,800","19,800","18,000","1,800","19,800","18,000",カード,,女性,I,生田,1,143797
449932,2026/07/03,FJALLRAVEN by 3NITY TOKYO NODE,23523424X,FJALLRAVEN,23523,Kanken Laptop 13,424,Blackberry,X,1,"17,000","1,700","18,700","17,000","1,700","18,700","17,000",複数金種,,女性,II,村田,1,143798
449932,2026/07/03,FJALLRAVEN by 3NITY TOKYO NODE,RP011,Other,RP011,ショッパー(M),,,X,1,50,5,55,50,5,55,50,複数金種,,女性,II,村田,1,143798
449933,2026/07/03,6142,23510302X,FJALLRAVEN,23510,Kanken,302,Chalk Rose,X,1,"13,000",0,"13,000","13,000",0,"13,000","13,000",電子マネー,,外国女性,III,中尾,0,
449934,2026/07/03,FJALLRAVEN by 3NITY TOKYO,23523664X,FJALLRAVEN,23523,Kanken Laptop 13,664,Frost Green,X,1,"17,000",0,"17,000","17,000",0,"17,000","17,000",カード,,外国女性,IV,木村,0,
449935,2026/07/03,FJALLRAVEN by 3NITY ルクア大阪,23200303037X,FJALLRAVEN,23200303,Farden Carry-On Pack,037,Coal Black,X,1,"29,000",0,"29,000","29,000",0,"29,000","29,000",電子マネー,,外国女性,IV,生田,0,
449938,2026/07/03,FJALLRAVEN by 3NITY TOKYO NODE,8641163348/R,FJALLRAVEN,86411,Keb Agile Trousers M,633,Dark Olive,48/R,1,"26,350","2,635","28,985","26,350","2,635","28,985","31,000",カード,,男性,IV,西村,1,109136
449938,2026/07/03,FJALLRAVEN by 3NITY TOKYO NODE,Hokkosai1200X,Other,Hokkosai1200,北狐祭手ぬぐい,,,X,2,600,60,660,"1,200",120,"1,320","1,200",カード,,男性,IV,西村,1,109136
449938,2026/07/03,FJALLRAVEN by 3NITY TOKYO NODE,23200337300X,FJALLRAVEN,23200337,Skule Sling 6,300,Dusty Rose,X,1,"9,000",900,"9,900","9,000",900,"9,900","9,000",カード,,男性,IV,西村,1,109136
449938,2026/07/03,FJALLRAVEN by 3NITY TOKYO NODE,12600257020-999L,FJALLRAVEN,12600257,Abisko Lite SS M,020-999,Grey-Melange,L,1,"6,375",638,"7,013","6,375",638,"7,013","7,500",カード,,男性,IV,西村,1,109136
449941,2026/07/03,FJALLRAVEN by 3NITY ルクア大阪,23524326X,FJALLRAVEN,23524,Kanken Laptop 15,326,Ox Red,X,1,"18,000","1,800","19,800","18,000","1,800","19,800","18,000",カード,,女性,IV,鶴井,1,143799
449942,2026/07/03,6142,23510118X,FJALLRAVEN,23510,Kanken,118,Fossil,X,1,"13,000",0,"13,000","13,000",0,"13,000","13,000",現金,,外国女性,III,中尾,0,
449942,2026/07/03,6142,24221030X,FJALLRAVEN,24221,Pocket,030,Dark Grey,X,1,"6,000",0,"6,000","6,000",0,"6,000","6,000",現金,,外国女性,III,中尾,0,
449943,2026/07/03,FJALLRAVEN by 3NITY TOKYO NODE,27248550X,FJALLRAVEN,27248,Vardag Pocket,550,Black,X,1,"3,500",350,"3,850","3,500",350,"3,850","4,500",カード,,女性,V,村田,1,119619
449943,2026/07/03,FJALLRAVEN by 3NITY TOKYO NODE,Hokkosai1200X,Other,Hokkosai1200,北狐祭手ぬぐい,,,X,1,600,60,660,600,60,660,"1,200",カード,,女性,V,村田,1,119619
449944,2026/07/03,FJALLRAVEN by 3NITY ルクア大阪,12600328111L,FJALLRAVEN,12600328,Archive Logo T-Shirt M,111,Eggshell,L,1,"8,000",0,"8,000","8,000",0,"8,000","8,000",現金,,外国女性,III,鶴井,0,
449944,2026/07/03,FJALLRAVEN by 3NITY ルクア大阪,77357030S/M,FJALLRAVEN,77357,Vidda Cap,030,Dark Grey,S/M,1,"6,200",0,"6,200","6,200",0,"6,200","6,200",現金,,外国女性,III,鶴井,0,
449944,2026/07/03,FJALLRAVEN by 3NITY ルクア大阪,RP011,Other,RP011,ショッパー(M),,,X,1,50,5,55,50,5,55,50,現金,,外国女性,III,鶴井,0,
449945,2026/07/03,FJALLRAVEN by 3NITY 京王新宿,23346050X,FJALLRAVEN,23346,Skule 28,050,Basalt,X,1,"14,000","1,400","15,400","14,000","1,400","15,400","14,000",現金,,女性,II,佐野,1,143800
449945,2026/07/03,FJALLRAVEN by 3NITY 京王新宿,RP012,Other,RP012,ショッパー(L),,,X,1,50,5,55,50,5,55,50,現金,,女性,II,佐野,1,143800
449946,2026/07/03,FJALLRAVEN by 3NITY 京王新宿,23797302X,FJALLRAVEN,23797,KankenSling,302,Chalk Rose,X,1,"9,500",950,"10,450","9,500",950,"10,450","10,500",現金,,男性,IV,佐野,1,118136
449947,2026/07/03,FJALLRAVEN by 3NITY ルクア大阪,23510118X,FJALLRAVEN,23510,Kanken,118,Fossil,X,1,"13,000","1,300","14,300","13,000","1,300","14,300","13,000",カード,,女性,II,鶴井,1,143801
449947,2026/07/03,FJALLRAVEN by 3NITY ルクア大阪,RP011,Other,RP011,ショッパー(M),,,X,1,50,5,55,50,5,55,50,カード,,女性,II,鶴井,1,143801
449948,2026/07/03,FJALLRAVEN by 3NITY 大丸心斎橋,23561501-115X,FJALLRAVEN,23561,Kanken Mini,501-115,Sky Blue-Light Oak,X,1,"12,000","1,200","13,200","12,000","1,200","13,200","12,000",複数金種,,外国女性,II,久保,0,
449948,2026/07/03,FJALLRAVEN by 3NITY 大丸心斎橋,RP011,Other,RP011,ショッパー(M),,,X,1,50,5,55,50,5,55,50,複数金種,,外国女性,II,久保,0,
449949,2026/07/03,FJALLRAVEN by 3NITY 京王新宿,87146113M,FJALLRAVEN,87146,Fjallraven Logo Tee W,113,Chalk White,M,1,"6,500",650,"7,150","6,500",650,"7,150","6,500",現金,,外国女性,III,佐野,0,
449949,2026/07/03,FJALLRAVEN by 3NITY 京王新宿,23200307221X,FJALLRAVEN,23200307,Abisko Softpack 16,221,Clay,X,1,"16,500","1,650","18,150","16,500","1,650","18,150","16,500",現金,,外国女性,III,佐野,0,
449949,2026/07/03,FJALLRAVEN by 3NITY 京王新宿,23510501-115X,FJALLRAVEN,23510,Kanken,501-115,Sky Blue-Light Oak,X,1,"13,000","1,300","14,300","13,000","1,300","14,300","13,000",現金,,外国女性,III,佐野,0,
449949,2026/07/03,FJALLRAVEN by 3NITY 京王新宿,23510620X,FJALLRAVEN,23510,Kanken,620,Green,X,1,"13,000","1,300","14,300","13,000","1,300","14,300","13,000",現金,,外国女性,III,佐野,0,
449950,2026/07/03,FJALLRAVEN by 3NITY TOKYO NODE,23344550X,FJALLRAVEN,23344,Raven 20,550,Black,X,1,"16,000",0,"16,000","16,000",0,"16,000","16,000",カード,,外国女性,III,村田,0,
449951,2026/07/03,FJALLRAVEN by 3NITY 大丸心斎橋,RP008,Other,RP008,KANKEN SMU,,,X,1,"2,000",200,"2,200","2,000",200,"2,200","2,000",カード,,外国女性,II,久保,0,
449952,2026/07/03,FJALLRAVEN by 3NITY 京王新宿,23524031X,FJALLRAVEN,23524,Kanken Laptop 15,031,Graphite,X,1,"18,000","1,800","19,800","18,000","1,800","19,800","18,000",現金,,女性,II,佐野,0,
449953,2026/07/03,FJALLRAVEN by 3NITY 大丸心斎橋,23510501X,FJALLRAVEN,23510,Kanken,501,Sky blue,X,1,"13,000","1,300","14,300","13,000","1,300","14,300","13,000",カード,,女性,I,大山,1,143802
449953,2026/07/03,FJALLRAVEN by 3NITY 大丸心斎橋,RP011,Other,RP011,ショッパー(M),,,X,1,50,5,55,50,5,55,50,カード,,女性,I,大山,1,143802
449954,2026/07/03,FJALLRAVEN POPUP NARITA,23510312X,FJALLRAVEN,23510,Kanken,312,Pink,X,1,"13,000",0,"13,000","13,000",0,"13,000","13,000",現金,,外国女性,III,共通ユーザ,0,
449954,2026/07/03,FJALLRAVEN POPUP NARITA,RP011,Other,RP011,ショッパー(M),,,X,1,50,5,55,50,5,55,50,現金,,外国女性,III,共通ユーザ,0,
449955,2026/07/03,6142,RP010,Other,RP010,ショッパー(S),,,X,1,100,10,110,100,10,110,50,現金,,外国女性,III,中尾,0,
449956,2026/07/03,FJALLRAVEN by 3NITY TOKYO NODE,23620550-907X,FJALLRAVEN,23620,Kanken Rainbow,550-907,Black-Rainbow Pattern,X,1,"13,500","1,350","14,850","13,500","1,350","14,850","13,500",複数金種,,女性,IV,村田,1,143803
449957,2026/07/03,FJALLRAVEN STORE 名古屋ファッションワン,86411550-55050/R,FJALLRAVEN,86411,Keb Agile Trousers M,550-550,Black-Black,50/R,1,"27,900","2,790","30,690","27,900","2,790","30,690","31,000",カード,,男性,III,久保,1,125905
449957,2026/07/03,FJALLRAVEN STORE 名古屋ファッションワン,Hokkosai1200X,Other,Hokkosai1200,北狐祭手ぬぐい,,,X,1,600,60,660,600,60,660,"1,200",カード,,男性,III,久保,1,125905
449957,2026/07/03,FJALLRAVEN STORE 名古屋ファッションワン,22006560X,FJALLRAVEN,22006,S/F Scarf,560,Navy,X,1,"5,800",580,"6,380","5,800",580,"6,380","5,800",カード,,男性,III,久保,1,125905
449958,2026/07/03,FJALLRAVEN STORE 名古屋ファッションワン,83516620M,FJALLRAVEN,83516,High Coast Wind Jacket W,620,Green,M,1,"27,500","2,750","30,250","27,500","2,750","30,250","27,500",電子マネー,,女性,IV,久保,1,143804
449959,2026/07/03,FJALLRAVEN by 3NITY TOKYO,23100146620X,FJALLRAVEN,23100146,Singi Mesh Bag,620,Green,X,1,"5,500",550,"6,050","5,500",550,"6,050","5,500",カード,,男性,III,鈴木,1,138509
449959,2026/07/03,FJALLRAVEN by 3NITY TOKYO,23797576X,FJALLRAVEN,23797,Kanken Sling,576,Midnight Purple,X,1,"10,500","1,050","11,550","10,500","1,050","11,550","10,500",カード,,男性,III,鈴木,1,138509
449959,2026/07/03,FJALLRAVEN by 3NITY TOKYO,RP002,Other,RP002,刺繍代,,,X,4,800,80,880,"3,200",320,"3,520",800,カード,,男性,III,鈴木,1,138509
449959,2026/07/03,FJALLRAVEN by 3NITY TOKYO,23710160X,FJALLRAVEN,23710,Kanken Totepack,160,Ochre,X,1,"15,000","1,500","16,500","15,000","1,500","16,500","15,000",カード,,男性,III,鈴木,1,138509
449960,2026/07/03,FJALLRAVEN by 3NITY ルクア大阪,23200303037X,FJALLRAVEN,23200303,Farden Carry-On Pack,037,Coal Black,X,1,"29,000","2,900","31,900","29,000","2,900","31,900","29,000",複数金種,,女性,III,生田,1,143805
449960,2026/07/03,FJALLRAVEN by 3NITY ルクア大阪,RP013,Other,RP013,ショッパー(XL),,,X,1,50,5,55,50,5,55,50,複数金種,,女性,III,生田,1,143805
449962,2026/07/03,FJALLRAVEN by 3NITY ルクア大阪,RP001,Other,RP001,修理代,,,X,1,"2,000",200,"2,200","2,000",200,"2,200",0,現金,,男性,III,生田,0,
449965,2026/07/03,FJALLRAVEN by 3NITY TOKYO NODE,24213030X,FJALLRAVEN,24213,Gear Bag,030,Dark Grey,X,1,"3,300",330,"3,630","3,300",330,"3,630","4,300",複数金種,,男性,IV,村田,1,142251
449965,2026/07/03,FJALLRAVEN by 3NITY TOKYO NODE,23200248000X,FJALLRAVEN,23200248,Samlaren Pack Bags,000,Assorted,X,1,"5,300",530,"5,830","5,300",530,"5,830","5,300",複数金種,,男性,IV,村田,1,142251
449965,2026/07/03,FJALLRAVEN by 3NITY TOKYO NODE,Hokkosai1200X,Other,Hokkosai1200,北狐祭手ぬぐい,,,X,1,600,60,660,600,60,660,"1,200",複数金種,,男性,IV,村田,1,142251
449966,2026/07/03,FJALLRAVEN by 3NITY TOKYO NODE,23523046X,FJALLRAVEN,23523,Kanken Laptop 13,046,Super Grey,X,1,"16,000","1,600","17,600","16,000","1,600","17,600","17,000",複数金種,,女性,V,西村,1,118727
449967,2026/07/03,FJALLRAVEN by 3NITY ルクア大阪,23227623X,FJALLRAVEN,23227,High Coast Crossbody,623,Mountain Green,X,1,"10,000",0,"10,000","10,000",0,"10,000","10,000",電子マネー,,外国女性,IV,生田,0,
449970,2026/07/03,FJALLRAVEN by 3NITY玉川高島屋S・C,23510302X,FJALLRAVEN,23510,Kanken,302,Chalk Rose,X,1,"13,000","1,300","14,300","13,000","1,300","14,300","13,000",現金,,女性,I,神永,0,
449972,2026/07/03,FJALLRAVEN by 3NITY TOKYO NODE,23510021X,FJALLRAVEN,23510,Kanken,021,Fog,X,1,"11,700","1,170","12,870","11,700","1,170","12,870","13,000",カード,,女性,IV,村田,1,135372
449972,2026/07/03,FJALLRAVEN by 3NITY TOKYO NODE,RP011,Other,RP011,ショッパー(M),,,X,1,50,5,55,50,5,55,50,カード,,女性,IV,村田,1,135372
449993,2026/07/04,FJALLRAVEN POPUP NARITA,23561126X,FJALLRAVEN,23561,Kanken Mini,126,Corn,X,1,"12,000",0,"12,000","12,000",0,"12,000","12,000",現金,,外国女性,II,沖山,0,
449994,2026/07/04,FJALLRAVEN POPUP NARITA,TNT034103M,TENNEN,TNT034,天撚Tシャツ/BORO,103,Kinari,M,1,"8,500",850,"9,350","8,500",850,"9,350","8,500",カード,,男性,IV,沖山,0,
450003,2026/07/04,FJALLRAVEN POPUP NARITA,79060X,FJALLRAVEN,79060,Greenland Wax,,,X,1,"1,500",150,"1,650","1,500",150,"1,650","1,500",カード,,外国女性,II,沖山,0,
450005,2026/07/04,FJALLRAVEN by 3NITY ルクア大阪,23200301037X,FJALLRAVEN,23200301,Vardag Shoulder Bag 6,037,Coal Black,X,1,"12,000","1,200","13,200","12,000","1,200","13,200","13,000",電子マネー,,男性,IV,鶴井,1,118588
450006,2026/07/04,FJALLRAVEN POPUP NARITA,TNA04416222-24,TENNEN,TNA044,天撚くつした/WASHI,162,Orange,22-24,1,"2,200",0,"2,200","2,200",0,"2,200","2,200",カード,,外国女性,III,沖山,0,
450006,2026/07/04,FJALLRAVEN POPUP NARITA,TNA04411622-24,TENNEN,TNA044,天撚くつした/WASHI,116,Brown,22-24,1,"2,200",0,"2,200","2,200",0,"2,200","2,200",カード,,外国女性,III,沖山,0,
450006,2026/07/04,FJALLRAVEN POPUP NARITA,TNT036103S,TENNEN,TNT036,天撚Ｔシャツ/HEMP 2.0,103,Kinari,S,1,"13,000",0,"13,000","13,000",0,"13,000","13,000",カード,,外国女性,III,沖山,0,
450007,2026/07/04,FJALLRAVEN by 3NITY玉川高島屋S・C,23510424X,FJALLRAVEN,23510,Kanken,424,Blackberry,X,1,"13,000","1,300","14,300","13,000","1,300","14,300","13,000",カード,,男性,II,森,0,
450008,2026/07/04,FJALLRAVEN by 3NITY ルクア大阪,23510501-115X,FJALLRAVEN,23510,Kanken,501-115,Sky Blue-Light Oak,X,1,"13,000","1,300","14,300","13,000","1,300","14,300","13,000",電子マネー,,女性,III,鶴井,1,143806
450008,2026/07/04,FJALLRAVEN by 3NITY ルクア大阪,RP011,Other,RP011,ショッパー(M),,,X,1,50,5,55,50,5,55,50,電子マネー,,女性,III,鶴井,1,143806
450009,2026/07/04,FJALLRAVEN by 3NITY TOKYO,23523501X,FJALLRAVEN,23523,Kanken Laptop 13,501,Sky Blue,X,1,"17,000","1,700","18,700","17,000","1,700","18,700","17,000",電子マネー,,女性,I,花山,0,
450009,2026/07/04,FJALLRAVEN by 3NITY TOKYO,TNC103182X,TENNEN,TNC103,ジャンボ2ボールチャーム,182,Pastel Pink,X,1,"3,500",350,"3,850","3,500",350,"3,850","3,500",電子マネー,,女性,I,花山,0,
450009,2026/07/04,FJALLRAVEN by 3NITY TOKYO,RP011,Other,RP011,ショッパー(M),,,X,1,50,5,55,50,5,55,50,電子マネー,,女性,I,花山,0,
450010,2026/07/04,FJALLRAVEN by 3NITY SAPPORO HUTTE,Hokkosai1200X,Other,Hokkosai1200,北狐祭手ぬぐい,,,X,1,600,60,660,600,60,660,"1,200",現金,,男性,V,佐藤,1,125755
450011,2026/07/04,FJALLRAVEN by 3NITY ルクア大阪,23510021X,FJALLRAVEN,23510,Kanken,021,Fog,X,1,"13,000","1,300","14,300","13,000","1,300","14,300","13,000",カード,,女性,III,鶴井,1,143807
450011,2026/07/04,FJALLRAVEN by 3NITY ルクア大阪,RP011,Other,RP011,ショッパー(M),,,X,1,50,5,55,50,5,55,50,カード,,女性,III,鶴井,1,143807
450012,2026/07/04,FJALLRAVEN STORE 名古屋ファッションワン,8717655044/R,FJALLRAVEN,87176,Keb Trousers M,550,Black,44/R,1,"32,000","3,200","35,200","32,000","3,200","35,200","32,000",カード,,男性,V,久保,0,
450013,2026/07/04,FJALLRAVEN by 3NITY玉川高島屋S・C,23347300X,FJALLRAVEN,23347,Skule Kids,300,Dusty Rose,X,1,"8,000",800,"8,800","8,000",800,"8,800","8,000",現金,,外国男性,III,森,0,
450014,2026/07/04,FJALLRAVEN by 3NITY TOKYO,23510302X,FJALLRAVEN,23510,Kanken,302,Chalk Rose,X,1,"13,000","1,300","14,300","13,000","1,300","14,300","13,000",カード,,女性,I,鈴木,0,
450014,2026/07/04,FJALLRAVEN by 3NITY TOKYO,RP002,Other,RP002,刺繍代,,,X,1,800,80,880,800,80,880,800,カード,,女性,I,鈴木,0,
450015,2026/07/04,FJALLRAVEN by 3NITY SAPPORO HUTTE,23226623X,FJALLRAVEN,23226,High Coast Pocket,623,Mountain Green,X,1,"5,000",500,"5,500","5,000",500,"5,500","5,000",電子マネー,,女性,II,佐藤,1,143808
450015,2026/07/04,FJALLRAVEN by 3NITY SAPPORO HUTTE,79258620M,FJALLRAVEN,79258,Hatfield Hat,620,Green,M,1,"7,400",740,"8,140","7,400",740,"8,140","7,400",電子マネー,,女性,II,佐藤,1,143808
450016,2026/07/04,FJALLRAVEN by 3NITY TOKYO NODE,23510326X,FJALLRAVEN,23510,Kanken,326,Ox Red,X,1,"13,000","1,300","14,300","13,000","1,300","14,300","13,000",Eコレクト(代引),,女性,I,村田,0,
450016,2026/07/04,FJALLRAVEN by 3NITY TOKYO NODE,FC400,Other,FC400,代引手数料(400),,,X,1,400,40,440,400,40,440,400,Eコレクト(代引),,女性,I,村田,0,
450016,2026/07/04,FJALLRAVEN by 3NITY TOKYO NODE,FC500,Other,FC500,送料,,,X,1,500,50,550,500,50,550,500,Eコレクト(代引),,女性,I,村田,0,
450016,2026/07/04,FJALLRAVEN by 3NITY TOKYO NODE,RP011,Other,RP011,ショッパー(M),,,X,1,50,5,55,50,5,55,50,Eコレクト(代引),,女性,I,村田,0,
450017,2026/07/04,FJALLRAVEN POPUP NARITA,23510457-916X,FJALLRAVEN,23510,Kanken,457-916,Pastel Lavender-Confetti Pattern,X,1,"13,000",0,"13,000","13,000",0,"13,000","13,000",カード,,外国女性,II,共通ユーザ,0,
450018,2026/07/04,FJALLRAVEN by 3NITY SAPPORO HUTTE,23226623X,FJALLRAVEN,23226,High Coast Pocket,623,Mountain Green,X,-1,"5,000",500,"5,500","-5,000",-500,"-5,500","5,000",電子マネー,,女性,II,佐藤,1,143808
450018,2026/07/04,FJALLRAVEN by 3NITY SAPPORO HUTTE,79258620M,FJALLRAVEN,79258,Hatfield Hat,620,Green,M,-1,"7,400",740,"8,140","-7,400",-740,"-8,140","7,400",電子マネー,,女性,II,佐藤,1,143808
450019,2026/07/04,FJALLRAVEN by 3NITY TOKYO,23510501-115X,FJALLRAVEN,23510,Kanken,501-115,Sky Blue-Light Oak,X,1,"13,000","1,300","14,300","13,000","1,300","14,300","13,000",カード,,女性,IV,花山,1,143809
450020,2026/07/04,FJALLRAVEN by 3NITY SAPPORO HUTTE,79258620M,FJALLRAVEN,79258,Hatfield Hat,620,Green,M,1,"7,400",740,"8,140","7,400",740,"8,140","7,400",電子マネー,,女性,II,佐藤,1,143808
450020,2026/07/04,FJALLRAVEN by 3NITY SAPPORO HUTTE,23200306550X,FJALLRAVEN,23200306,Abisko Hip Pack 6,550,Black,X,1,"14,000","1,400","15,400","14,000","1,400","15,400","14,000",電子マネー,,女性,II,佐藤,1,143808
450021,2026/07/04,6142,23200337662X,FJALLRAVEN,23200337,Skule Sling 6,662,Deep Forest,X,1,"9,000",0,"9,000","9,000",0,"9,000","9,000",カード,,外国男性,V,杉原,0,
450022,2026/07/04,FJALLRAVEN by 3NITY TOKYO,Hokkosai1200X,Other,Hokkosai1200,北狐祭手ぬぐい,,,X,1,600,60,660,600,60,660,"1,200",カード,,男性,III,花山,1,138727
450022,2026/07/04,FJALLRAVEN by 3NITY TOKYO,12600232550S,FJALLRAVEN,12600232,Fjallraven Heavy Classic T-shirt M,550,Black,S,1,"6,800",680,"7,480","6,800",680,"7,480","8,000",カード,,男性,III,花山,1,138727
450023,2026/07/04,FJALLRAVEN STORE 名古屋ファッションワン,8689211850,FJALLRAVEN,86892,Vidda Pro Lite Shorts M,118,Fossil,50,1,"15,300","1,530","16,830","15,300","1,530","16,830","18,000",現金,,男性,V,清水,1,127680
450023,2026/07/04,FJALLRAVEN STORE 名古屋ファッションワン,Hokkosai1200X,Other,Hokkosai1200,北狐祭手ぬぐい,,,X,1,600,60,660,600,60,660,"1,200",現金,,男性,V,清水,1,127680
450024,2026/07/04,FJALLRAVEN by 3NITY TOKYO,77297550X,FJALLRAVEN,77297,Canvas Brass Belt 4 cm,550,Black,X,1,"3,300",330,"3,630","3,300",330,"3,630","4,300",カード,,男性,III,花山,1,138727
450025,2026/07/04,FJALLRAVEN by 3NITY ルクア大阪,23346050X,FJALLRAVEN,23346,Skule 28,050,Basalt,X,1,"13,000","1,300","14,300","13,000","1,300","14,300","14,000",複数金種,,女性,II,鶴井,1,134696
450026,2026/07/04,FJALLRAVEN POPUP NARITA,23510600X,FJALLRAVEN,23510,Kanken,600,Mint Green,X,1,"13,000","1,300","14,300","13,000","1,300","14,300","13,000",現金,,女性,II,共通ユーザ,0,
450027,2026/07/04,6142,23524046X,FJALLRAVEN,23524,Kanken Laptop 15,046,Super Grey,X,1,"18,000",0,"18,000","18,000",0,"18,000","18,000",カード,,外国男性,III,杉原,0,
450027,2026/07/04,6142,RP010,Other,RP010,ショッパー(S),,,X,1,100,10,110,100,10,110,50,カード,,外国男性,III,杉原,0,
450028,2026/07/04,FJALLRAVEN STORE 名古屋ファッションワン,13100237577-118S/M,FJALLRAVEN,13100237,Vardag Bucket Hat,577-118,Nimbus Blue-Fossil,S/M,1,"9,000",900,"9,900","9,000",900,"9,900","9,000",電子マネー,,女性,V,久保,1,134473
450028,2026/07/04,FJALLRAVEN STORE 名古屋ファッションワン,14600200030S,FJALLRAVEN,14600200,ovik Hemp Camp Shirt SS W,030,Dark Grey,S,1,"13,050","1,305","14,355","13,050","1,305","14,355","14,500",電子マネー,,女性,V,久保,1,134473
450029,2026/07/04,FJALLRAVEN by 3NITY TOKYO,12600215244S,FJALLRAVEN,12600215,HempBlendT-shirtM,244,Suede Brown,S,1,"4,000",400,"4,400","4,000",400,"4,400","8,000",電子マネー,,男性,IV,共通ユーザ,0,
450030,2026/07/04,FJALLRAVEN by 3NITY SAPPORO HUTTE,24221228X,FJALLRAVEN,24221,Pocket,228,Khaki Dust,X,1,"6,000",600,"6,600","6,000",600,"6,600","6,000",カード,,男性,II,佐藤,0,
450031,2026/07/04,FJALLRAVEN by 3NITY SAPPORO HUTTE,RP010,Other,RP010,ショッパー(S),,,X,1,50,5,55,50,5,55,50,現金,,男性,II,佐藤,0,
450032,2026/07/04,FJALLRAVEN by 3NITY玉川高島屋S・C,23561160X,FJALLRAVEN,23561,Kanken Mini,160,Ochre,X,1,"12,000","1,200","13,200","12,000","1,200","13,200","12,000",カード,,男性,IV,小林,1,143810
450032,2026/07/04,FJALLRAVEN by 3NITY玉川高島屋S・C,TNC101120X,TENNEN,TNC101,2wayジャンボミニサコッシュ Wide,120,Mustard,X,1,"10,000","1,000","11,000","10,000","1,000","11,000","10,000",カード,,男性,IV,小林,1,143810
450032,2026/07/04,FJALLRAVEN by 3NITY玉川高島屋S・C,RP011,Other,RP011,ショッパー(M),,,X,1,50,5,55,50,5,55,50,カード,,男性,IV,小林,1,143810
450032,2026/07/04,FJALLRAVEN by 3NITY玉川高島屋S・C,GIFT400,Other,GIFT400,Gift Wrapping (M),,,X,2,400,40,440,800,80,880,400,カード,,男性,IV,小林,1,143810
450033,2026/07/04,FJALLRAVEN by 3NITY ルクア大阪,23166550X,FJALLRAVEN,23166,Ulvo Hip Pack Large,550,Black,X,1,"10,000",0,"10,000","10,000",0,"10,000","10,000",カード,,外国女性,III,檜作,0,
450034,2026/07/04,FJALLRAVEN POPUP NARITA,TNT034162L,TENNEN,TNT034,天撚Tシャツ/BORO,162,Orange,L,1,"8,500",850,"9,350","8,500",850,"9,350","8,500",現金,,男性,IV,共通ユーザ,0,
450035,2026/07/04,FJALLRAVEN by 3NITY 大丸心斎橋,23223452X,FJALLRAVEN,23223,HighCoastHipPack,452,Lavender Mist,X,1,"6,500",650,"7,150","6,500",650,"7,150","6,500",複数金種,,外国女性,II,志良堂,0,
450036,2026/07/04,FJALLRAVEN by 3NITY 大丸心斎橋,23349662X,FJALLRAVEN,23349,Skule 20,662,Deep Forest,X,1,"12,000","1,200","13,200","12,000","1,200","13,200","12,000",複数金種,,外国男性,II,志良堂,0,
450037,2026/07/04,FJALLRAVEN by 3NITY TOKYO NODE,12600215244M,FJALLRAVEN,12600215,HempBlendT-shirtM,244,Suede Brown,M,1,"3,000",300,"3,300","3,000",300,"3,300","8,000",ポイント,,男性,IV,村田,1,104127
450038,2026/07/04,FJALLRAVEN by 3NITY玉川高島屋S・C,23200337171X,FJALLRAVEN,23200337,Skule Sling 6,171,Red Gold,X,1,"8,000",800,"8,800","8,000",800,"8,800","9,000",カード,,女性,V,森,0,
450039,2026/07/04,FJALLRAVEN by 3NITY TOKYO,78138300S/M,FJALLRAVEN,78138,1960 Logo Langtradarkeps,300,Dusty Rose,S/M,1,"5,500",0,"5,500","5,500",0,"5,500","5,500",カード,,外国男性,V,鈴木,0,
450039,2026/07/04,FJALLRAVEN by 3NITY TOKYO,RP010,Other,RP010,ショッパー(S),,,X,1,50,5,55,50,5,55,50,カード,,外国男性,V,鈴木,0,
450040,2026/07/04,FJALLRAVEN by 3NITY玉川高島屋S・C,23200337171X,FJALLRAVEN,23200337,Skule Sling 6,171,Red Gold,X,1,"8,000",800,"8,800","8,000",800,"8,800","9,000",カード,,女性,V,森,1,140540
450041,2026/07/04,FJALLRAVEN by 3NITY玉川高島屋S・C,23200337171X,FJALLRAVEN,23200337,Skule Sling 6,171,Red Gold,X,-1,"8,000",800,"8,800","-8,000",-800,"-8,800","9,000",カード,,女性,V,共通ユーザ,0,
450042,2026/07/04,FJALLRAVEN by 3NITY TOKYO,23791525X,FJALLRAVEN,23791,Kanken Rain Cover,525,UN Blue,X,1,"3,800",380,"4,180","3,800",380,"4,180","3,800",カード,,外国女性,III,赤根,0,
450043,2026/07/04,FJALLRAVEN by 3NITY SAPPORO HUTTE,81838633S,FJALLRAVEN,81838,Singi Trekking Shirt LS M,633,Dark Olive,S,1,"15,300","1,530","16,830","15,300","1,530","16,830","18,000",複数金種,,男性,II,佐藤,1,125272
450044,2026/07/04,FJALLRAVEN by 3NITY ルクア大阪,82257550M,FJALLRAVEN,82257,Abisko Trail Fleece M,550,Black,M,1,"17,600","1,760","19,360","17,600","1,760","19,360","22,000",カード,,外国男性,III,檜作,1,135607
450045,2026/07/04,FJALLRAVEN by 3NITY TOKYO NODE,23510021-312X,FJALLRAVEN,23510,Kanken,021-312,Fog-Pink,X,1,"13,000","1,300","14,300","13,000","1,300","14,300","13,000",複数金種,,女性,III,村田,1,143811
450045,2026/07/04,FJALLRAVEN by 3NITY TOKYO NODE,RP011,Other,RP011,ショッパー(M),,,X,1,50,5,55,50,5,55,50,複数金種,,女性,III,村田,1,143811
450046,2026/07/04,FJALLRAVEN by 3NITY ルクア大阪,23227550X,FJALLRAVEN,23227,High Coast Crossbody,550,Black,X,1,"10,000","1,000","11,000","10,000","1,000","11,000","10,000",複数金種,,男性,II,檜作,1,143812
450047,2026/07/04,FJALLRAVEN by 3NITY ルクア大阪,23346550X,FJALLRAVEN,23346,Skule 28,550,Black,X,1,"14,000","1,400","15,400","14,000","1,400","15,400","14,000",複数金種,,女性,II,生田,1,143813
450047,2026/07/04,FJALLRAVEN by 3NITY ルクア大阪,RP011,Other,RP011,ショッパー(M),,,X,1,50,5,55,50,5,55,50,複数金種,,女性,II,生田,1,143813
450048,2026/07/04,FJALLRAVEN by 3NITY SAPPORO HUTTE,23200284118X,FJALLRAVEN,23200284,KankenNo.2HipPack,118,Fossil,X,1,"11,000","1,100","12,100","11,000","1,100","12,100","12,000",カード,,男性,IV,佐藤,1,111428
450048,2026/07/04,FJALLRAVEN by 3NITY SAPPORO HUTTE,13100237577-118S/M,FJALLRAVEN,13100237,Vardag Bucket Hat,577-118,Nimbus Blue-Fossil,S/M,1,"9,000",900,"9,900","9,000",900,"9,900","9,000",カード,,男性,IV,佐藤,1,111428
450048,2026/07/04,FJALLRAVEN by 3NITY SAPPORO HUTTE,Hokkosai1200X,Other,Hokkosai1200,北狐祭手ぬぐい,,,X,1,600,60,660,600,60,660,"1,200",カード,,男性,IV,佐藤,1,111428
450048,2026/07/04,FJALLRAVEN by 3NITY SAPPORO HUTTE,12600328111S,FJALLRAVEN,12600328,Archive Logo T-Shirt M,111,Eggshell,S,1,"6,800",680,"7,480","6,800",680,"7,480","8,000",カード,,男性,IV,佐藤,1,111428
450048,2026/07/04,FJALLRAVEN by 3NITY SAPPORO HUTTE,TNT030111L,TENNEN,TNT030,天撚Tシャツ/GIZA COTTON,111,Black,L,1,"9,775",978,"10,753","9,775",978,"10,753","11,500",カード,,男性,IV,佐藤,1,111428
450049,2026/07/04,FJALLRAVEN by 3NITY TOKYO,23510118X,FJALLRAVEN,23510,Kanken,118,Fossil,X,1,"13,000","1,300","14,300","13,000","1,300","14,300","13,000",現金,,外国女性,II,赤根,0,
450049,2026/07/04,FJALLRAVEN by 3NITY TOKYO,RP011,Other,RP011,ショッパー(M),,,X,1,50,5,55,50,5,55,50,現金,,外国女性,II,赤根,0,
450050,2026/07/04,FJALLRAVEN by 3NITY ルクア大阪,23225221X,FJALLRAVEN,23225,High Coast Totepack,221,Clay,X,1,"8,000",800,"8,800","8,000",800,"8,800","13,000",カード,,女性,IV,生田,1,113930
450051,2026/07/04,FJALLRAVEN by 3NITY ルクア大阪,23510501-115X,FJALLRAVEN,23510,Kanken,501-115,Sky Blue-Light Oak,X,1,"13,000","1,300","14,300","13,000","1,300","14,300","13,000",カード,,女性,II,生田,1,143814
450051,2026/07/04,FJALLRAVEN by 3NITY ルクア大阪,RP011,Other,RP011,ショッパー(M),,,X,1,50,5,55,50,5,55,50,カード,,女性,II,生田,1,143814
450052,2026/07/04,FJALLRAVEN by 3NITY玉川高島屋S・C,23802620X,FJALLRAVEN,23802,Kanken Weekender,620,Green,X,1,"28,000","2,800","30,800","28,000","2,800","30,800","28,000",電子マネー,,男性,IV,森,1,143815
450052,2026/07/04,FJALLRAVEN by 3NITY玉川高島屋S・C,23200331623X,FJALLRAVEN,23200331,High Coast Tote 30,623,Mountain Green,X,1,"19,000","1,900","20,900","19,000","1,900","20,900","19,000",電子マネー,,男性,IV,森,1,143815
450052,2026/07/04,FJALLRAVEN by 3NITY玉川高島屋S・C,RP012,Other,RP012,ショッパー(L),,,X,1,50,5,55,50,5,55,50,電子マネー,,男性,IV,森,1,143815
450053,2026/07/04,FJALLRAVEN POPUP NARITA,23200330550X,FJALLRAVEN,23200330,High Coast Backpack 24,550,Black,X,1,"17,000",0,"17,000","17,000",0,"17,000","17,000",現金,,外国男性,III,共通ユーザ,0,
450054,2026/07/04,FJALLRAVEN by 3NITY ルクア大阪,23226614X,FJALLRAVEN,23226,High Coast Pocket,614,Patina Green,X,1,"4,500",450,"4,950","4,500",450,"4,950","5,000",電子マネー,,女性,IV,生田,1,142548
450055,2026/07/04,FJALLRAVEN by 3NITY 京王新宿,23621302-907X,FJALLRAVEN,23621,KankenRainbowMini,302-907,Chalk Rose-Rainbow,X,1,"12,500","1,250","13,750","12,500","1,250","13,750","12,500",現金,,男性,III,佐野,1,143816
450055,2026/07/04,FJALLRAVEN by 3NITY 京王新宿,23525550X,FJALLRAVEN,23525,Kanken Laptop 17,550,Black,X,1,"19,000","1,900","20,900","19,000","1,900","20,900","19,000",現金,,男性,III,佐野,1,143816
450056,2026/07/04,FJALLRAVEN POPUP NARITA,77357633L/XL,FJALLRAVEN,77357,Vidda Cap,633,Dark Olive,L/XL,1,"6,200",0,"6,200","6,200",0,"6,200","6,200",カード,,外国男性,IV,共通ユーザ,0,
450057,2026/07/04,FJALLRAVEN STORE 名古屋ファッションワン,81838633S,FJALLRAVEN,81838,Singi Trekking Shirt LS M,633,Dark Olive,S,1,"15,300","1,530","16,830","15,300","1,530","16,830","18,000",カード,,男性,V,久保,1,118009
450057,2026/07/04,FJALLRAVEN STORE 名古屋ファッションワン,89892662-625S,FJALLRAVEN,89892,Keb Jacket W,662-625,Deep Forest-Laurel Green,S,1,"38,250","3,825","42,075","38,250","3,825","42,075","45,000",カード,,男性,V,久保,1,118009
450057,2026/07/04,FJALLRAVEN STORE 名古屋ファッションワン,24220679X,FJALLRAVEN,24220,Passport Wallet,679,Deep Patina,X,1,"7,300",730,"8,030","7,300",730,"8,030","7,300",カード,,男性,V,久保,1,118009
450057,2026/07/04,FJALLRAVEN STORE 名古屋ファッションワン,23200339662X,FJALLRAVEN,23200339,Vardag Pocket Large,662,Deep Forest,X,1,"9,000",900,"9,900","9,000",900,"9,900","9,000",カード,,男性,V,久保,1,118009
450058,2026/07/04,FJALLRAVEN by 3NITY TOKYO,23344050X,FJALLRAVEN,23344,Raven 20,050,Basalt,X,1,"16,000","1,600","17,600","16,000","1,600","17,600","16,000",電子マネー,,男性,II,赤根,1,143817
450058,2026/07/04,FJALLRAVEN by 3NITY TOKYO,RP011,Other,RP011,ショッパー(M),,,X,1,50,5,55,50,5,55,50,電子マネー,,男性,II,赤根,1,143817
450059,2026/07/04,FJALLRAVEN by 3NITY ルクア大阪,23200266221X,FJALLRAVEN,23200266,High Coast Duffel 22,221,Clay,X,1,"13,000","1,300","14,300","13,000","1,300","14,300","14,000",カード,,女性,IV,鶴井,1,122212
450060,2026/07/04,FJALLRAVEN POPUP NARITA,23223221X,FJALLRAVEN,23223,High Coast Hip Pack,221,Clay,X,1,"6,500",0,"6,500","6,500",0,"6,500","6,500",カード,,外国女性,IV,共通ユーザ,0,
450060,2026/07/04,FJALLRAVEN POPUP NARITA,77407626S/M,FJALLRAVEN,77407,Lappland Camo Cap,626,Green Camo,S/M,1,"6,200",0,"6,200","6,200",0,"6,200","6,200",カード,,外国女性,IV,共通ユーザ,0,
450061,2026/07/04,FJALLRAVEN by 3NITY ルクア大阪,23200335550X,FJALLRAVEN,23200335,Skule 24,550,Black,X,1,"13,000",0,"13,000","13,000",0,"13,000","13,000",カード,,外国女性,II,檜作,0,
450062,2026/07/04,FJALLRAVEN by 3NITY SAPPORO HUTTE,Hokkosai1200X,Other,Hokkosai1200,北狐祭手ぬぐい,,,X,1,600,60,660,600,60,660,"1,200",カード,,男性,III,佐藤,1,143818
450062,2026/07/04,FJALLRAVEN by 3NITY SAPPORO HUTTE,77292633S/M,FJALLRAVEN,77292,Singi Gaiters,633,Dark Olive,S/M,1,"12,500","1,250","13,750","12,500","1,250","13,750","12,500",カード,,男性,III,佐藤,1,143818
450062,2026/07/04,FJALLRAVEN by 3NITY SAPPORO HUTTE,12500171550M,FJALLRAVEN,12500171,Bergtagen Windshell Jacket M,550,Black,M,1,"29,000","2,900","31,900","29,000","2,900","31,900","29,000",カード,,男性,III,佐藤,1,143818
450062,2026/07/04,FJALLRAVEN by 3NITY SAPPORO HUTTE,GIFT400,Other,GIFT400,Gift Wrapping (M),,,X,2,400,40,440,800,80,880,400,カード,,男性,III,佐藤,1,143818
450062,2026/07/04,FJALLRAVEN by 3NITY SAPPORO HUTTE,GIFT500,Other,GIFT500,Gift Wrapping (L),,,X,1,500,50,550,500,50,550,500,カード,,男性,III,佐藤,1,143818
450063,2026/07/04,FJALLRAVEN by 3NITY ルクア大阪,23505550X,FJALLRAVEN,23505,Kanken Shoulder Pads,550,Black,X,1,"3,500",350,"3,850","3,500",350,"3,850","3,500",電子マネー,,外国女性,II,檜作,0,
450064,2026/07/04,FJALLRAVEN by 3NITY ルクア大阪,23803238X,FJALLRAVEN,23803,Kanken no. 2 Laptop 15,238,Hazel Brown,X,1,"24,000","2,400","26,400","24,000","2,400","26,400","24,000",カード,,女性,II,鶴井,1,143819
450064,2026/07/04,FJALLRAVEN by 3NITY ルクア大阪,79030X,FJALLRAVEN,79030,Greenland Wax travel pack,,,X,1,850,85,935,850,85,935,850,カード,,女性,II,鶴井,1,143819
450065,2026/07/04,FJALLRAVEN STORE 名古屋ファッションワン,23510312X,FJALLRAVEN,23510,Kanken,312,Pink,X,1,"13,000","1,300","14,300","13,000","1,300","14,300","13,000",電子マネー,,外国女性,III,清水,0,
450065,2026/07/04,FJALLRAVEN STORE 名古屋ファッションワン,GIFT500,Other,GIFT500,Gift Wrapping (L),,,X,1,500,50,550,500,50,550,500,電子マネー,,外国女性,III,清水,0,
450065,2026/07/04,FJALLRAVEN STORE 名古屋ファッションワン,RP011,Other,RP011,ショッパー(M),,,X,1,50,5,55,50,5,55,50,電子マネー,,外国女性,III,清水,0,
450066,2026/07/04,FJALLRAVEN by 3NITY ルクア大阪,23561326X,FJALLRAVEN,23561,Kanken Mini,326,Ox Red,X,1,"11,000","1,100","12,100","11,000","1,100","12,100","12,000",カード,,男性,III,生田,1,114659
450066,2026/07/04,FJALLRAVEN by 3NITY ルクア大阪,23798030X,FJALLRAVEN,23798,Kanken Seat Pad Mini,030,Dark Grey,X,1,900,90,990,900,90,990,900,カード,,男性,III,生田,1,114659
450066,2026/07/04,FJALLRAVEN by 3NITY ルクア大阪,GIFT400,Other,GIFT400,Gift Wrapping (M),,,X,1,400,40,440,400,40,440,400,カード,,男性,III,生田,1,114659
450067,2026/07/04,FJALLRAVEN by 3NITY TOKYO NODE,23510457X,FJALLRAVEN,23510,Kanken,457,Pastel Lavender,X,1,"13,000","1,300","14,300","13,000","1,300","14,300","13,000",複数金種,,女性,I,村田,1,143820
450068,2026/07/04,FJALLRAVEN by 3NITY TOKYO,23200395550X,FJALLRAVEN,23200395,Kanken Crossbody,550,Black,X,1,"12,500","1,250","13,750","12,500","1,250","13,750","12,500",現金,,男性,IV,花山,0,
450069,2026/07/04,FJALLRAVEN by 3NITY TOKYO NODE,23561501X,FJALLRAVEN,23561,Kanken Mini,501,Sky blue,X,1,"12,000","1,200","13,200","12,000","1,200","13,200","12,000",複数金種,,女性,I,村田,1,143821
450070,2026/07/04,FJALLRAVEN by 3NITY玉川高島屋S・C,23510302X,FJALLRAVEN,23510,Kanken,302,Chalk Rose,X,1,"13,000","1,300","14,300","13,000","1,300","14,300","13,000",カード,,女性,IV,小林,1,１４３８２２
450070,2026/07/04,FJALLRAVEN by 3NITY玉川高島屋S・C,RP011,Other,RP011,ショッパー(M),,,X,1,50,5,55,50,5,55,50,カード,,女性,IV,小林,1,１４３８２２
450071,2026/07/04,FJALLRAVEN by 3NITY 京王新宿,23525501X,FJALLRAVEN,23525,Kanken Laptop 17,501,Sky Blue,X,1,"19,000","1,900","20,900","19,000","1,900","20,900","19,000",現金,,男性,V,佐野,1,１４３８２３
450071,2026/07/04,FJALLRAVEN by 3NITY 京王新宿,RP011,Other,RP011,ショッパー(M),,,X,1,50,5,55,50,5,55,50,現金,,男性,V,佐野,1,１４３８２３
450072,2026/07/04,FJALLRAVEN by 3NITY玉川高島屋S・C,23510540X,FJALLRAVEN,23510,Kanken,540,Royal Blue,X,1,"13,000","1,300","14,300","13,000","1,300","14,300","13,000",カード,,女性,I,小林,0,
450072,2026/07/04,FJALLRAVEN by 3NITY玉川高島屋S・C,RP011,Other,RP011,ショッパー(M),,,X,1,50,5,55,50,5,55,50,カード,,女性,I,小林,0,
450073,2026/07/04,FJALLRAVEN by 3NITY SAPPORO HUTTE,24220633X,FJALLRAVEN,24220,Passport Wallet,633,Dark Olive,X,1,"7,300",730,"8,030","7,300",730,"8,030","7,300",電子マネー,,男性,II,佐藤,1,143824
450073,2026/07/04,FJALLRAVEN by 3NITY SAPPORO HUTTE,77297633X,FJALLRAVEN,77297,Canvas Brass Belt 4 cm,633,Dark Olive,X,1,"4,300",430,"4,730","4,300",430,"4,730","4,300",電子マネー,,男性,II,佐藤,1,143824
450073,2026/07/04,FJALLRAVEN by 3NITY SAPPORO HUTTE,79258244XL,FJALLRAVEN,79258,HatfieldHat,244,Suede Brown,XL,1,"7,400",740,"8,140","7,400",740,"8,140","7,400",電子マネー,,男性,II,佐藤,1,143824
450073,2026/07/04,FJALLRAVEN by 3NITY SAPPORO HUTTE,8717963350,FJALLRAVEN,87179,Barents Pro Trousers M,633,Dark Olive,50,1,"24,000","2,400","26,400","24,000","2,400","26,400","24,000",電子マネー,,男性,II,佐藤,1,143824
450073,2026/07/04,FJALLRAVEN by 3NITY SAPPORO HUTTE,Hokkosai1200X,Other,Hokkosai1200,北狐祭手ぬぐい,,,X,1,600,60,660,600,60,660,"1,200",電子マネー,,男性,II,佐藤,1,143824
450073,2026/07/04,FJALLRAVEN by 3NITY SAPPORO HUTTE,79060X,FJALLRAVEN,79060,Greenland Wax,,,X,1,"1,500",150,"1,650","1,500",150,"1,650","1,500",電子マネー,,男性,II,佐藤,1,143824
450074,2026/07/04,FJALLRAVEN by 3NITY TOKYO NODE,23797457X,FJALLRAVEN,23797,Kanken Sling,457,Pastel Lavender,X,1,"10,500","1,050","11,550","10,500","1,050","11,550","10,500",複数金種,,女性,I,江越,1,143825
450074,2026/07/04,FJALLRAVEN by 3NITY TOKYO NODE,RP010,Other,RP010,ショッパー(S),,,X,1,50,5,55,50,5,55,50,複数金種,,女性,I,江越,1,143825
450075,2026/07/04,FJALLRAVEN by 3NITY玉川高島屋S・C,23510457X,FJALLRAVEN,23510,Kanken,457,Pastel Lavender,X,1,"13,000","1,300","14,300","13,000","1,300","14,300","13,000",電子マネー,,女性,I,小林,1,１４３８２６
450075,2026/07/04,FJALLRAVEN by 3NITY玉川高島屋S・C,RP011,Other,RP011,ショッパー(M),,,X,1,50,5,55,50,5,55,50,電子マネー,,女性,I,小林,1,１４３８２６
450076,2026/07/04,FJALLRAVEN by 3NITY SAPPORO HUTTE,RP013,Other,RP013,ショッパー(XL),,,X,1,50,5,55,50,5,55,50,現金,,男性,II,佐藤,1,143824
450077,2026/07/04,FJALLRAVEN by 3NITY玉川高島屋S・C,23510560X,FJALLRAVEN,23510,Kanken,560,Navy,X,1,"13,000","1,300","14,300","13,000","1,300","14,300","13,000",カード,,女性,III,小林,0,
450077,2026/07/04,FJALLRAVEN by 3NITY玉川高島屋S・C,RP011,Other,RP011,ショッパー(M),,,X,1,50,5,55,50,5,55,50,カード,,女性,III,小林,0,
450078,2026/07/04,FJALLRAVEN by 3NITY ルクア大阪,Hokkosai1200X,Other,Hokkosai1200,北狐祭手ぬぐい,,,X,1,600,60,660,600,60,660,"1,200",電子マネー,,男性,V,檜作,1,129681
450079,2026/07/04,FJALLRAVEN STORE 名古屋ファッションワン,23510457X,FJALLRAVEN,23510,Kanken,457,Pastel Lavender,X,2,"13,000","1,300","14,300","26,000","2,600","28,600","13,000",現金,,女性,I,清水,0,
450079,2026/07/04,FJALLRAVEN STORE 名古屋ファッションワン,RP011,Other,RP011,ショッパー(M),,,X,2,50,5,55,100,10,110,50,現金,,女性,I,清水,0,
450080,2026/07/04,FJALLRAVEN by 3NITY SAPPORO HUTTE,GIFT300,Other,GIFT300,Gift Wrapping (S),,,X,1,300,30,330,300,30,330,300,電子マネー,,男性,II,佐藤,1,143827
450080,2026/07/04,FJALLRAVEN by 3NITY SAPPORO HUTTE,10003006X,Shimokap,10003,タッチウッドミニ-サクラ,006,キャメル,X,2,600,60,660,"1,200",120,"1,320",600,電子マネー,,男性,II,佐藤,1,143827
450081,2026/07/04,FJALLRAVEN by 3NITY TOKYO NODE,87153674XS,FJALLRAVEN,87153,Fox Boxy Logo Tee W,674,Misty Green,XS,1,"6,500",650,"7,150","6,500",650,"7,150","6,500",複数金種,,女性,III,江越,1,143828
450081,2026/07/04,FJALLRAVEN by 3NITY TOKYO NODE,GIFT300,Other,GIFT300,Gift Wrapping (S),,,X,1,300,30,330,300,30,330,300,複数金種,,女性,III,江越,1,143828
450082,2026/07/04,FJALLRAVEN by 3NITY ルクア大阪,23344050X,FJALLRAVEN,23344,Raven 20,050,Basalt,X,1,"16,000","1,600","17,600","16,000","1,600","17,600","16,000",複数金種,,女性,V,檜作,0,
450082,2026/07/04,FJALLRAVEN by 3NITY ルクア大阪,RP011,Other,RP011,ショッパー(M),,,X,1,50,5,55,50,5,55,50,複数金種,,女性,V,檜作,0,
450083,2026/07/04,FJALLRAVEN by 3NITY TOKYO,23524550X,FJALLRAVEN,23524,Kanken Laptop 15,550,Black,X,1,"18,000","1,800","19,800","18,000","1,800","19,800","18,000",カード,,女性,IV,花山,1,143829
450083,2026/07/04,FJALLRAVEN by 3NITY TOKYO,RP011,Other,RP011,ショッパー(M),,,X,1,50,5,55,50,5,55,50,カード,,女性,IV,花山,1,143829
450084,2026/07/04,FJALLRAVEN by 3NITY TOKYO,23510302X,FJALLRAVEN,23510,Kanken,302,Chalk Rose,X,1,"13,000","1,300","14,300","13,000","1,300","14,300","13,000",現金,,女性,IV,木村,0,
450085,2026/07/04,FJALLRAVEN by 3NITY TOKYO,23510302X,FJALLRAVEN,23510,Kanken,302,Chalk Rose,X,1,"13,000","1,300","14,300","13,000","1,300","14,300","13,000",電子マネー,,女性,IV,木村,0,
450085,2026/07/04,FJALLRAVEN by 3NITY TOKYO,RP002,Other,RP002,刺繍代,,,X,1,800,80,880,800,80,880,800,電子マネー,,女性,IV,木村,0,
450086,2026/07/04,FJALLRAVEN STORE 名古屋ファッションワン,23565550X,FJALLRAVEN,23565,Kanken No.2,550,Black,X,1,"18,000","1,800","19,800","18,000","1,800","19,800","20,000",複数金種,,女性,V,清水,1,135401
450087,2026/07/04,FJALLRAVEN by 3NITY玉川高島屋S・C,23510501-115X,FJALLRAVEN,23510,Kanken,501-115,Sky Blue-Light Oak,X,1,"13,000","1,300","14,300","13,000","1,300","14,300","13,000",電子マネー,,女性,I,森,0,
450087,2026/07/04,FJALLRAVEN by 3NITY玉川高島屋S・C,RP011,Other,RP011,ショッパー(M),,,X,1,50,5,55,50,5,55,50,電子マネー,,女性,I,森,0,
450088,2026/07/04,FJALLRAVEN by 3NITY 京王新宿,84783300-118S/M,FJALLRAVEN,84783,Reversible Bucket Hat,300-118,Dusty Rose-Fossil,S/M,1,"7,400",740,"8,140","7,400",740,"8,140","7,400",現金,,女性,V,永山,0,
450089,2026/07/04,FJALLRAVEN STORE 名古屋ファッションワン,23510501-115X,FJALLRAVEN,23510,Kanken,501-115,Sky Blue-Light Oak,X,1,"13,000","1,300","14,300","13,000","1,300","14,300","13,000",現金,,女性,III,清水,1,143830
450090,2026/07/04,FJALLRAVEN by 3NITY TOKYO NODE,23510312X,FJALLRAVEN,23510,Kanken,312,Pink,X,1,"13,000","1,300","14,300","13,000","1,300","14,300","13,000",複数金種,,女性,IV,村田,1,143831
450090,2026/07/04,FJALLRAVEN by 3NITY TOKYO NODE,RP011,Other,RP011,ショッパー(M),,,X,1,50,5,55,50,5,55,50,複数金種,,女性,IV,村田,1,143831
450091,2026/07/04,FJALLRAVEN by 3NITY TOKYO,23510302X,FJALLRAVEN,23510,Kanken,302,Chalk Rose,X,-1,"13,000","1,300","14,300","-13,000","-1,300","-14,300","13,000",現金,,女性,IV,共通ユーザ,0,
450092,2026/07/04,FJALLRAVEN by 3NITY ルクア大阪,Hokkosai1200X,Other,Hokkosai1200,北狐祭手ぬぐい,,,X,1,600,60,660,600,60,660,"1,200",カード,,女性,II,生田,0,
450093,2026/07/04,FJALLRAVEN by 3NITY 大丸心斎橋,23222207X,FJALLRAVEN,23222,High Coast Foldsack 24,207,Sunset Orange,X,1,"14,500","1,450","15,950","14,500","1,450","15,950","14,500",複数金種,,外国男性,V,片岡,0,
450094,2026/07/04,FJALLRAVEN by 3NITY 京王新宿,12600249555M,FJALLRAVEN,12600249,High Coast Pack Shirt SS M,555,Dark Navy,M,1,"19,500","1,950","21,450","19,500","1,950","21,450","19,500",現金,,男性,III,永山,0,
450094,2026/07/04,FJALLRAVEN by 3NITY 京王新宿,12600249625M,FJALLRAVEN,12600249,High Coast Pack Shirt SS M,625,Laurel Green,M,1,"19,500","1,950","21,450","19,500","1,950","21,450","19,500",現金,,男性,III,永山,0,
450095,2026/07/04,FJALLRAVEN STORE 名古屋ファッションワン,23510312X,FJALLRAVEN,23510,Kanken,312,Pink,X,1,"13,000","1,300","14,300","13,000","1,300","14,300","13,000",現金,,女性,V,清水,0,
450095,2026/07/04,FJALLRAVEN STORE 名古屋ファッションワン,RP011,Other,RP011,ショッパー(M),,,X,1,50,5,55,50,5,55,50,現金,,女性,V,清水,0,
450096,2026/07/04,FJALLRAVEN by 3NITY TOKYO,86411550-55050/R,FJALLRAVEN,86411,Keb Agile Trousers M,550-550,Black-Black,50/R,1,"26,350","2,635","28,985","26,350","2,635","28,985","31,000",カード,,男性,III,木村,1,117860
450096,2026/07/04,FJALLRAVEN by 3NITY TOKYO,Hokkosai1200X,Other,Hokkosai1200,北狐祭手ぬぐい,,,X,1,600,60,660,600,60,660,"1,200",カード,,男性,III,木村,1,117860
450096,2026/07/04,FJALLRAVEN by 3NITY TOKYO,77297550X,FJALLRAVEN,77297,Canvas Brass Belt 4 cm,550,Black,X,1,"4,300",430,"4,730","4,300",430,"4,730","4,300",カード,,男性,III,木村,1,117860
450096,2026/07/04,FJALLRAVEN by 3NITY TOKYO,RP011,Other,RP011,ショッパー(M),,,X,1,50,5,55,50,5,55,50,カード,,男性,III,木村,1,117860
450097,2026/07/04,FJALLRAVEN by 3NITY SAPPORO HUTTE,23345050X,FJALLRAVEN,23345,Raven 28,050,Basalt,X,1,"19,000","1,900","20,900","19,000","1,900","20,900","19,000",カード,,外国男性,II,佐藤,1,143832
450097,2026/07/04,FJALLRAVEN by 3NITY SAPPORO HUTTE,Hokkosai1200X,Other,Hokkosai1200,北狐祭手ぬぐい,,,X,1,600,60,660,600,60,660,"1,200",カード,,外国男性,II,佐藤,1,143832
450098,2026/07/04,FJALLRAVEN by 3NITY TOKYO,23510312X,FJALLRAVEN,23510,Kanken,312,Pink,X,1,"13,000","1,300","14,300","13,000","1,300","14,300","13,000",カード,,女性,II,花山,0,
450098,2026/07/04,FJALLRAVEN by 3NITY TOKYO,GIFT500,Other,GIFT500,Gift Wrapping (L),,,X,1,500,50,550,500,50,550,500,カード,,女性,II,花山,0,
450098,2026/07/04,FJALLRAVEN by 3NITY TOKYO,RP012,Other,RP012,ショッパー(L),,,X,1,50,5,55,50,5,55,50,カード,,女性,II,花山,0,
450099,2026/07/04,FJALLRAVEN by 3NITY TOKYO NODE,13100211111L,FJALLRAVEN,13100211,Fjallraven Wool Sock,111,Eggshell,L,1,"4,000",400,"4,400","4,000",400,"4,400","5,000",複数金種,,男性,III,江越,1,137832
450099,2026/07/04,FJALLRAVEN by 3NITY TOKYO NODE,12600320620L,FJALLRAVEN,12600320,Fjallraven Relaxed T-Shirt M,620,Green,L,1,"7,650",765,"8,415","7,650",765,"8,415","9,000",複数金種,,男性,III,江越,1,137832
450099,2026/07/04,FJALLRAVEN by 3NITY TOKYO NODE,8475603052,FJALLRAVEN,84756,Travellers MT Shorts M,030,Dark Grey,52,1,"14,450","1,445","15,895","14,450","1,445","15,895","17,000",複数金種,,男性,III,江越,1,137832
450099,2026/07/04,FJALLRAVEN by 3NITY TOKYO NODE,10002X,Shimokap,10002,ジップタブ,,,X,1,500,50,550,500,50,550,500,複数金種,,男性,III,江越,1,137832
450099,2026/07/04,FJALLRAVEN by 3NITY TOKYO NODE,RP011,Other,RP011,ショッパー(M),,,X,1,50,5,55,50,5,55,50,複数金種,,男性,III,江越,1,137832
450099,2026/07/04,FJALLRAVEN by 3NITY TOKYO NODE,77352633X,FJALLRAVEN,77352,G1000 Seat Pad,633,Dark Olive,X,1,"4,000",400,"4,400","4,000",400,"4,400","4,000",複数金種,,男性,III,江越,1,137832
450100,2026/07/04,FJALLRAVEN by 3NITY ルクア大阪,23227221X,FJALLRAVEN,23227,High Coast Crossbody,221,Clay,X,1,"10,000","1,000","11,000","10,000","1,000","11,000","10,000",電子マネー,,男性,IV,生田,0,
450101,2026/07/04,FJALLRAVEN by 3NITY 京王新宿,23510302X,FJALLRAVEN,23510,Kanken,302,Chalk Rose,X,1,"13,000","1,300","14,300","13,000","1,300","14,300","13,000",現金,,女性,IV,永山,0,
450101,2026/07/04,FJALLRAVEN by 3NITY 京王新宿,RP011,Other,RP011,ショッパー(M),,,X,1,50,5,55,50,5,55,50,現金,,女性,IV,永山,0,
450102,2026/07/04,FJALLRAVEN by 3NITY TOKYO NODE,23523046X,FJALLRAVEN,23523,Kanken Laptop 13,046,Super Grey,X,1,"17,000","1,700","18,700","17,000","1,700","18,700","17,000",現金,,外国女性,II,村田,0,
450102,2026/07/04,FJALLRAVEN by 3NITY TOKYO NODE,TNC103179X,TENNEN,TNC103,ジャンボ2ボールチャーム,179,Aloe,X,1,"3,500",350,"3,850","3,500",350,"3,850","3,500",現金,,外国女性,II,村田,0,
450103,2026/07/04,FJALLRAVEN by 3NITY ルクア大阪,23797501X,FJALLRAVEN,23797,Kanken Sling,501,Sky Blue,X,1,"10,500","1,050","11,550","10,500","1,050","11,550","10,500",カード,,女性,III,鶴井,0,
450104,2026/07/04,FJALLRAVEN by 3NITY玉川高島屋S・C,27240550X,FJALLRAVEN,27240,Vardag Totepack,550,Black,X,1,"12,500","1,250","13,750","12,500","1,250","13,750","12,500",カード,,女性,IV,森,0,
450104,2026/07/04,FJALLRAVEN by 3NITY玉川高島屋S・C,RP012,Other,RP012,ショッパー(L),,,X,1,50,5,55,50,5,55,50,カード,,女性,IV,森,0,
450105,2026/07/04,FJALLRAVEN STORE 名古屋ファッションワン,23510550X,FJALLRAVEN,23510,Kanken,550,Black,X,1,"11,700","1,170","12,870","11,700","1,170","12,870","13,000",カード,,女性,III,清水,1,141874
450105,2026/07/04,FJALLRAVEN STORE 名古屋ファッションワン,RP011,Other,RP011,ショッパー(M),,,X,1,50,5,55,50,5,55,50,カード,,女性,III,清水,1,141874
450106,2026/07/04,FJALLRAVEN by 3NITY TOKYO NODE,23523046X,FJALLRAVEN,23523,Kanken Laptop 13,046,Super Grey,X,1,"17,000",0,"17,000","17,000",0,"17,000","17,000",カード,,外国女性,II,村田,0,
450106,2026/07/04,FJALLRAVEN by 3NITY TOKYO NODE,TNC103179X,TENNEN,TNC103,ジャンボ2ボールチャーム,179,Aloe,X,1,"3,500",0,"3,500","3,500",0,"3,500","3,500",カード,,外国女性,II,村田,0,
450107,2026/07/04,6142,23346550X,FJALLRAVEN,23346,Skule 28,550,Black,X,1,"14,000","1,400","15,400","14,000","1,400","15,400","14,000",電子マネー,,男性,II,杉原,0,
450108,2026/07/04,FJALLRAVEN by 3NITY TOKYO,23510501-115X,FJALLRAVEN,23510,Kanken,501-115,Sky Blue-Light Oak,X,1,"13,000","1,300","14,300","13,000","1,300","14,300","13,000",カード,,女性,I,鈴木,1,143833
450108,2026/07/04,FJALLRAVEN by 3NITY TOKYO,23510664X,FJALLRAVEN,23510,Kanken,664,Frost Green,X,1,"13,000","1,300","14,300","13,000","1,300","14,300","13,000",カード,,女性,I,鈴木,1,143833
450108,2026/07/04,FJALLRAVEN by 3NITY TOKYO,23510457X,FJALLRAVEN,23510,Kanken,457,Pastel Lavender,X,1,"13,000","1,300","14,300","13,000","1,300","14,300","13,000",カード,,女性,I,鈴木,1,143833
450108,2026/07/04,FJALLRAVEN by 3NITY TOKYO,RP012,Other,RP012,ショッパー(L),,,X,1,50,5,55,50,5,55,50,カード,,女性,I,鈴木,1,143833
450109,2026/07/04,FJALLRAVEN by 3NITY TOKYO NODE,23561501-115X,FJALLRAVEN,23561,Kanken Mini,501-115,Sky Blue-Light Oak,X,1,"12,000",0,"12,000","12,000",0,"12,000","12,000",カード,,外国女性,I,江越,0,
450109,2026/07/04,FJALLRAVEN by 3NITY TOKYO NODE,23506021X,FJALLRAVEN,23506,Kanken Mini Shoulder Pads,021,Fog,X,1,"3,000",0,"3,000","3,000",0,"3,000","3,000",カード,,外国女性,I,江越,0,
450110,2026/07/04,FJALLRAVEN by 3NITY TOKYO,13600016113M,FJALLRAVEN,13600016,Rainbow T-Shirt,113,Chalk White,M,1,"9,900",990,"10,890","9,900",990,"10,890","11,000",カード,,女性,IV,宮下,1,117805
450110,2026/07/04,FJALLRAVEN by 3NITY TOKYO,Hokkosai1200X,Other,Hokkosai1200,北狐祭手ぬぐい,,,X,1,600,60,660,600,60,660,"1,200",カード,,女性,IV,宮下,1,117805
450111,2026/07/04,FJALLRAVEN STORE 名古屋ファッションワン,24244550X,FJALLRAVEN,24244,Splitpack,550,Black,X,1,"21,600","2,160","23,760","21,600","2,160","23,760","24,000",カード,,女性,II,清水,1,141707
450112,2026/07/04,FJALLRAVEN by 3NITY TOKYO NODE,87146514S,FJALLRAVEN,87146,FjallravenLogoTeeW,514,Breeze Blue,S,1,"6,500",0,"6,500","6,500",0,"6,500","6,500",カード,,外国男性,II,村田,0,
450113,2026/07/04,FJALLRAVEN by 3NITY 京王新宿,13600016113L,FJALLRAVEN,13600016,Rainbow T-Shirt,113,Chalk White,L,1,"11,000","1,100","12,100","11,000","1,100","12,100","11,000",現金,,男性,V,佐野,1,123432
450113,2026/07/04,FJALLRAVEN by 3NITY 京王新宿,12600268244L,FJALLRAVEN,12600268,Multicolor Logo T-shirt M,244,Suede Brown,L,1,"7,900",790,"8,690","7,900",790,"8,690","8,900",現金,,男性,V,佐野,1,123432
450113,2026/07/04,FJALLRAVEN by 3NITY 京王新宿,RP011,Other,RP011,ショッパー(M),,,X,1,50,5,55,50,5,55,50,現金,,男性,V,佐野,1,123432
450114,2026/07/04,FJALLRAVEN by 3NITY玉川高島屋S・C,23510160X,FJALLRAVEN,23510,Kanken,160,Ochre,X,1,"13,000","1,300","14,300","13,000","1,300","14,300","13,000",カード,,女性,V,森,0,
450115,2026/07/04,FJALLRAVEN by 3NITY TOKYO NODE,23523046X,FJALLRAVEN,23523,Kanken Laptop 13,046,Super Grey,X,-1,"17,000","1,700","18,700","-17,000","-1,700","-18,700","17,000",現金,,外国女性,II,共通ユーザ,0,
450115,2026/07/04,FJALLRAVEN by 3NITY TOKYO NODE,TNC103179X,TENNEN,TNC103,ジャンボ2ボールチャーム,179,Aloe,X,-1,"3,500",350,"3,850","-3,500",-350,"-3,850","3,500",現金,,外国女性,II,共通ユーザ,0,
450116,2026/07/04,FJALLRAVEN by 3NITY ルクア大阪,23227221X,FJALLRAVEN,23227,High Coast Crossbody,221,Clay,X,1,"10,000","1,000","11,000","10,000","1,000","11,000","10,000",カード,,女性,IV,生田,1,143834
450117,2026/07/04,FJALLRAVEN by 3NITY SAPPORO HUTTE,79258244L,FJALLRAVEN,79258,HatfieldHat,244,Suede Brown,L,1,"6,400",640,"7,040","6,400",640,"7,040","7,400",複数金種,,女性,III,佐藤,1,120047
450117,2026/07/04,FJALLRAVEN by 3NITY SAPPORO HUTTE,Hokkosai1200X,Other,Hokkosai1200,北狐祭手ぬぐい,,,X,1,600,60,660,600,60,660,"1,200",複数金種,,女性,III,佐藤,1,120047
450118,2026/07/04,FJALLRAVEN by 3NITY TOKYO,23525620X,FJALLRAVEN,23525,Kanken Laptop 17,620,Green,X,1,"19,000",0,"19,000","19,000",0,"19,000","19,000",カード,,外国女性,III,木村,0,
450119,2026/07/04,FJALLRAVEN by 3NITY 京王新宿,77357633S/M,FJALLRAVEN,77357,Vidda Cap,633,Dark Olive,S/M,1,"6,200",620,"6,820","6,200",620,"6,820","6,200",現金,,男性,V,佐野,0,
450120,2026/07/04,FJALLRAVEN by 3NITY ルクア大阪,23227424X,FJALLRAVEN,23227,High Coast Crossbody,424,Blackberry,X,1,"10,000",0,"10,000","10,000",0,"10,000","10,000",現金,,外国男性,III,生田,0,
450120,2026/07/04,FJALLRAVEN by 3NITY ルクア大阪,23227550X,FJALLRAVEN,23227,High Coast Crossbody,550,Black,X,1,"10,000",0,"10,000","10,000",0,"10,000","10,000",現金,,外国男性,III,生田,0,
450120,2026/07/04,FJALLRAVEN by 3NITY ルクア大阪,23200338037X,FJALLRAVEN,23200338,Vardag Pocket Small,037,Coal Black,X,1,"6,500",0,"6,500","6,500",0,"6,500","6,500",現金,,外国男性,III,生田,0,
450121,2026/07/04,FJALLRAVEN by 3NITY TOKYO,Hokkosai1200X,Other,Hokkosai1200,北狐祭手ぬぐい,,,X,2,"1,200",120,"1,320","2,400",240,"2,640","1,200",現金,,男性,V,花山,0,
450121,2026/07/04,FJALLRAVEN by 3NITY TOKYO,RP010,Other,RP010,ショッパー(S),,,X,1,50,5,55,50,5,55,50,現金,,男性,V,花山,0,
450122,2026/07/04,FJALLRAVEN by 3NITY ルクア大阪,23524560X,FJALLRAVEN,23524,Kanken Laptop 15,560,Navy,X,1,"18,000","1,800","19,800","18,000","1,800","19,800","18,000",カード,,女性,II,生田,1,143835
450122,2026/07/04,FJALLRAVEN by 3NITY ルクア大阪,RP011,Other,RP011,ショッパー(M),,,X,1,50,5,55,50,5,55,50,カード,,女性,II,生田,1,143835
450123,2026/07/04,FJALLRAVEN by 3NITY SAPPORO HUTTE,23510600X,FJALLRAVEN,23510,Kanken,600,Mint Green,X,1,"13,000","1,300","14,300","13,000","1,300","14,300","13,000",現金,,女性,I,佐藤,1,143836
450124,2026/07/04,FJALLRAVEN by 3NITY ルクア大阪,23802664X,FJALLRAVEN,23802,Kanken Weekender,664,Frost Green,X,1,"28,000","2,800","30,800","28,000","2,800","30,800","28,000",カード,,女性,III,生田,0,
450124,2026/07/04,FJALLRAVEN by 3NITY ルクア大阪,RP012,Other,RP012,ショッパー(L),,,X,1,50,5,55,50,5,55,50,カード,,女性,III,生田,0,
450125,2026/07/04,FJALLRAVEN by 3NITY TOKYO NODE,23506326X,FJALLRAVEN,23506,Kanken Mini Shoulder Pads,326,Ox Red,X,1,"3,000",300,"3,300","3,000",300,"3,300","3,000",複数金種,,女性,II,江越,1,128215
450126,2026/07/04,FJALLRAVEN by 3NITY SAPPORO HUTTE,Hokkosai1200X,Other,Hokkosai1200,北狐祭手ぬぐい,,,X,1,600,60,660,600,60,660,"1,200",現金,,女性,IV,佐藤,1,141233
450126,2026/07/04,FJALLRAVEN by 3NITY SAPPORO HUTTE,10002X,Shimokap,10002,ジップタブ,,,X,1,500,50,550,500,50,550,500,現金,,女性,IV,佐藤,1,141233
450127,2026/07/04,FJALLRAVEN by 3NITY ルクア大阪,23561457X,FJALLRAVEN,23561,Kanken Mini,457,Pastel Lavender,X,1,"12,000","1,200","13,200","12,000","1,200","13,200","12,000",電子マネー,,女性,II,生田,1,143837
450127,2026/07/04,FJALLRAVEN by 3NITY ルクア大阪,GIFT400,Other,GIFT400,Gift Wrapping (M),,,X,1,400,40,440,400,40,440,400,電子マネー,,女性,II,生田,1,143837
450127,2026/07/04,FJALLRAVEN by 3NITY ルクア大阪,RP011,Other,RP011,ショッパー(M),,,X,1,50,5,55,50,5,55,50,電子マネー,,女性,II,生田,1,143837
450128,2026/07/04,FJALLRAVEN by 3NITY TOKYO NODE,23510326X,FJALLRAVEN,23510,Kanken,326,Ox Red,X,1,"13,000","1,300","14,300","13,000","1,300","14,300","13,000",複数金種,,女性,I,江越,1,143840
450129,2026/07/04,FJALLRAVEN by 3NITY 京王新宿,23200334228-135X,FJALLRAVEN,23200334,KankenKoncept,228-135,Khaki Dust-Kantarell,X,1,"15,000","1,500","16,500","15,000","1,500","16,500","15,000",現金,,女性,I,永山,0,
450129,2026/07/04,FJALLRAVEN by 3NITY 京王新宿,RP011,Other,RP011,ショッパー(M),,,X,1,50,5,55,50,5,55,50,現金,,女性,I,永山,0,
450129,2026/07/04,FJALLRAVEN by 3NITY 京王新宿,RP015,OT2,RP015,KANKEN SMU,,,X,1,"2,000",200,"2,200","2,000",200,"2,200","2,000",現金,,女性,I,永山,0,
450130,2026/07/04,FJALLRAVEN by 3NITY 大丸心斎橋,23510302X,FJALLRAVEN,23510,Kanken,302,Chalk Rose,X,1,"13,000","1,300","14,300","13,000","1,300","14,300","13,000",現金,,女性,I,片岡,1,143839
450130,2026/07/04,FJALLRAVEN by 3NITY 大丸心斎橋,RP011,Other,RP011,ショッパー(M),,,X,1,50,5,55,50,5,55,50,現金,,女性,I,片岡,1,143839
450131,2026/07/04,FJALLRAVEN by 3NITY ルクア大阪,23200246228X,FJALLRAVEN,23200246,Singi Hip Pack 10,228,Khaki Dust,X,1,"21,000","2,100","23,100","21,000","2,100","23,100","21,000",電子マネー,,男性,II,生田,1,143838
450131,2026/07/04,FJALLRAVEN by 3NITY ルクア大阪,79030X,FJALLRAVEN,79030,Greenland Wax travel pack,,,X,1,850,85,935,850,85,935,850,電子マネー,,男性,II,生田,1,143838
450131,2026/07/04,FJALLRAVEN by 3NITY ルクア大阪,RP011,Other,RP011,ショッパー(M),,,X,1,50,5,55,50,5,55,50,電子マネー,,男性,II,生田,1,143838
450132,2026/07/04,FJALLRAVEN by 3NITY 京王新宿,23510302X,FJALLRAVEN,23510,Kanken,302,Chalk Rose,X,1,"13,000","1,300","14,300","13,000","1,300","14,300","13,000",現金,,女性,I,佐野,0,
450133,2026/07/04,FJALLRAVEN STORE 名古屋ファッションワン,87178625-66248/R,FJALLRAVEN,87178,Vidda Pro Ventilated Trs M,625-662,Laurel Green-Deep Forest,48/R,1,"28,000","2,800","30,800","28,000","2,800","30,800","28,000",カード,,男性,V,久保,1,143841
450135,2026/07/04,FJALLRAVEN by 3NITY TOKYO NODE,77357633L/XL,FJALLRAVEN,77357,Vidda Cap,633,Dark Olive,L/XL,1,"6,200",620,"6,820","6,200",620,"6,820","6,200",現金,,男性,V,江越,0,
450135,2026/07/04,FJALLRAVEN by 3NITY TOKYO NODE,RP010,Other,RP010,ショッパー(S),,,X,1,50,5,55,50,5,55,50,現金,,男性,V,江越,0,
450136,2026/07/04,FJALLRAVEN by 3NITY SAPPORO HUTTE,23785350X,FJALLRAVEN,23785,Kanken Keyring,350,Korall,X,1,"1,500",150,"1,650","1,500",150,"1,650","1,500",カード,,男性,II,佐藤,1,143842
450136,2026/07/04,FJALLRAVEN by 3NITY SAPPORO HUTTE,23200330550X,FJALLRAVEN,23200330,High Coast Backpack 24,550,Black,X,1,"17,000","1,700","18,700","17,000","1,700","18,700","17,000",カード,,男性,II,佐藤,1,143842
450137,2026/07/04,FJALLRAVEN by 3NITY玉川高島屋S・C,23561501-115X,FJALLRAVEN,23561,Kanken Mini,501-115,Sky Blue-Light Oak,X,1,"12,000","1,200","13,200","12,000","1,200","13,200","12,000",カード,,女性,IV,森,0,
450137,2026/07/04,FJALLRAVEN by 3NITY玉川高島屋S・C,23510501-115X,FJALLRAVEN,23510,Kanken,501-115,Sky Blue-Light Oak,X,1,"13,000","1,300","14,300","13,000","1,300","14,300","13,000",カード,,女性,IV,森,0,
450137,2026/07/04,FJALLRAVEN by 3NITY玉川高島屋S・C,RP008,Other,RP008,KANKEN SMU,,,X,2,"2,000",200,"2,200","4,000",400,"4,400","2,000",カード,,女性,IV,森,0,
450137,2026/07/04,FJALLRAVEN by 3NITY玉川高島屋S・C,RP012,Other,RP012,ショッパー(L),,,X,1,50,5,55,50,5,55,50,カード,,女性,IV,森,0,
450137,2026/07/04,FJALLRAVEN by 3NITY玉川高島屋S・C,RP002,Other,RP002,刺繍代,,,X,1,800,80,880,800,80,880,800,カード,,女性,IV,森,0,
450138,2026/07/04,FJALLRAVEN POPUP NARITA,23223550X,FJALLRAVEN,23223,High Coast Hip Pack,550,Black,X,1,"6,500",0,"6,500","6,500",0,"6,500","6,500",カード,,外国男性,III,沖山,0,
450139,2026/07/04,FJALLRAVEN by 3NITY TOKYO,23523326X,FJALLRAVEN,23523,Kanken Laptop 13,326,Ox Red,X,1,"17,000","1,700","18,700","17,000","1,700","18,700","17,000",現金,,女性,II,花山,1,143843
450140,2026/07/04,FJALLRAVEN by 3NITY ルクア大阪,23565633X,FJALLRAVEN,23565,Kanken No.2,633,Dark Olive,X,1,"20,000",0,"20,000","20,000",0,"20,000","20,000",電子マネー,,外国男性,III,鶴井,0,
450141,2026/07/04,FJALLRAVEN by 3NITY玉川高島屋S・C,25862664X,FJALLRAVEN,25862,Kanken Gear Bag,664,Frost Green,X,1,"5,500",550,"6,050","5,500",550,"6,050","5,500",複数金種,,男性,VI,小林,1,109659
450141,2026/07/04,FJALLRAVEN by 3NITY玉川高島屋S・C,25863160X,FJALLRAVEN,25863,Kanken Gear Pocket,160,Ochre,X,1,"4,000",400,"4,400","4,000",400,"4,400","4,000",複数金種,,男性,VI,小林,1,109659
450141,2026/07/04,FJALLRAVEN by 3NITY玉川高島屋S・C,23100177221X,FJALLRAVEN,23100177,AbiskoBottlePocket,221,Clay,X,1,"6,000",600,"6,600","6,000",600,"6,600","6,000",複数金種,,男性,VI,小林,1,109659
450141,2026/07/04,FJALLRAVEN by 3NITY玉川高島屋S・C,GIFT400,Other,GIFT400,Gift Wrapping (M),,,X,1,400,40,440,400,40,440,400,複数金種,,男性,VI,小林,1,109659
450142,2026/07/04,FJALLRAVEN by 3NITY TOKYO,23561540X,FJALLRAVEN,23561,Kanken Mini,540,Royal Blue,X,1,"12,000","1,200","13,200","12,000","1,200","13,200","12,000",カード,,女性,III,赤根,0,
450143,2026/07/04,FJALLRAVEN STORE 名古屋ファッションワン,23510021-312X,FJALLRAVEN,23510,Kanken,021-312,Fog-Pink,X,1,"13,000","1,300","14,300","13,000","1,300","14,300","13,000",カード,,女性,I,久保,0,
450143,2026/07/04,FJALLRAVEN STORE 名古屋ファッションワン,RP011,Other,RP011,ショッパー(M),,,X,1,50,5,55,50,5,55,50,カード,,女性,I,久保,0,
450144,2026/07/04,6142,23165550X,FJALLRAVEN,23165,Ulvo Hip Pack Medium,550,Black,X,1,"8,000",800,"8,800","8,000",800,"8,800","8,000",電子マネー,,男性,II,杉原,0,
450145,2026/07/04,FJALLRAVEN by 3NITY ルクア大阪,23165550X,FJALLRAVEN,23165,Ulvo Hip Pack Medium,550,Black,X,1,"8,000",800,"8,800","8,000",800,"8,800","8,000",大阪プレミアム商品券,,女性,VI,檜作,1,143844
450146,2026/07/04,FJALLRAVEN by 3NITY 大丸心斎橋,23510302X,FJALLRAVEN,23510,Kanken,302,Chalk Rose,X,1,"13,000","1,300","14,300","13,000","1,300","14,300","13,000",複数金種,,女性,I,志良堂,1,143845
450146,2026/07/04,FJALLRAVEN by 3NITY 大丸心斎橋,RP011,Other,RP011,ショッパー(M),,,X,1,50,5,55,50,5,55,50,複数金種,,女性,I,志良堂,1,143845
450147,2026/07/04,FJALLRAVEN by 3NITY玉川高島屋S・C,23225550X,FJALLRAVEN,23225,High Coast Totepack,550,Black,X,1,"13,000","1,300","14,300","13,000","1,300","14,300","13,000",クーポン釣銭あり,,女性,VI,小林,0,
450147,2026/07/04,FJALLRAVEN by 3NITY玉川高島屋S・C,RP011,Other,RP011,ショッパー(M),,,X,1,50,5,55,50,5,55,50,クーポン釣銭あり,,女性,VI,小林,0,
450148,2026/07/04,FJALLRAVEN by 3NITY TOKYO,23534228X,FJALLRAVEN,23534,Kajka 35 M/L,228,Khaki Dust,X,1,"39,600","3,960","43,560","39,600","3,960","43,560","44,000",現金,,男性,III,鈴木,1,137832
450148,2026/07/04,FJALLRAVEN by 3NITY TOKYO,23543228X,FJALLRAVEN,23543,Kajka Side Pocket,228,Khaki Dust,X,1,"5,500",550,"6,050","5,500",550,"6,050","5,500",現金,,男性,III,鈴木,1,137832
450149,2026/07/04,FJALLRAVEN by 3NITY玉川高島屋S・C,25862664X,FJALLRAVEN,25862,Kanken Gear Bag,664,Frost Green,X,-1,"5,500",550,"6,050","-5,500",-550,"-6,050","5,500",複数金種,,男性,VI,共通ユーザ,1,109659
450149,2026/07/04,FJALLRAVEN by 3NITY玉川高島屋S・C,25863160X,FJALLRAVEN,25863,Kanken Gear Pocket,160,Ochre,X,-1,"4,000",400,"4,400","-4,000",-400,"-4,400","4,000",複数金種,,男性,VI,共通ユーザ,1,109659
450149,2026/07/04,FJALLRAVEN by 3NITY玉川高島屋S・C,23100177221X,FJALLRAVEN,23100177,AbiskoBottlePocket,221,Clay,X,-1,"6,000",600,"6,600","-6,000",-600,"-6,600","6,000",複数金種,,男性,VI,共通ユーザ,1,109659
450149,2026/07/04,FJALLRAVEN by 3NITY玉川高島屋S・C,GIFT400,Other,GIFT400,Gift Wrapping (M),,,X,-1,400,40,440,-400,-40,-440,400,複数金種,,男性,VI,共通ユーザ,1,109659
450150,2026/07/04,FJALLRAVEN by 3NITY SAPPORO HUTTE,BE20001,BELAY,BE20001,MY BOTTLE PLUS-H,,,X,4,"2,700",270,"2,970","10,800","1,080","11,880","2,700",複数金種,,女性,IV,佐藤,1,107187
450150,2026/07/04,FJALLRAVEN by 3NITY SAPPORO HUTTE,Hokkosai1200X,Other,Hokkosai1200,北狐祭手ぬぐい,,,X,1,600,60,660,600,60,660,"1,200",複数金種,,女性,IV,佐藤,1,107187
450150,2026/07/04,FJALLRAVEN by 3NITY SAPPORO HUTTE,77404570X,FJALLRAVEN,77404,Bergtagen Cap,570,Mountain Blue,X,1,"2,500",250,"2,750","2,500",250,"2,750","7,500",複数金種,,女性,IV,佐藤,1,107187
450151,2026/07/04,FJALLRAVEN by 3NITY玉川高島屋S・C,23100177221X,FJALLRAVEN,23100177,AbiskoBottlePocket,221,Clay,X,1,"5,000",500,"5,500","5,000",500,"5,500","6,000",複数金種,,男性,VI,小林,1,109659
450151,2026/07/04,FJALLRAVEN by 3NITY玉川高島屋S・C,25863160X,FJALLRAVEN,25863,Kanken Gear Pocket,160,Ochre,X,1,"4,000",400,"4,400","4,000",400,"4,400","4,000",複数金種,,男性,VI,小林,1,109659
450151,2026/07/04,FJALLRAVEN by 3NITY玉川高島屋S・C,25862664X,FJALLRAVEN,25862,Kanken Gear Bag,664,Frost Green,X,1,"5,500",550,"6,050","5,500",550,"6,050","5,500",複数金種,,男性,VI,小林,1,109659
450151,2026/07/04,FJALLRAVEN by 3NITY玉川高島屋S・C,GIFT400,Other,GIFT400,Gift Wrapping (M),,,X,1,400,40,440,400,40,440,400,複数金種,,男性,VI,小林,1,109659
450151,2026/07/04,FJALLRAVEN by 3NITY玉川高島屋S・C,23507664X,FJALLRAVEN,23507,Kanken Chest Strap,664,Frost Green,X,1,"2,000",200,"2,200","2,000",200,"2,200","2,000",複数金種,,男性,VI,小林,1,109659
450152,2026/07/04,FJALLRAVEN by 3NITY TOKYO,23510457X,FJALLRAVEN,23510,Kanken,457,Pastel Lavender,X,1,"13,000","1,300","14,300","13,000","1,300","14,300","13,000",現金,,女性,II,花山,1,143847
450152,2026/07/04,FJALLRAVEN by 3NITY TOKYO,FC500,Other,FC500,送料,,,X,1,500,50,550,500,50,550,500,現金,,女性,II,花山,1,143847
450152,2026/07/04,FJALLRAVEN by 3NITY TOKYO,RP008,Other,RP008,KANKEN SMU,,,X,1,"2,000",200,"2,200","2,000",200,"2,200","2,000",現金,,女性,II,花山,1,143847
450152,2026/07/04,FJALLRAVEN by 3NITY TOKYO,RP010,Other,RP010,ショッパー(S),,,X,1,50,5,55,50,5,55,50,現金,,女性,II,花山,1,143847
450153,2026/07/04,FJALLRAVEN POPUP NARITA,23797664-319X,FJALLRAVEN,23797,Kanken Sling,664-319,Frost Green-Peach Pink,X,1,"10,500","1,050","11,550","10,500","1,050","11,550","10,500",カード,,女性,II,沖山,0,
450153,2026/07/04,FJALLRAVEN POPUP NARITA,RP010,Other,RP010,ショッパー(S),,,X,1,50,5,55,50,5,55,50,カード,,女性,II,沖山,0,
450154,2026/07/04,FJALLRAVEN by 3NITY ルクア大阪,23510302X,FJALLRAVEN,23510,Kanken,302,Chalk Rose,X,1,"13,000","1,300","14,300","13,000","1,300","14,300","13,000",複数金種,,女性,III,鶴井,1,143848
450154,2026/07/04,FJALLRAVEN by 3NITY ルクア大阪,RP011,Other,RP011,ショッパー(M),,,X,1,50,5,55,50,5,55,50,複数金種,,女性,III,鶴井,1,143848
450155,2026/07/04,FJALLRAVEN by 3NITY TOKYO NODE,78139560S/M,FJALLRAVEN,78139,Vardag Langtradarkeps,560,Navy,S/M,1,"5,500",550,"6,050","5,500",550,"6,050","5,500",カード,,外国男性,III,江越,0,
450156,2026/07/04,FJALLRAVEN by 3NITY SAPPORO HUTTE,23525160X,FJALLRAVEN,23525,Kanken Laptop 17,160,Ochre,X,1,"18,000","1,800","19,800","18,000","1,800","19,800","19,000",カード,,女性,IV,佐藤,1,116495
450156,2026/07/04,FJALLRAVEN by 3NITY SAPPORO HUTTE,87153300XS,FJALLRAVEN,87153,Fox Boxy Logo Tee W,300,Dusty Rose,XS,1,"6,500",650,"7,150","6,500",650,"7,150","6,500",カード,,女性,IV,佐藤,1,116495
450156,2026/07/04,FJALLRAVEN by 3NITY SAPPORO HUTTE,87153300M,FJALLRAVEN,87153,Fox Boxy Logo Tee W,300,Dusty Rose,M,1,"6,500",650,"7,150","6,500",650,"7,150","6,500",カード,,女性,IV,佐藤,1,116495
450156,2026/07/04,FJALLRAVEN by 3NITY SAPPORO HUTTE,86977543M,FJALLRAVEN,86977,Abisko Wool Logo SS M,543,Dawn Blue,M,1,"11,000","1,100","12,100","11,000","1,100","12,100","11,000",カード,,女性,IV,佐藤,1,116495
450156,2026/07/04,FJALLRAVEN by 3NITY SAPPORO HUTTE,12600268113M,FJALLRAVEN,12600268,Multicolor Logo T-shirt M,113,Chalk White,M,1,"8,900",890,"9,790","8,900",890,"9,790","8,900",カード,,女性,IV,佐藤,1,116495
450156,2026/07/04,FJALLRAVEN by 3NITY SAPPORO HUTTE,12600268625M,FJALLRAVEN,12600268,Multicolor Logo T-shirt M,625,Laurel Green,M,1,"8,900",890,"9,790","8,900",890,"9,790","8,900",カード,,女性,IV,佐藤,1,116495
450159,2026/07/04,FJALLRAVEN by 3NITY TOKYO NODE,23803633X,FJALLRAVEN,23803,Kanken no. 2 Laptop 15,633,Dark Olive,X,1,"21,600","2,160","23,760","21,600","2,160","23,760","24,000",複数金種,,女性,II,江越,1,141320
450160,2026/07/04,FJALLRAVEN by 3NITY玉川高島屋S・C,23349550X,FJALLRAVEN,23349,Skule 20,550,Black,X,1,"12,000","1,200","13,200","12,000","1,200","13,200","12,000",複数金種,,女性,III,小林,0,
450160,2026/07/04,FJALLRAVEN by 3NITY玉川高島屋S・C,RP011,Other,RP011,ショッパー(M),,,X,1,50,5,55,50,5,55,50,複数金種,,女性,III,小林,0,
450161,2026/07/04,FJALLRAVEN by 3NITY TOKYO,23510560X,FJALLRAVEN,23510,Kanken,560,Navy,X,1,"13,000","1,300","14,300","13,000","1,300","14,300","13,000",現金,,男性,V,花山,0,
450161,2026/07/04,FJALLRAVEN by 3NITY TOKYO,RP011,Other,RP011,ショッパー(M),,,X,1,50,5,55,50,5,55,50,現金,,男性,V,花山,0,
450162,2026/07/04,FJALLRAVEN by 3NITY TOKYO NODE,23200330118X,FJALLRAVEN,23200330,HighCoastBackpack24,118,Fossil,X,1,"17,000",0,"17,000","17,000",0,"17,000","17,000",カード,,外国男性,III,江越,0,
450163,2026/07/04,FJALLRAVEN by 3NITY ルクア大阪,23225221X,FJALLRAVEN,23225,High Coast Totepack,221,Clay,X,1,"13,000",0,"13,000","13,000",0,"13,000","13,000",電子マネー,,外国男性,II,鶴井,0,
450163,2026/07/04,FJALLRAVEN by 3NITY ルクア大阪,23200340620X,FJALLRAVEN,23200340,Farden Crossbody,620,Green,X,1,"21,500",0,"21,500","21,500",0,"21,500","21,500",電子マネー,,外国男性,II,鶴井,0,
450163,2026/07/04,FJALLRAVEN by 3NITY ルクア大阪,RP011,Other,RP011,ショッパー(M),,,X,1,50,5,55,50,5,55,50,電子マネー,,外国男性,II,鶴井,0,
450165,2026/07/04,FJALLRAVEN by 3NITY TOKYO,27248550X,FJALLRAVEN,27248,Vardag Pocket,550,Black,X,1,"4,500",450,"4,950","4,500",450,"4,950","4,500",カード,,男性,V,宮下,1,136450
450165,2026/07/04,FJALLRAVEN by 3NITY TOKYO,24221030X,FJALLRAVEN,24221,Pocket,030,Dark Grey,X,1,"6,000",600,"6,600","6,000",600,"6,600","6,000",カード,,男性,V,宮下,1,136450
450165,2026/07/04,FJALLRAVEN by 3NITY TOKYO,GIFT300,Other,GIFT300,Gift Wrapping (S),,,X,2,300,30,330,600,60,660,300,カード,,男性,V,宮下,1,136450
450166,2026/07/04,FJALLRAVEN by 3NITY TOKYO,23510312X,FJALLRAVEN,23510,Kanken,312,Pink,X,1,"13,000","1,300","14,300","13,000","1,300","14,300","13,000",現金,,女性,II,花山,1,143849
450166,2026/07/04,FJALLRAVEN by 3NITY TOKYO,RP011,Other,RP011,ショッパー(M),,,X,1,50,5,55,50,5,55,50,現金,,女性,II,花山,1,143849
450167,2026/07/04,FJALLRAVEN by 3NITY TOKYO NODE,23803118X,FJALLRAVEN,23803,Kanken no. 2 Laptop 15,118,Fossil,X,1,"24,000","2,400","26,400","24,000","2,400","26,400","24,000",複数金種,,女性,II,村田,1,143850
450167,2026/07/04,FJALLRAVEN by 3NITY TOKYO NODE,79030X,FJALLRAVEN,79030,Greenland Wax travel pack,,,X,1,850,85,935,850,85,935,850,複数金種,,女性,II,村田,1,143850
450168,2026/07/04,6142,23797600X,FJALLRAVEN,23797,Kanken Sling,600,Mint Green,X,1,"10,500",0,"10,500","10,500",0,"10,500","10,500",カード,,外国女性,III,杉原,0,
450169,2026/07/04,FJALLRAVEN by 3NITY TOKYO,23227550X,FJALLRAVEN,23227,High Coast Crossbody,550,Black,X,1,"9,000",900,"9,900","9,000",900,"9,900","10,000",カード,,男性,III,木村,1,139830
450169,2026/07/04,FJALLRAVEN by 3NITY TOKYO,23510600X,FJALLRAVEN,23510,Kanken,600,Mint Green,X,1,"11,700","1,170","12,870","11,700","1,170","12,870","13,000",カード,,男性,III,木村,1,139830
450169,2026/07/04,FJALLRAVEN by 3NITY TOKYO,RP011,Other,RP011,ショッパー(M),,,X,1,50,5,55,50,5,55,50,カード,,男性,III,木村,1,139830
450170,2026/07/04,FJALLRAVEN by 3NITY TOKYO NODE,24213560X,FJALLRAVEN,24213,Gear Bag,560,Navy,X,1,"4,300",430,"4,730","4,300",430,"4,730","4,300",複数金種,,男性,IV,村田,1,143851
450173,2026/07/04,6142,23797312X,FJALLRAVEN,23797,Kanken Sling,312,PINK,X,1,"10,500","1,050","11,550","10,500","1,050","11,550","10,500",カード,,女性,IV,杉原,0,
450173,2026/07/04,6142,RP010,Other,RP010,ショッパー(S),,,X,1,100,10,110,100,10,110,50,カード,,女性,IV,杉原,0,
450174,2026/07/04,FJALLRAVEN by 3NITY 大丸心斎橋,23510046X,FJALLRAVEN,23510,Kanken,046,Super grey,X,1,"13,000","1,300","14,300","13,000","1,300","14,300","13,000",複数金種,,外国男性,IV,志良堂,0,
450176,2026/07/04,FJALLRAVEN by 3NITY玉川高島屋S・C,27222614X,FJALLRAVEN,27222,Abisko Hike Foldsack,614,Patina Green,X,1,"23,000","2,300","25,300","23,000","2,300","25,300","23,000",カード,,女性,II,小林,1,125856
450177,2026/07/04,FJALLRAVEN by 3NITY TOKYO,23510126X,FJALLRAVEN,23510,Kanken,126,Corn,X,1,"13,000","1,300","14,300","13,000","1,300","14,300","13,000",電子マネー,,男性,II,花山,0,
450177,2026/07/04,FJALLRAVEN by 3NITY TOKYO,RP011,Other,RP011,ショッパー(M),,,X,1,50,5,55,50,5,55,50,電子マネー,,男性,II,花山,0,
450178,2026/07/04,FJALLRAVEN by 3NITY玉川高島屋S・C,TNA03000622-24,TENNEN,TNA030,Hemp Good Socks,006,ネイビー,22-24,1,"2,000",200,"2,200","2,000",200,"2,200","2,000",ポイント,,女性,III,森,1,125856
450180,2026/07/04,FJALLRAVEN by 3NITY 大丸心斎橋,RP011,Other,RP011,ショッパー(M),,,X,1,50,5,55,50,5,55,50,電子マネー,,女性,II,志良堂,1,143852
450180,2026/07/04,FJALLRAVEN by 3NITY 大丸心斎橋,23510560X,FJALLRAVEN,23510,Kanken,560,Navy,X,1,"13,000","1,300","14,300","13,000","1,300","14,300","13,000",電子マネー,,女性,II,志良堂,1,143852
450181,2026/07/04,FJALLRAVEN by 3NITY TOKYO,12600216113M,FJALLRAVEN,12600216,Walk With Nature T-shirt M,113,Chalk White,M,1,"5,850",585,"6,435","5,850",585,"6,435","6,500",カード,,女性,IV,赤根,1,141021
450181,2026/07/04,FJALLRAVEN by 3NITY TOKYO,23227550X,FJALLRAVEN,23227,High Coast Crossbody,550,Black,X,1,"9,000",900,"9,900","9,000",900,"9,900","10,000",カード,,女性,IV,赤根,1,141021
450182,2026/07/04,FJALLRAVEN by 3NITY TOKYO,23226614X,FJALLRAVEN,23226,High Coast Pocket,614,Patina Green,X,1,"5,000",500,"5,500","5,000",500,"5,500","5,000",電子マネー,,女性,IV,木村,1,143853
450183,2026/07/04,FJALLRAVEN by 3NITY ルクア大阪,23510540X,FJALLRAVEN,23510,Kanken,540,Royal Blue,X,1,"13,000","1,300","14,300","13,000","1,300","14,300","13,000",電子マネー,,女性,III,生田,1,126462
450183,2026/07/04,FJALLRAVEN by 3NITY ルクア大阪,RP008,Other,RP008,KANKEN SMU,,,X,1,"2,000",200,"2,200","2,000",200,"2,200","2,000",電子マネー,,女性,III,生田,1,126462
450184,2026/07/04,FJALLRAVEN by 3NITY 京王新宿,23510160X,FJALLRAVEN,23510,Kanken,160,Ochre,X,1,"13,000","1,300","14,300","13,000","1,300","14,300","13,000",現金,,男性,IV,佐野,0,
450184,2026/07/04,FJALLRAVEN by 3NITY 京王新宿,RP011,Other,RP011,ショッパー(M),,,X,1,50,5,55,50,5,55,50,現金,,男性,IV,佐野,0,
450185,2026/07/04,FJALLRAVEN by 3NITY ルクア大阪,23346300X,FJALLRAVEN,23346,Skule 28,300,Dusty Rose,X,1,"14,000","1,400","15,400","14,000","1,400","15,400","14,000",複数金種,,女性,II,檜作,1,143854
450185,2026/07/04,FJALLRAVEN by 3NITY ルクア大阪,RP011,Other,RP011,ショッパー(M),,,X,1,50,5,55,50,5,55,50,複数金種,,女性,II,檜作,1,143854
450188,2026/07/04,FJALLRAVEN by 3NITY ルクア大阪,Hokkosai1200X,Other,Hokkosai1200,北狐祭手ぬぐい,,,X,1,600,60,660,600,60,660,"1,200",カード,,女性,III,檜作,1,143855
450188,2026/07/04,FJALLRAVEN by 3NITY ルクア大阪,87039113S,FJALLRAVEN,87039,Ovik Travel Shirt SS M,113,Chalk White,S,1,"11,000","1,100","12,100","11,000","1,100","12,100","11,000",カード,,女性,III,檜作,1,143855
450189,2026/07/04,FJALLRAVEN POPUP NARITA,77357030S/M,FJALLRAVEN,77357,Vidda Cap,030,Dark Grey,S/M,1,"6,200",0,"6,200","6,200",0,"6,200","6,200",カード,,外国女性,II,吉田,0,
450190,2026/07/04,FJALLRAVEN by 3NITY ルクア大阪,23222424X,FJALLRAVEN,23222,High Coast Foldsack 24,424,Blackberry,X,1,"14,500",0,"14,500","14,500",0,"14,500","14,500",カード,,外国女性,IV,鶴井,0,
450191,2026/07/04,FJALLRAVEN by 3NITY ルクア大阪,RP011,Other,RP011,ショッパー(M),,,X,1,50,5,55,50,5,55,50,現金,,外国女性,III,鶴井,0,
450192,2026/07/04,FJALLRAVEN STORE 名古屋ファッションワン,23510302X,FJALLRAVEN,23510,Kanken,302,Chalk Rose,X,1,"13,000","1,300","14,300","13,000","1,300","14,300","13,000",カード,,女性,I,清水,0,
450192,2026/07/04,FJALLRAVEN STORE 名古屋ファッションワン,RP011,Other,RP011,ショッパー(M),,,X,1,50,5,55,50,5,55,50,カード,,女性,I,清水,0,
450193,2026/07/04,6142,23225221X,FJALLRAVEN,23225,High Coast Totepack,221,Clay,X,1,"13,000",0,"13,000","13,000",0,"13,000","13,000",カード,,外国女性,III,杉原,0,
450195,2026/07/04,FJALLRAVEN by 3NITY ルクア大阪,25862664X,FJALLRAVEN,25862,Kanken Gear Bag,664,Frost Green,X,1,"5,500",0,"5,500","5,500",0,"5,500","5,500",カード,,外国女性,II,檜作,0,
450195,2026/07/04,FJALLRAVEN by 3NITY ルクア大阪,23510302X,FJALLRAVEN,23510,Kanken,302,Chalk Rose,X,1,"13,000",0,"13,000","13,000",0,"13,000","13,000",カード,,外国女性,II,檜作,0,
450195,2026/07/04,FJALLRAVEN by 3NITY ルクア大阪,RP011,Other,RP011,ショッパー(M),,,X,1,50,5,55,50,5,55,50,カード,,外国女性,II,檜作,0,
450196,2026/07/04,FJALLRAVEN STORE 名古屋ファッションワン,9064763352,FJALLRAVEN,90647,Lappland Hybrid Trousers M,633,Dark Olive,52,1,"24,800","2,480","27,280","24,800","2,480","27,280","31,000",カード,,男性,IV,久保,1,141374
450196,2026/07/04,FJALLRAVEN STORE 名古屋ファッションワン,79061X,FJALLRAVEN,79061,Greenland Wax Bag,,Assorted,X,1,"2,200",220,"2,420","2,200",220,"2,420","3,200",カード,,男性,IV,久保,1,141374
450197,2026/07/04,FJALLRAVEN by 3NITY玉川高島屋S・C,23200337300X,FJALLRAVEN,23200337,Skule Sling 6,300,Dusty Rose,X,1,"9,000",900,"9,900","9,000",900,"9,900","9,000",複数金種,,女性,V,森,0,
450197,2026/07/04,FJALLRAVEN by 3NITY玉川高島屋S・C,10002X,Shimokap,10002,ジップタブ,,,X,1,500,50,550,500,50,550,500,複数金種,,女性,V,森,0,
450198,2026/07/04,FJALLRAVEN by 3NITY TOKYO,23561424X,FJALLRAVEN,23561,Kanken Mini,424,Blackberry,X,1,"12,000",0,"12,000","12,000",0,"12,000","12,000",カード,,外国女性,III,木村,0,
450198,2026/07/04,FJALLRAVEN by 3NITY TOKYO,RP008,Other,RP008,KANKEN SMU,,,X,1,"2,000",200,"2,200","2,000",200,"2,200","2,000",カード,,外国女性,III,木村,0,
450199,2026/07/04,FJALLRAVEN by 3NITY TOKYO NODE,23510550X,FJALLRAVEN,23510,Kanken,550,Black,X,1,"13,000","1,300","14,300","13,000","1,300","14,300","13,000",現金,,外国女性,II,村田,0,
450200,2026/07/04,FJALLRAVEN by 3NITY TOKYO NODE,23346550X,FJALLRAVEN,23346,Skule 28,550,Black,X,1,"14,000","1,400","15,400","14,000","1,400","15,400","14,000",カード,,外国男性,IV,村田,0,
450203,2026/07/04,FJALLRAVEN STORE 名古屋ファッションワン,13100181030L/XL,FJALLRAVEN,13100181,Fjallraven Logo Cap,030,Dark Grey,L/XL,1,"7,000",700,"7,700","7,000",700,"7,700","7,000",電子マネー,,女性,IV,久保,1,143856
450203,2026/07/04,FJALLRAVEN STORE 名古屋ファッションワン,Hokkosai1200X,Other,Hokkosai1200,北狐祭手ぬぐい,,,X,1,600,60,660,600,60,660,"1,200",電子マネー,,女性,IV,久保,1,143856
450205,2026/07/04,FJALLRAVEN by 3NITY TOKYO NODE,77357300L/XL,FJALLRAVEN,77357,Vidda Cap,300,Dusty Rose,L/XL,1,"6,200",0,"6,200","6,200",0,"6,200","6,200",現金,,外国男性,V,村田,0,
450206,2026/07/04,FJALLRAVEN POPUP NARITA,78150550S/M,FJALLRAVEN,78150,High Coast Lite Cap,550,Black,S/M,1,"5,500",0,"5,500","5,500",0,"5,500","5,500",現金,,外国女性,III,吉田,0,
450207,2026/07/04,FJALLRAVEN by 3NITY TOKYO,TNA04216425-27,TENNEN,TNA042,天撚くつした/MERINO WOOL×COTTON,164,Burgundy,25-27,1,"2,400",240,"2,640","2,400",240,"2,640","2,400",カード,,外国男性,II,木村,0,
450207,2026/07/04,FJALLRAVEN by 3NITY TOKYO,77410622X,FJALLRAVEN,77410,Abisko Midsummer Belt,622,Light Olive,X,1,"4,800",480,"5,280","4,800",480,"5,280","4,800",カード,,外国男性,II,木村,0,
450207,2026/07/04,FJALLRAVEN by 3NITY TOKYO,23200337662X,FJALLRAVEN,23200337,Skule Sling 6,662,Deep Forest,X,1,"9,000",900,"9,900","9,000",900,"9,900","9,000",カード,,外国男性,II,木村,0,
450207,2026/07/04,FJALLRAVEN by 3NITY TOKYO,79061X,FJALLRAVEN,79061,Greenland Wax Bag,,Assorted,X,1,"3,200",320,"3,520","3,200",320,"3,520","3,200",カード,,外国男性,II,木村,0,
450207,2026/07/04,FJALLRAVEN by 3NITY TOKYO,RP011,Other,RP011,ショッパー(M),,,X,1,50,5,55,50,5,55,50,カード,,外国男性,II,木村,0,
450211,2026/07/04,FJALLRAVEN by 3NITY 京王新宿,23561228X,FJALLRAVEN,23561,Kanken Mini,228,Khaki Dust,X,1,"12,000","1,200","13,200","12,000","1,200","13,200","12,000",現金,,女性,II,佐野,0,
450211,2026/07/04,FJALLRAVEN by 3NITY 京王新宿,RP011,Other,RP011,ショッパー(M),,,X,1,50,5,55,50,5,55,50,現金,,女性,II,佐野,0,
450212,2026/07/04,FJALLRAVEN by 3NITY TOKYO NODE,23510576X,FJALLRAVEN,23510,Kanken,576,Midnight Purple,X,1,"13,000","1,300","14,300","13,000","1,300","14,300","13,000",複数金種,,女性,II,村田,1,143857
450212,2026/07/04,FJALLRAVEN by 3NITY TOKYO NODE,23505550X,FJALLRAVEN,23505,Kanken Shoulder Pads,550,Black,X,1,"3,500",350,"3,850","3,500",350,"3,850","3,500",複数金種,,女性,II,村田,1,143857
450213,2026/07/04,FJALLRAVEN by 3NITY玉川高島屋S・C,23165550X,FJALLRAVEN,23165,Ulvo Hip Pack Medium,550,Black,X,1,"8,000",800,"8,800","8,000",800,"8,800","8,000",電子マネー,,女性,II,小林,0,
450213,2026/07/04,FJALLRAVEN by 3NITY玉川高島屋S・C,RP010,Other,RP010,ショッパー(S),,,X,1,50,5,55,50,5,55,50,電子マネー,,女性,II,小林,0,
450214,2026/07/04,FJALLRAVEN STORE 名古屋ファッションワン,23166550X,FJALLRAVEN,23166,Ulvo Hip Pack Large,550,Black,X,1,"9,000",900,"9,900","9,000",900,"9,900","10,000",カード,,男性,V,久保,1,131158
450214,2026/07/04,FJALLRAVEN STORE 名古屋ファッションワン,RP011,Other,RP011,ショッパー(M),,,X,1,50,5,55,50,5,55,50,カード,,男性,V,久保,1,131158
450215,2026/07/04,FJALLRAVEN by 3NITY 京王新宿,23510501-115X,FJALLRAVEN,23510,Kanken,501-115,Sky Blue-Light Oak,X,1,"13,000","1,300","14,300","13,000","1,300","14,300","13,000",現金,,女性,I,佐野,0,
450217,2026/07/04,FJALLRAVEN by 3NITY ルクア大阪,23345633X,FJALLRAVEN,23345,Raven 28,633,Dark Olive,X,1,"19,000","1,900","20,900","19,000","1,900","20,900","19,000",カード,,女性,II,檜作,1,124499
450217,2026/07/04,FJALLRAVEN by 3NITY ルクア大阪,23200339620-221X,FJALLRAVEN,23200339,Vardag Pocket Large,620-221,Green-Clay,X,1,"9,000",900,"9,900","9,000",900,"9,900","9,000",カード,,女性,II,檜作,1,124499
450217,2026/07/04,FJALLRAVEN by 3NITY ルクア大阪,SNF001029X,Shiretoko,SNF001,知床ボトル(1L)/バター,29,バター,X,1,"2,800",280,"3,080","2,800",280,"3,080","2,800",カード,,女性,II,檜作,1,124499
450240,2026/07/05,FJALLRAVEN POPUP NARITA,23797021X,FJALLRAVEN,23797,Kanken Sling,021,FOG,X,1,"10,500",0,"10,500","10,500",0,"10,500","10,500",カード,,外国女性,III,島田,0,
450245,2026/07/05,FJALLRAVEN STORE 名古屋ファッションワン,23510021-312X,FJALLRAVEN,23510,Kanken,021-312,Fog-Pink,X,1,"13,000","1,300","14,300","13,000","1,300","14,300","13,000",現金,,女性,IV,久保,1,143858
450246,2026/07/05,FJALLRAVEN by 3NITY 大丸心斎橋,23510302X,FJALLRAVEN,23510,Kanken,302,Chalk Rose,X,1,"13,000","1,300","14,300","13,000","1,300","14,300","13,000",カード,,女性,V,片岡,0,
450246,2026/07/05,FJALLRAVEN by 3NITY 大丸心斎橋,GIFT500,Other,GIFT500,Gift Wrapping (L),,,X,1,500,50,550,500,50,550,500,カード,,女性,V,片岡,0,
450246,2026/07/05,FJALLRAVEN by 3NITY 大丸心斎橋,RP011,Other,RP011,ショッパー(M),,,X,1,50,5,55,50,5,55,50,カード,,女性,V,片岡,0,
450250,2026/07/05,FJALLRAVEN by 3NITY ルクア大阪,23524664X,FJALLRAVEN,23524,Kanken Laptop 15,664,Frost Green,X,1,"18,000","1,800","19,800","18,000","1,800","19,800","18,000",カード,,女性,III,志良堂,1,143859
450251,2026/07/05,FJALLRAVEN by 3NITY ルクア大阪,77277625L,FJALLRAVEN,77277,Kiruna Hat,625,Laurel Green,L,1,"7,400",740,"8,140","7,400",740,"8,140","7,400",カード,,男性,IV,志良堂,1,143860
450252,2026/07/05,FJALLRAVEN by 3NITY玉川高島屋S・C,23797457X,FJALLRAVEN,23797,Kanken Sling,457,Pastel Lavender,X,1,"10,500","1,050","11,550","10,500","1,050","11,550","10,500",複数金種,,女性,V,森,1,135304
450253,2026/07/05,FJALLRAVEN by 3NITY ルクア大阪,23510118X,FJALLRAVEN,23510,Kanken,118,Fossil,X,1,"13,000","1,300","14,300","13,000","1,300","14,300","13,000",カード,,女性,I,志良堂,1,143861
450253,2026/07/05,FJALLRAVEN by 3NITY ルクア大阪,RP011,Other,RP011,ショッパー(M),,,X,1,50,5,55,50,5,55,50,カード,,女性,I,志良堂,1,143861
450254,2026/07/05,FJALLRAVEN by 3NITY ルクア大阪,23510664X,FJALLRAVEN,23510,Kanken,664,Frost Green,X,1,"13,000","1,300","14,300","13,000","1,300","14,300","13,000",カード,,女性,II,志良堂,1,143862
450254,2026/07/05,FJALLRAVEN by 3NITY ルクア大阪,RP011,Other,RP011,ショッパー(M),,,X,1,50,5,55,50,5,55,50,カード,,女性,II,志良堂,1,143862
450255,2026/07/05,FJALLRAVEN by 3NITY TOKYO,79060X,FJALLRAVEN,79060,Greenland Wax,,,X,1,"1,500",150,"1,650","1,500",150,"1,650","1,500",現金,,男性,II,花山,1,１３８５０９
450256,2026/07/05,FJALLRAVEN STORE 名古屋ファッションワン,23200303037X,FJALLRAVEN,23200303,Farden Carry-On Pack,037,Coal Black,X,1,"29,000","2,900","31,900","29,000","2,900","31,900","29,000",カード,,男性,V,久保,1,131802
450256,2026/07/05,FJALLRAVEN STORE 名古屋ファッションワン,23200358577-986X,FJALLRAVEN,23200358,Kanken Graphics Hip Pack,577-986,Nimbus Blue-Hidden Animals,X,1,"10,000","1,000","11,000","10,000","1,000","11,000","10,000",カード,,男性,V,久保,1,131802
450256,2026/07/05,FJALLRAVEN STORE 名古屋ファッションワン,Hokkosai1200X,Other,Hokkosai1200,北狐祭手ぬぐい,,,X,1,600,60,660,600,60,660,"1,200",カード,,男性,V,久保,1,131802
450256,2026/07/05,FJALLRAVEN STORE 名古屋ファッションワン,RP012,Other,RP012,ショッパー(L),,,X,1,50,5,55,50,5,55,50,カード,,男性,V,久保,1,131802
450257,2026/07/05,FJALLRAVEN by 3NITY SAPPORO HUTTE,23785199X,FJALLRAVEN,23785,Kanken Keyring,199,Sunstone Orange,X,1,"1,500",150,"1,650","1,500",150,"1,650","1,500",複数金種,,男性,III,佐藤,1,119352
450258,2026/07/05,FJALLRAVEN by 3NITY SAPPORO HUTTE,23510302X,FJALLRAVEN,23510,Kanken,302,Chalk Rose,X,1,"13,000","1,300","14,300","13,000","1,300","14,300","13,000",カード,,女性,III,佐藤,0,
450259,2026/07/05,FJALLRAVEN by 3NITY玉川高島屋S・C,23200251664X,FJALLRAVEN,23200251,Kanken Outlong,664,Frost Green,X,1,"19,000","1,900","20,900","19,000","1,900","20,900","19,000",現金,,男性,IV,森,0,
450259,2026/07/05,FJALLRAVEN by 3NITY玉川高島屋S・C,RP012,Other,RP012,ショッパー(L),,,X,1,50,5,55,50,5,55,50,現金,,男性,IV,森,0,
450260,2026/07/05,FJALLRAVEN STORE 名古屋ファッションワン,23803577X,FJALLRAVEN,23803,Kanken no. 2 Laptop 15,577,Nimbus Blue,X,1,"24,000","2,400","26,400","24,000","2,400","26,400","24,000",カード,,女性,IV,久保,1,143864
450261,2026/07/05,FJALLRAVEN by 3NITY ルクア大阪,23510600X,FJALLRAVEN,23510,Kanken,600,Mint Green,X,1,"13,000","1,300","14,300","13,000","1,300","14,300","13,000",複数金種,,女性,II,志良堂,1,143863
450262,2026/07/05,FJALLRAVEN by 3NITY SAPPORO HUTTE,23200303037X,FJALLRAVEN,23200303,Farden Carry-On Pack,037,Coal Black,X,1,"28,000","2,800","30,800","28,000","2,800","30,800","29,000",複数金種,,女性,IV,佐藤,1,141083
450263,2026/07/05,FJALLRAVEN by 3NITY TOKYO NODE,Hokkosai1200X,Other,Hokkosai1200,北狐祭手ぬぐい,,,X,1,600,60,660,600,60,660,"1,200",カード,,男性,IV,山之内,1,138509
450264,2026/07/05,FJALLRAVEN by 3NITY ルクア大阪,23523326X,FJALLRAVEN,23523,Kanken Laptop 13,326,Ox Red,X,1,"17,000","1,700","18,700","17,000","1,700","18,700","17,000",カード,,女性,I,檜作,1,143865
450264,2026/07/05,FJALLRAVEN by 3NITY ルクア大阪,23513907X,FJALLRAVEN,23513,Kanken Rainbow Chest Strap,907,Rainbow Pattern,X,1,"2,000",200,"2,200","2,000",200,"2,200","2,000",カード,,女性,I,檜作,1,143865
450264,2026/07/05,FJALLRAVEN by 3NITY ルクア大阪,RP011,Other,RP011,ショッパー(M),,,X,1,50,5,55,50,5,55,50,カード,,女性,I,檜作,1,143865
450265,2026/07/05,FJALLRAVEN STORE 名古屋ファッションワン,Hokkosai1200X,Other,Hokkosai1200,北狐祭手ぬぐい,,,X,1,600,60,660,600,60,660,"1,200",現金,,男性,III,久保,1,111613
450265,2026/07/05,FJALLRAVEN STORE 名古屋ファッションワン,87208555M,FJALLRAVEN,87208,Ovik Travel Shirt LS M,555,Dark Navy,M,1,"9,000",900,"9,900","9,000",900,"9,900","14,000",現金,,男性,III,久保,1,111613
450266,2026/07/05,FJALLRAVEN by 3NITY SAPPORO HUTTE,23524560X,FJALLRAVEN,23524,Kanken Laptop 15,560,Navy,X,1,"18,000","1,800","19,800","18,000","1,800","19,800","18,000",カード,,女性,I,佐藤,1,143866
450267,2026/07/05,FJALLRAVEN by 3NITY TOKYO NODE,23803238X,FJALLRAVEN,23803,Kanken no. 2 Laptop 15,238,Hazel Brown,X,1,"14,000","1,400","15,400","14,000","1,400","15,400","24,000",複数金種,,男性,V,西村,1,129826
450267,2026/07/05,FJALLRAVEN by 3NITY TOKYO NODE,23803577X,FJALLRAVEN,23803,Kanken no. 2 Laptop 15,577,Nimbus Blue,X,1,"24,000","2,400","26,400","24,000","2,400","26,400","24,000",複数金種,,男性,V,西村,1,129826
450268,2026/07/05,FJALLRAVEN by 3NITY ルクア大阪,23525560X,FJALLRAVEN,23525,Kanken Laptop 17,560,Navy,X,1,"19,000",0,"19,000","19,000",0,"19,000","19,000",電子マネー,,外国女性,III,檜作,0,
450269,2026/07/05,FJALLRAVEN by 3NITY SAPPORO HUTTE,23510160X,FJALLRAVEN,23510,Kanken,160,Ochre,X,1,"13,000","1,300","14,300","13,000","1,300","14,300","13,000",カード,,女性,I,佐藤,1,143869
450270,2026/07/05,FJALLRAVEN by 3NITY玉川高島屋S・C,23510302X,FJALLRAVEN,23510,Kanken,302,Chalk Rose,X,1,"13,000","1,300","14,300","13,000","1,300","14,300","13,000",現金,,女性,IV,神永,0,
450270,2026/07/05,FJALLRAVEN by 3NITY玉川高島屋S・C,RP011,Other,RP011,ショッパー(M),,,X,1,50,5,55,50,5,55,50,現金,,女性,IV,神永,0,
450271,2026/07/05,FJALLRAVEN by 3NITY TOKYO NODE,23565633X,FJALLRAVEN,23565,Kanken No.2,633,Dark Olive,X,1,"20,000","2,000","22,000","20,000","2,000","22,000","20,000",複数金種,,女性,I,山之内,1,143867
450271,2026/07/05,FJALLRAVEN by 3NITY TOKYO NODE,RP011,Other,RP011,ショッパー(M),,,X,1,50,5,55,50,5,55,50,複数金種,,女性,I,山之内,1,143867
450272,2026/07/05,FJALLRAVEN by 3NITY玉川高島屋S・C,RP011,Other,RP011,ショッパー(M),,,X,1,50,5,55,50,5,55,50,複数金種,,女性,IV,神永,0,
450272,2026/07/05,FJALLRAVEN by 3NITY玉川高島屋S・C,23510312X,FJALLRAVEN,23510,Kanken,312,Pink,X,1,"13,000","1,300","14,300","13,000","1,300","14,300","13,000",複数金種,,女性,IV,神永,0,
450273,2026/07/05,FJALLRAVEN POPUP NARITA,23561664X,FJALLRAVEN,23561,Kanken Mini,664,Frost Green,X,1,"12,000",0,"12,000","12,000",0,"12,000","12,000",複数金種,,外国女性,IV,吉田,0,
450273,2026/07/05,FJALLRAVEN POPUP NARITA,23561021-312X,FJALLRAVEN,23561,Kanken Mini,021-312,Fog-Pink,X,1,"12,000",0,"12,000","12,000",0,"12,000","12,000",複数金種,,外国女性,IV,吉田,0,
450274,2026/07/05,FJALLRAVEN by 3NITY ルクア大阪,23796221X,FJALLRAVEN,23796,Kanken Hip Pack,221,Clay,X,1,"8,000",800,"8,800","8,000",800,"8,800","8,000",カード,,女性,II,檜作,1,143870
450274,2026/07/05,FJALLRAVEN by 3NITY ルクア大阪,RP010,Other,RP010,ショッパー(S),,,X,1,50,5,55,50,5,55,50,カード,,女性,II,檜作,1,143870
450275,2026/07/05,FJALLRAVEN POPUP NARITA,23200332037X,FJALLRAVEN,23200332,Vardag Foldsack 25,037,Coal Black,X,1,"21,500",0,"21,500","21,500",0,"21,500","21,500",カード,,外国男性,II,吉田,0,
450276,2026/07/05,FJALLRAVEN by 3NITY玉川高島屋S・C,13100237550S/M,FJALLRAVEN,13100237,Vardag Bucket Hat,550,Black,S/M,1,"9,000",900,"9,900","9,000",900,"9,900","9,000",カード,,男性,IV,森,0,
450277,2026/07/05,FJALLRAVEN by 3NITY TOKYO NODE,23804550X,FJALLRAVEN,23804,Kanken no. 2 Black Laptop 15,550,Black,X,1,"26,000",0,"26,000","26,000",0,"26,000","26,000",カード,,外国男性,III,西村,0,
450278,2026/07/05,FJALLRAVEN by 3NITY TOKYO,23797424X,FJALLRAVEN,23797,Kanken Sling,424,Blackberry,X,1,"10,500","1,050","11,550","10,500","1,050","11,550","10,500",電子マネー,,女性,II,花山,0,
450278,2026/07/05,FJALLRAVEN by 3NITY TOKYO,RP010,Other,RP010,ショッパー(S),,,X,1,50,5,55,50,5,55,50,電子マネー,,女性,II,花山,0,
450279,2026/07/05,FJALLRAVEN POPUP NARITA,23226452X,FJALLRAVEN,23226,HighCoastPocket,452,Lavender Mist,X,1,"5,000",500,"5,500","5,000",500,"5,500","5,000",電子マネー,,女性,IV,吉田,0,
450280,2026/07/05,FJALLRAVEN STORE 名古屋ファッションワン,87310550M,FJALLRAVEN,87310,Fjallraven Logo T-shirt M,550,Black,M,1,"6,500",650,"7,150","6,500",650,"7,150","6,500",現金,,男性,V,久保,0,
450282,2026/07/05,FJALLRAVEN by 3NITY TOKYO,23100176X,FJALLRAVEN,23100176,Samlaren Field Repair,,Assorted,X,1,"5,800",580,"6,380","5,800",580,"6,380","5,800",カード,,男性,III,花山,1,134460
450282,2026/07/05,FJALLRAVEN by 3NITY TOKYO,12600216244S,FJALLRAVEN,12600216,Walk With Nature T-shirt M,244,Suede Brown,S,1,"5,500",550,"6,050","5,500",550,"6,050","6,500",カード,,男性,III,花山,1,134460
450282,2026/07/05,FJALLRAVEN by 3NITY TOKYO,Hokkosai1200X,Other,Hokkosai1200,北狐祭手ぬぐい,,,X,1,600,60,660,600,60,660,"1,200",カード,,男性,III,花山,1,134460
450282,2026/07/05,FJALLRAVEN by 3NITY TOKYO,ASW01F,Blue Moment,ASW01,野あすわチャンネルステッカー,,,F,1,460,46,506,460,46,506,460,カード,,男性,III,花山,1,134460
450282,2026/07/05,FJALLRAVEN by 3NITY TOKYO,ASW02F,Blue Moment,ASW02,焚火会メンバーズステッカー,,,F,1,460,46,506,460,46,506,460,カード,,男性,III,花山,1,134460
450282,2026/07/05,FJALLRAVEN by 3NITY TOKYO,RP010,Other,RP010,ショッパー(S),,,X,1,50,5,55,50,5,55,50,カード,,男性,III,花山,1,134460
450283,2026/07/05,FJALLRAVEN by 3NITY SAPPORO HUTTE,23200251021X,FJALLRAVEN,23200251,Kanken Outlong,021,Fog,X,1,"19,000","1,900","20,900","19,000","1,900","20,900","19,000",電子マネー,,女性,II,佐藤,1,143871
450283,2026/07/05,FJALLRAVEN by 3NITY SAPPORO HUTTE,23513907X,FJALLRAVEN,23513,Kanken Rainbow Chest Strap,907,Rainbow Pattern,X,1,"2,000",200,"2,200","2,000",200,"2,200","2,000",電子マネー,,女性,II,佐藤,1,143871
450283,2026/07/05,FJALLRAVEN by 3NITY SAPPORO HUTTE,23166550X,FJALLRAVEN,23166,Ulvo Hip Pack Large,550,Black,X,1,"10,000","1,000","11,000","10,000","1,000","11,000","10,000",電子マネー,,女性,II,佐藤,1,143871
450283,2026/07/05,FJALLRAVEN by 3NITY SAPPORO HUTTE,23561160X,FJALLRAVEN,23561,Kanken Mini,160,Ochre,X,1,"12,000","1,200","13,200","12,000","1,200","13,200","12,000",電子マネー,,女性,II,佐藤,1,143871
450284,2026/07/05,FJALLRAVEN by 3NITY TOKYO NODE,23510501-115X,FJALLRAVEN,23510,Kanken,501-115,Sky Blue-Light Oak,X,1,"13,000","1,300","14,300","13,000","1,300","14,300","13,000",複数金種,,女性,II,西村,1,143872
450284,2026/07/05,FJALLRAVEN by 3NITY TOKYO NODE,RP002,Other,RP002,刺繍代,,,X,1,800,80,880,800,80,880,800,複数金種,,女性,II,西村,1,143872
450284,2026/07/05,FJALLRAVEN by 3NITY TOKYO NODE,RP011,Other,RP011,ショッパー(M),,,X,1,50,5,55,50,5,55,50,複数金種,,女性,II,西村,1,143872
450284,2026/07/05,FJALLRAVEN by 3NITY TOKYO NODE,FC500,Other,FC500,送料,,,X,1,500,50,550,500,50,550,500,複数金種,,女性,II,西村,1,143872
450285,2026/07/05,FJALLRAVEN by 3NITY TOKYO,TNT036106L,TENNEN,TNT036,天撚Ｔシャツ/HEMP 2.0,106,Navy,L,1,"13,000",0,"13,000","13,000",0,"13,000","13,000",現金,,外国男性,III,木村,0,
450286,2026/07/05,FJALLRAVEN by 3NITY ルクア大阪,23510560X,FJALLRAVEN,23510,Kanken,560,Navy,X,1,"13,000","1,300","14,300","13,000","1,300","14,300","13,000",電子マネー,,女性,II,檜作,1,143873
450286,2026/07/05,FJALLRAVEN by 3NITY ルクア大阪,23505326X,FJALLRAVEN,23505,Kanken Shoulder Pads,326,Ox Red,X,1,"3,500",350,"3,850","3,500",350,"3,850","3,500",電子マネー,,女性,II,檜作,1,143873
450286,2026/07/05,FJALLRAVEN by 3NITY ルクア大阪,RP011,Other,RP011,ショッパー(M),,,X,1,50,5,55,50,5,55,50,電子マネー,,女性,II,檜作,1,143873
450286,2026/07/05,FJALLRAVEN by 3NITY ルクア大阪,GIFT400,Other,GIFT400,Gift Wrapping (M),,,X,1,400,40,440,400,40,440,400,電子マネー,,女性,II,檜作,1,143873
450287,2026/07/05,FJALLRAVEN POPUP NARITA,23505560X,FJALLRAVEN,23505,Kanken Shoulder Pads,560,Navy,X,1,"3,500",350,"3,850","3,500",350,"3,850","3,500",現金,,外国男性,III,吉田,0,
450288,2026/07/05,FJALLRAVEN STORE 名古屋ファッションワン,23510501X,FJALLRAVEN,23510,Kanken,501,Sky blue,X,1,"11,700","1,170","12,870","11,700","1,170","12,870","13,000",電子マネー,,女性,II,清水,0,
450288,2026/07/05,FJALLRAVEN STORE 名古屋ファッションワン,RP011,Other,RP011,ショッパー(M),,,X,1,50,5,55,50,5,55,50,電子マネー,,女性,II,清水,0,
450289,2026/07/05,FJALLRAVEN by 3NITY玉川高島屋S・C,23510312X,FJALLRAVEN,23510,Kanken,312,Pink,X,1,"13,000","1,300","14,300","13,000","1,300","14,300","13,000",電子マネー,,男性,IV,神永,1,１４３８７４
450289,2026/07/05,FJALLRAVEN by 3NITY玉川高島屋S・C,23345550-550X,FJALLRAVEN,23345,Raven 28,550-550,Black-Black,X,1,"19,000","1,900","20,900","19,000","1,900","20,900","19,000",電子マネー,,男性,IV,神永,1,１４３８７４
450289,2026/07/05,FJALLRAVEN by 3NITY玉川高島屋S・C,RP012,Other,RP012,ショッパー(L),,,X,1,50,5,55,50,5,55,50,電子マネー,,男性,IV,神永,1,１４３８７４
450290,2026/07/05,FJALLRAVEN by 3NITY玉川高島屋S・C,23797160X,FJALLRAVEN,23797,Kanken Sling,160,OCHRE,X,1,"10,500","1,050","11,550","10,500","1,050","11,550","10,500",複数金種,,女性,VI,森,1,138354
450291,2026/07/05,FJALLRAVEN POPUP NARITA,23510550X,FJALLRAVEN,23510,Kanken,550,Black,X,1,"13,000","1,300","14,300","13,000","1,300","14,300","13,000",現金,,女性,II,吉田,0,
450291,2026/07/05,FJALLRAVEN POPUP NARITA,RP011,Other,RP011,ショッパー(M),,,X,1,50,5,55,50,5,55,50,現金,,女性,II,吉田,0,
450292,2026/07/05,FJALLRAVEN by 3NITY TOKYO NODE,23223452X,FJALLRAVEN,23223,HighCoastHipPack,452,Lavender Mist,X,1,"6,500",0,"6,500","6,500",0,"6,500","6,500",カード,,外国女性,II,西村,0,
450293,2026/07/05,FJALLRAVEN by 3NITY ルクア大阪,23166550X,FJALLRAVEN,23166,Ulvo Hip Pack Large,550,Black,X,1,"10,000","1,000","11,000","10,000","1,000","11,000","10,000",カード,,男性,IV,檜作,1,143875
450294,2026/07/05,FJALLRAVEN POPUP NARITA,78150118L/XL,FJALLRAVEN,78150,High Coast Lite Cap,118,Fossil,L/XL,1,"5,500",0,"5,500","5,500",0,"5,500","5,500",現金,,外国女性,III,吉田,0,
450295,2026/07/05,FJALLRAVEN STORE 名古屋ファッションワン,23510021-312X,FJALLRAVEN,23510,Kanken,021-312,Fog-Pink,X,1,"13,000","1,300","14,300","13,000","1,300","14,300","13,000",カード,,女性,I,久保,0,
450296,2026/07/05,FJALLRAVEN by 3NITY SAPPORO HUTTE,23510540X,FJALLRAVEN,23510,Kanken,540,Royal Blue,X,1,"13,000","1,300","14,300","13,000","1,300","14,300","13,000",カード,,女性,III,佐藤,1,143877
450297,2026/07/05,FJALLRAVEN by 3NITY 大丸心斎橋,23524560X,FJALLRAVEN,23524,Kanken Laptop 15,560,Navy,X,1,"18,000","1,800","19,800","18,000","1,800","19,800","18,000",複数金種,,男性,IV,久保,1,143876
450297,2026/07/05,FJALLRAVEN by 3NITY 大丸心斎橋,RP011,Other,RP011,ショッパー(M),,,X,1,50,5,55,50,5,55,50,複数金種,,男性,IV,久保,1,143876
450298,2026/07/05,FJALLRAVEN by 3NITY TOKYO NODE,23510021-312X,FJALLRAVEN,23510,Kanken,021-312,Fog-Pink,X,1,"13,000","1,300","14,300","13,000","1,300","14,300","13,000",複数金種,,女性,I,山之内,1,143878
450299,2026/07/05,FJALLRAVEN by 3NITY SAPPORO HUTTE,77404550X,FJALLRAVEN,77404,Bergtagen Cap,550,Black,X,1,"6,500",650,"7,150","6,500",650,"7,150","7,500",複数金種,,男性,IV,佐藤,1,126096
450300,2026/07/05,FJALLRAVEN by 3NITY 大丸心斎橋,23227452X,FJALLRAVEN,23227,HighCoastCrossbody,452,Lavender Mist,X,1,"10,000","1,000","11,000","10,000","1,000","11,000","10,000",複数金種,,外国女性,III,久保,0,
450301,2026/07/05,FJALLRAVEN by 3NITY ルクア大阪,23524501X,FJALLRAVEN,23524,Kanken Laptop 15,501,Sky Blue,X,1,"18,000","1,800","19,800","18,000","1,800","19,800","18,000",カード,,女性,I,檜作,1,143879
450301,2026/07/05,FJALLRAVEN by 3NITY ルクア大阪,RP011,Other,RP011,ショッパー(M),,,X,1,50,5,55,50,5,55,50,カード,,女性,I,檜作,1,143879
450302,2026/07/05,FJALLRAVEN by 3NITY ルクア大阪,77406620L/XL,FJALLRAVEN,77406,AbiskoSunHat,620,Green,L/XL,1,"7,400",740,"8,140","7,400",740,"8,140","7,400",複数金種,,女性,III,志良堂,0,
450303,2026/07/05,FJALLRAVEN by 3NITY TOKYO NODE,23226550X,FJALLRAVEN,23226,High Coast Pocket,550,Black,X,1,"5,000",500,"5,500","5,000",500,"5,500","5,000",複数金種,,女性,IV,山之内,1,143881
450303,2026/07/05,FJALLRAVEN by 3NITY TOKYO NODE,RP010,Other,RP010,ショッパー(S),,,X,1,50,5,55,50,5,55,50,複数金種,,女性,IV,山之内,1,143881
450304,2026/07/05,FJALLRAVEN by 3NITY TOKYO,24221030X,FJALLRAVEN,24221,Pocket,030,Dark Grey,X,1,"6,000",600,"6,600","6,000",600,"6,600","6,000",カード,,男性,III,木村,1,143882
450304,2026/07/05,FJALLRAVEN by 3NITY TOKYO,GIFT400,Other,GIFT400,Gift Wrapping (M),,,X,1,400,40,440,400,40,440,400,カード,,男性,III,木村,1,143882
450304,2026/07/05,FJALLRAVEN by 3NITY TOKYO,RP010,Other,RP010,ショッパー(S),,,X,1,50,5,55,50,5,55,50,カード,,男性,III,木村,1,143882
450305,2026/07/05,FJALLRAVEN by 3NITY ルクア大阪,23565633X,FJALLRAVEN,23565,Kanken No.2,633,Dark Olive,X,1,"20,000","2,000","22,000","20,000","2,000","22,000","20,000",電子マネー,,女性,II,志良堂,1,143880
450305,2026/07/05,FJALLRAVEN by 3NITY ルクア大阪,79060X,FJALLRAVEN,79060,Greenland Wax,,,X,1,"1,500",150,"1,650","1,500",150,"1,650","1,500",電子マネー,,女性,II,志良堂,1,143880
450306,2026/07/05,FJALLRAVEN by 3NITY TOKYO,23510046X,FJALLRAVEN,23510,Kanken,046,Super grey,X,1,"13,000","1,300","14,300","13,000","1,300","14,300","13,000",現金,,女性,II,木村,0,
450306,2026/07/05,FJALLRAVEN by 3NITY TOKYO,RP002,Other,RP002,刺繍代,,,X,1,800,80,880,800,80,880,800,現金,,女性,II,木村,0,
450306,2026/07/05,FJALLRAVEN by 3NITY TOKYO,RP011,Other,RP011,ショッパー(M),,,X,1,50,5,55,50,5,55,50,現金,,女性,II,木村,0,
450307,2026/07/05,FJALLRAVEN STORE 名古屋ファッションワン,77391300L/XL,FJALLRAVEN,77391,Fjallraven Est. 1960 Cap,300,Dusty Rose,L/XL,1,"6,200",0,"6,200","6,200",0,"6,200","6,200",現金,,外国女性,V,清水,0,
450308,2026/07/05,FJALLRAVEN by 3NITY ルクア大阪,GIFT400,Other,GIFT400,Gift Wrapping (M),,,X,1,400,40,440,400,40,440,400,電子マネー,,男性,II,志良堂,1,143883
450308,2026/07/05,FJALLRAVEN by 3NITY ルクア大阪,23561021-312X,FJALLRAVEN,23561,Kanken Mini,021-312,Fog-Pink,X,1,"12,000","1,200","13,200","12,000","1,200","13,200","12,000",電子マネー,,男性,II,志良堂,1,143883
450308,2026/07/05,FJALLRAVEN by 3NITY ルクア大阪,RP011,Other,RP011,ショッパー(M),,,X,1,50,5,55,50,5,55,50,電子マネー,,男性,II,志良堂,1,143883
450309,2026/07/05,FJALLRAVEN by 3NITY 京王新宿,23510501-115X,FJALLRAVEN,23510,Kanken,501-115,Sky Blue-Light Oak,X,1,"13,000","1,300","14,300","13,000","1,300","14,300","13,000",現金,,女性,I,佐野,0,
450309,2026/07/05,FJALLRAVEN by 3NITY 京王新宿,RP011,Other,RP011,ショッパー(M),,,X,1,50,5,55,50,5,55,50,現金,,女性,I,佐野,0,
450310,2026/07/05,FJALLRAVEN by 3NITY 大丸心斎橋,BE20002,BELAY,BE20002,MY BOTTLE PLUS-ION,,,X,1,"1,500",150,"1,650","1,500",150,"1,650","1,500",カード,,女性,III,久保,0,
450311,2026/07/05,FJALLRAVEN by 3NITY ルクア大阪,23561021-312X,FJALLRAVEN,23561,Kanken Mini,021-312,Fog-Pink,X,1,"12,000","1,200","13,200","12,000","1,200","13,200","12,000",カード,,女性,III,志良堂,1,143884
450311,2026/07/05,FJALLRAVEN by 3NITY ルクア大阪,RP011,Other,RP011,ショッパー(M),,,X,1,50,5,55,50,5,55,50,カード,,女性,III,志良堂,1,143884
450311,2026/07/05,FJALLRAVEN by 3NITY ルクア大阪,RP008,Other,RP008,KANKEN SMU,,,X,1,"2,000",200,"2,200","2,000",200,"2,200","2,000",カード,,女性,III,志良堂,1,143884
450312,2026/07/05,FJALLRAVEN by 3NITY 京王新宿,77406550L/XL,FJALLRAVEN,77406,AbiskoSunHat,550,Black,L/XL,1,"7,400",740,"8,140","7,400",740,"8,140","7,400",現金,,女性,V,佐野,0,
450313,2026/07/05,FJALLRAVEN by 3NITY ルクア大阪,23797115X,FJALLRAVEN,23797,Kanken Sling,115,Light Oak,X,1,"10,500","1,050","11,550","10,500","1,050","11,550","10,500",電子マネー,,女性,II,志良堂,0,
450313,2026/07/05,FJALLRAVEN by 3NITY ルクア大阪,23561312X,FJALLRAVEN,23561,Kanken Mini,312,Pink,X,1,"12,000","1,200","13,200","12,000","1,200","13,200","12,000",電子マネー,,女性,II,志良堂,0,
450313,2026/07/05,FJALLRAVEN by 3NITY ルクア大阪,RP011,Other,RP011,ショッパー(M),,,X,1,50,5,55,50,5,55,50,電子マネー,,女性,II,志良堂,0,
450314,2026/07/05,FJALLRAVEN by 3NITY 京王新宿,23510312X,FJALLRAVEN,23510,Kanken,312,Pink,X,1,"13,000","1,300","14,300","13,000","1,300","14,300","13,000",現金,,女性,I,佐野,1,143885
450314,2026/07/05,FJALLRAVEN by 3NITY 京王新宿,RP011,Other,RP011,ショッパー(M),,,X,1,50,5,55,50,5,55,50,現金,,女性,I,佐野,1,143885
450315,2026/07/05,FJALLRAVEN by 3NITY ルクア大阪,23623302-907X,FJALLRAVEN,23623,KankenRainbowSling,302-907,Chalk Rose-Rainbow,X,1,"11,000","1,100","12,100","11,000","1,100","12,100","11,000",現金,,女性,II,志良堂,0,
450316,2026/07/05,FJALLRAVEN by 3NITY TOKYO NODE,23710031X,FJALLRAVEN,23710,Kanken Totepack,031,Graphite,X,2,"15,000",0,"15,000","30,000",0,"30,000","15,000",カード,,外国女性,IV,山之内,0,
450316,2026/07/05,FJALLRAVEN by 3NITY TOKYO NODE,77297032X,FJALLRAVEN,77297,Canvas Brass Belt 4 cm,032,Mountain Grey,X,1,"4,300",0,"4,300","4,300",0,"4,300","4,300",カード,,外国女性,IV,山之内,0,
450316,2026/07/05,FJALLRAVEN by 3NITY TOKYO NODE,24215560X,FJALLRAVEN,24215,Gear Pocket,560,Navy,X,1,"3,000",0,"3,000","3,000",0,"3,000","3,000",カード,,外国女性,IV,山之内,0,
450317,2026/07/05,FJALLRAVEN by 3NITY 京王新宿,87310051L,FJALLRAVEN,87310,Fjallraven Logo T-shirt M,051,Grey Melange,L,1,"6,500",650,"7,150","6,500",650,"7,150","6,500",現金,,男性,V,大森,0,
450318,2026/07/05,FJALLRAVEN by 3NITY ルクア大阪,23227452X,FJALLRAVEN,23227,HighCoastCrossbody,452,Lavender Mist,X,1,"10,000","1,000","11,000","10,000","1,000","11,000","10,000",カード,,女性,II,志良堂,0,
450319,2026/07/05,FJALLRAVEN by 3NITY 京王新宿,23510550X,FJALLRAVEN,23510,Kanken,550,Black,X,1,"13,000","1,300","14,300","13,000","1,300","14,300","13,000",現金,,女性,II,佐野,0,
450320,2026/07/05,FJALLRAVEN by 3NITY TOKYO,23797160X,FJALLRAVEN,23797,Kanken Sling,160,OCHRE,X,1,"10,500","1,050","11,550","10,500","1,050","11,550","10,500",カード,,女性,IV,花山,1,143886
450320,2026/07/05,FJALLRAVEN by 3NITY TOKYO,RP002,Other,RP002,刺繍代,,,X,1,800,80,880,800,80,880,800,カード,,女性,IV,花山,1,143886
450320,2026/07/05,FJALLRAVEN by 3NITY TOKYO,23200338662X,FJALLRAVEN,23200338,Vardag Pocket Small,662,Deep Forest,X,1,"6,500",650,"7,150","6,500",650,"7,150","6,500",カード,,女性,IV,花山,1,143886
450320,2026/07/05,FJALLRAVEN by 3NITY TOKYO,23200395118X,FJALLRAVEN,23200395,Kanken Crossbody,118,Fossil,X,1,"12,500","1,250","13,750","12,500","1,250","13,750","12,500",カード,,女性,IV,花山,1,143886
450321,2026/07/05,FJALLRAVEN by 3NITY ルクア大阪,12600268113L,FJALLRAVEN,12600268,Multicolor Logo T-shirt M,113,Chalk White,L,1,"8,900",890,"9,790","8,900",890,"9,790","8,900",カード,,男性,II,志良堂,1,143887
450321,2026/07/05,FJALLRAVEN by 3NITY ルクア大阪,24213030X,FJALLRAVEN,24213,Gear Bag,030,Dark Grey,X,1,"4,300",430,"4,730","4,300",430,"4,730","4,300",カード,,男性,II,志良堂,1,143887
450321,2026/07/05,FJALLRAVEN by 3NITY ルクア大阪,RP011,Other,RP011,ショッパー(M),,,X,1,50,5,55,50,5,55,50,カード,,男性,II,志良堂,1,143887
450323,2026/07/05,FJALLRAVEN POPUP NARITA,14600270111S,FJALLRAVEN,14600270,Forest Walk T-shirt  W,111,Eggshell,S,1,"8,000",800,"8,800","8,000",800,"8,800","8,000",カード,,女性,V,島田,0,
450324,2026/07/05,FJALLRAVEN by 3NITY TOKYO,13100181030S/M,FJALLRAVEN,13100181,Fjallraven Logo Cap,030,Dark Grey,S/M,1,"7,000",700,"7,700","7,000",700,"7,700","7,000",カード,,外国女性,II,赤根,0,
450325,2026/07/05,FJALLRAVEN by 3NITY玉川高島屋S・C,23225560X,FJALLRAVEN,23225,High Coast Totepack,560,Navy,X,1,"13,000","1,300","14,300","13,000","1,300","14,300","13,000",複数金種,,男性,IV,神永,1,143888
450326,2026/07/05,FJALLRAVEN by 3NITY ルクア大阪,23524046X,FJALLRAVEN,23524,Kanken Laptop 15,046,Super Grey,X,1,"16,200","1,620","17,820","16,200","1,620","17,820","18,000",複数金種,,女性,II,志良堂,1,143038
450327,2026/07/05,FJALLRAVEN by 3NITY TOKYO,23561326X,FJALLRAVEN,23561,Kanken Mini,326,Ox Red,X,1,"12,000","1,200","13,200","12,000","1,200","13,200","12,000",カード,,男性,III,花山,0,
450327,2026/07/05,FJALLRAVEN by 3NITY TOKYO,RP011,Other,RP011,ショッパー(M),,,X,1,50,5,55,50,5,55,50,カード,,男性,III,花山,0,
450328,2026/07/05,FJALLRAVEN by 3NITY ルクア大阪,23510302X,FJALLRAVEN,23510,Kanken,302,Chalk Rose,X,1,"11,700","1,170","12,870","11,700","1,170","12,870","13,000",複数金種,,男性,IV,大山,1,143725
450328,2026/07/05,FJALLRAVEN by 3NITY ルクア大阪,RP011,Other,RP011,ショッパー(M),,,X,1,50,5,55,50,5,55,50,複数金種,,男性,IV,大山,1,143725
450329,2026/07/05,FJALLRAVEN by 3NITY玉川高島屋S・C,23561021X,FJALLRAVEN,23561,Kanken Mini,021,Fog,X,1,"12,000","1,200","13,200","12,000","1,200","13,200","12,000",複数金種,,女性,IV,神永,0,
450329,2026/07/05,FJALLRAVEN by 3NITY玉川高島屋S・C,RP011,Other,RP011,ショッパー(M),,,X,1,50,5,55,50,5,55,50,複数金種,,女性,IV,神永,0,
450330,2026/07/05,FJALLRAVEN by 3NITY 大丸心斎橋,23510312X,FJALLRAVEN,23510,Kanken,312,Pink,X,1,"13,000","1,300","14,300","13,000","1,300","14,300","13,000",複数金種,,女性,IV,片岡,1,143889
450331,2026/07/05,FJALLRAVEN by 3NITY SAPPORO HUTTE,23200330118X,FJALLRAVEN,23200330,HighCoastBackpack24,118,Fossil,X,1,"17,000",0,"17,000","17,000",0,"17,000","17,000",カード,,外国女性,III,佐藤,0,
450332,2026/07/05,FJALLRAVEN by 3NITY TOKYO NODE,GIFT300,Other,GIFT300,Gift Wrapping (S),,,X,1,300,30,330,300,30,330,300,複数金種,,女性,IV,山之内,1,143890
450332,2026/07/05,FJALLRAVEN by 3NITY TOKYO NODE,23796199X,FJALLRAVEN,23796,Kanken Hip Pack,199,Sunstone Orange,X,1,"8,000",800,"8,800","8,000",800,"8,800","8,000",複数金種,,女性,IV,山之内,1,143890
450333,2026/07/05,FJALLRAVEN by 3NITY TOKYO,23345050X,FJALLRAVEN,23345,Raven 28,050,Basalt,X,1,"18,000","1,800","19,800","18,000","1,800","19,800","19,000",電子マネー,,男性,II,花山,1,120752
450333,2026/07/05,FJALLRAVEN by 3NITY TOKYO,RP011,Other,RP011,ショッパー(M),,,X,1,50,5,55,50,5,55,50,電子マネー,,男性,II,花山,1,120752
450334,2026/07/05,FJALLRAVEN by 3NITY玉川高島屋S・C,23510021X,FJALLRAVEN,23510,Kanken,021,Fog,X,1,"13,000","1,300","14,300","13,000","1,300","14,300","13,000",カード,,男性,IV,森,0,
450334,2026/07/05,FJALLRAVEN by 3NITY玉川高島屋S・C,RP011,Other,RP011,ショッパー(M),,,X,1,50,5,55,50,5,55,50,カード,,男性,IV,森,0,
450335,2026/07/05,6142,23225207X,FJALLRAVEN,23225,High Coast Totepack,207,Sunset Orange,X,1,"13,000",0,"13,000","13,000",0,"13,000","13,000",カード,,外国女性,IV,中尾,0,
450336,2026/07/05,6142,23510031X,FJALLRAVEN,23510,Kanken,031,Graphite,X,1,"13,000","1,300","14,300","13,000","1,300","14,300","13,000",電子マネー,,外国女性,II,中尾,0,
450337,2026/07/05,FJALLRAVEN by 3NITY TOKYO,23803633X,FJALLRAVEN,23803,Kanken no. 2 Laptop 15,633,Dark Olive,X,1,"24,000","2,400","26,400","24,000","2,400","26,400","24,000",電子マネー,,男性,V,木村,1,143891
450337,2026/07/05,FJALLRAVEN by 3NITY TOKYO,RP011,Other,RP011,ショッパー(M),,,X,1,50,5,55,50,5,55,50,電子マネー,,男性,V,木村,1,143891
450338,2026/07/05,6142,TNF004011XS,TENNEN,TNF004,天撚/Cotton Merino Crew,011,ブラック,XS,1,"8,500",0,"8,500","8,500",0,"8,500","17,000",カード,,外国女性,III,中尾,0,
450339,2026/07/05,FJALLRAVEN POPUP NARITA,23510550X,FJALLRAVEN,23510,Kanken,550,Black,X,-1,"13,000","1,300","14,300","-13,000","-1,300","-14,300","13,000",現金,,女性,II,共通ユーザ,0,
450339,2026/07/05,FJALLRAVEN POPUP NARITA,RP011,Other,RP011,ショッパー(M),,,X,-1,50,5,55,-50,-5,-55,50,現金,,女性,II,共通ユーザ,0,
450340,2026/07/05,FJALLRAVEN POPUP NARITA,RP011,Other,RP011,ショッパー(M),,,X,1,50,5,55,50,5,55,50,カード,,女性,II,吉田,0,
450340,2026/07/05,FJALLRAVEN POPUP NARITA,23510550X,FJALLRAVEN,23510,Kanken,550,Black,X,1,"13,000","1,300","14,300","13,000","1,300","14,300","13,000",カード,,女性,II,吉田,0,
450341,2026/07/05,FJALLRAVEN by 3NITY ルクア大阪,79258030L,FJALLRAVEN,79258,Hatfield Hat,030,Dark Grey,L,1,"7,400",740,"8,140","7,400",740,"8,140","7,400",カード,,女性,III,大山,0,
450341,2026/07/05,FJALLRAVEN by 3NITY ルクア大阪,23200395550X,FJALLRAVEN,23200395,Kanken Crossbody,550,Black,X,1,"12,500","1,250","13,750","12,500","1,250","13,750","12,500",カード,,女性,III,大山,0,
450341,2026/07/05,FJALLRAVEN by 3NITY ルクア大阪,GIFT400,Other,GIFT400,Gift Wrapping (M),,,X,1,400,40,440,400,40,440,400,カード,,女性,III,大山,0,
450341,2026/07/05,FJALLRAVEN by 3NITY ルクア大阪,RP011,Other,RP011,ショッパー(M),,,X,1,50,5,55,50,5,55,50,カード,,女性,III,大山,0,
450342,2026/07/05,FJALLRAVEN by 3NITY ルクア大阪,23505664X,FJALLRAVEN,23505,Kanken Shoulder Pads,664,Frost Green,X,1,"3,500",350,"3,850","3,500",350,"3,850","3,500",カード,,女性,V,志良堂,0,
450342,2026/07/05,FJALLRAVEN by 3NITY ルクア大阪,23510620X,FJALLRAVEN,23510,Kanken,620,Green,X,1,"13,000","1,300","14,300","13,000","1,300","14,300","13,000",カード,,女性,V,志良堂,0,
450343,2026/07/05,FJALLRAVEN by 3NITY 大丸心斎橋,87153452XS,FJALLRAVEN,87153,FoxBoxyLogoTeeW,452,Lavender Mist,XS,1,"6,500",650,"7,150","6,500",650,"7,150","6,500",複数金種,,外国女性,III,久保,0,
450344,2026/07/05,FJALLRAVEN by 3NITY ルクア大阪,23200395118X,FJALLRAVEN,23200395,Kanken Crossbody,118,Fossil,X,1,"12,500","1,250","13,750","12,500","1,250","13,750","12,500",電子マネー,,女性,II,志良堂,1,143892
450344,2026/07/05,FJALLRAVEN by 3NITY ルクア大阪,RP011,Other,RP011,ショッパー(M),,,X,1,50,5,55,50,5,55,50,電子マネー,,女性,II,志良堂,1,143892
450345,2026/07/05,FJALLRAVEN by 3NITY TOKYO,23200247550X,FJALLRAVEN,23200247,Kanken Pen Case,550,Black,X,1,"4,000",400,"4,400","4,000",400,"4,400","4,000",カード,,女性,II,花山,1,１４３８９３
450345,2026/07/05,FJALLRAVEN by 3NITY TOKYO,23525501X,FJALLRAVEN,23525,Kanken Laptop 17,501,Sky Blue,X,1,"19,000","1,900","20,900","19,000","1,900","20,900","19,000",カード,,女性,II,花山,1,１４３８９３
450345,2026/07/05,FJALLRAVEN by 3NITY TOKYO,RP011,Other,RP011,ショッパー(M),,,X,1,50,5,55,50,5,55,50,カード,,女性,II,花山,1,１４３８９３
450348,2026/07/05,6142,23561501-115X,FJALLRAVEN,23561,Kanken Mini,501-115,Sky Blue-Light Oak,X,1,"12,000",0,"12,000","12,000",0,"12,000","12,000",カード,,外国女性,III,中尾,0,
450350,2026/07/05,6142,23200395457X,FJALLRAVEN,23200395,Kanken Crossbody,457,Pastel Lavender,X,1,"12,500",0,"12,500","12,500",0,"12,500","12,500",電子マネー,,外国女性,III,中尾,0,
450351,2026/07/05,FJALLRAVEN by 3NITY TOKYO NODE,23200247312X,FJALLRAVEN,23200247,Kanken Pen Case,312,Pink,X,1,"4,000",400,"4,400","4,000",400,"4,400","4,000",複数金種,,女性,I,西村,1,143893
450352,2026/07/05,FJALLRAVEN by 3NITY 大丸心斎橋,23561457X,FJALLRAVEN,23561,Kanken Mini,457,Pastel Lavender,X,1,"12,000","1,200","13,200","12,000","1,200","13,200","12,000",複数金種,,女性,III,片岡,0,
450354,2026/07/05,FJALLRAVEN by 3NITY ルクア大阪,23510600X,FJALLRAVEN,23510,Kanken,600,Mint Green,X,1,"13,000","1,300","14,300","13,000","1,300","14,300","13,000",カード,,女性,I,志良堂,1,143894
450355,2026/07/05,FJALLRAVEN by 3NITY 京王新宿,RP001,Other,RP001,修理代,,,X,1,"2,000",200,"2,200","2,000",200,"2,200",0,現金,,女性,IV,佐野,0,
450356,2026/07/05,6142,23796302X,FJALLRAVEN,23796,KankenHipPack,302,Chalk Rose,X,1,"8,000",800,"8,800","8,000",800,"8,800","8,000",電子マネー,,女性,III,中尾,0,
450356,2026/07/05,6142,RP010,Other,RP010,ショッパー(S),,,X,1,100,10,110,100,10,110,50,電子マネー,,女性,III,中尾,0,
450357,2026/07/05,FJALLRAVEN by 3NITY玉川高島屋S・C,23510600X,FJALLRAVEN,23510,Kanken,600,Mint Green,X,1,"13,000","1,300","14,300","13,000","1,300","14,300","13,000",複数金種,,女性,IV,森,0,
450358,2026/07/05,FJALLRAVEN by 3NITY ルクア大阪,24215030X,FJALLRAVEN,24215,Gear Pocket,030,Dark Grey,X,1,"3,000",300,"3,300","3,000",300,"3,300","3,000",電子マネー,,女性,IV,檜作,1,143895
450359,2026/07/05,FJALLRAVEN by 3NITY TOKYO,23525550X,FJALLRAVEN,23525,Kanken Laptop 17,550,Black,X,1,"19,000","1,900","20,900","19,000","1,900","20,900","19,000",カード,,男性,IV,花山,0,
450359,2026/07/05,FJALLRAVEN by 3NITY TOKYO,RP011,Other,RP011,ショッパー(M),,,X,1,50,5,55,50,5,55,50,カード,,男性,IV,花山,0,
450360,2026/07/05,FJALLRAVEN POPUP NARITA,23226424X,FJALLRAVEN,23226,High Coast Pocket,424,Blackberry,X,1,"5,000",0,"5,000","5,000",0,"5,000","5,000",カード,,外国女性,V,島田,0,
450362,2026/07/05,FJALLRAVEN by 3NITY 大丸心斎橋,23510660X,FJALLRAVEN,23510,Kanken,660,Forest Green,X,1,"13,000","1,300","14,300","13,000","1,300","14,300","13,000",複数金種,,外国女性,II,久保,0,
450362,2026/07/05,FJALLRAVEN by 3NITY 大丸心斎橋,27222614X,FJALLRAVEN,27222,Abisko Hike Foldsack,614,Patina Green,X,1,"23,000","2,300","25,300","23,000","2,300","25,300","23,000",複数金種,,外国女性,II,久保,0,
450362,2026/07/05,FJALLRAVEN by 3NITY 大丸心斎橋,RP012,Other,RP012,ショッパー(L),,,X,1,50,5,55,50,5,55,50,複数金種,,外国女性,II,久保,0,
450362,2026/07/05,FJALLRAVEN by 3NITY 大丸心斎橋,RP008,Other,RP008,KANKEN SMU,,,X,1,"2,000",200,"2,200","2,000",200,"2,200","2,000",複数金種,,外国女性,II,久保,0,
450363,2026/07/05,FJALLRAVEN by 3NITY TOKYO,23510540X,FJALLRAVEN,23510,Kanken,540,Royal Blue,X,1,"13,000","1,300","14,300","13,000","1,300","14,300","13,000",カード,,男性,II,花山,1,143896
450363,2026/07/05,FJALLRAVEN by 3NITY TOKYO,RP011,Other,RP011,ショッパー(M),,,X,1,50,5,55,50,5,55,50,カード,,男性,II,花山,1,143896
450363,2026/07/05,FJALLRAVEN by 3NITY TOKYO,GIFT400,Other,GIFT400,Gift Wrapping (M),,,X,1,400,40,440,400,40,440,400,カード,,男性,II,花山,1,143896
450365,2026/07/05,FJALLRAVEN by 3NITY SAPPORO HUTTE,23565577X,FJALLRAVEN,23565,KankenNo.2,577,Nimbus Blue,X,1,"10,000","1,000","11,000","10,000","1,000","11,000","20,000",複数金種,,女性,III,佐藤,1,138984
450365,2026/07/05,FJALLRAVEN by 3NITY SAPPORO HUTTE,23565118X,FJALLRAVEN,23565,KankenNo.2,118,Fossil,X,1,"20,000","2,000","22,000","20,000","2,000","22,000","20,000",複数金種,,女性,III,佐藤,1,138984
450365,2026/07/05,FJALLRAVEN by 3NITY SAPPORO HUTTE,23505664X,FJALLRAVEN,23505,Kanken Shoulder Pads,664,Frost Green,X,1,"3,500",350,"3,850","3,500",350,"3,850","3,500",複数金種,,女性,III,佐藤,1,138984
450366,2026/07/05,FJALLRAVEN by 3NITY 京王新宿,86411550-55050/R,FJALLRAVEN,86411,Keb Agile Trousers M,550-550,Black-Black,50/R,1,"31,000","3,100","34,100","31,000","3,100","34,100","31,000",現金,,男性,II,永山,1,１４３８９７
450367,2026/07/05,FJALLRAVEN POPUP NARITA,23510457-916X,FJALLRAVEN,23510,Kanken,457-916,Pastel Lavender-Confetti Pattern,X,1,"13,000","1,300","14,300","13,000","1,300","14,300","13,000",カード,,男性,VI,島田,0,
450367,2026/07/05,FJALLRAVEN POPUP NARITA,23510312X,FJALLRAVEN,23510,Kanken,312,Pink,X,1,"13,000","1,300","14,300","13,000","1,300","14,300","13,000",カード,,男性,VI,島田,0,
450367,2026/07/05,FJALLRAVEN POPUP NARITA,23345550X,FJALLRAVEN,23345,Raven 28,550,Black,X,1,"19,000","1,900","20,900","19,000","1,900","20,900","19,000",カード,,男性,VI,島田,0,
450367,2026/07/05,FJALLRAVEN POPUP NARITA,RP012,Other,RP012,ショッパー(L),,,X,1,50,5,55,50,5,55,50,カード,,男性,VI,島田,0,
450368,2026/07/05,FJALLRAVEN by 3NITY SAPPORO HUTTE,79060X,FJALLRAVEN,79060,Greenland Wax,,,X,1,"1,500",150,"1,650","1,500",150,"1,650","1,500",カード,,外国男性,II,佐藤,0,
450369,2026/07/05,FJALLRAVEN by 3NITY ルクア大阪,23225623X,FJALLRAVEN,23225,High Coast Totepack,623,Mountain Green,X,1,"13,000","1,300","14,300","13,000","1,300","14,300","13,000",大阪プレミアム商品券,,男性,VI,志良堂,1,143898
450370,2026/07/05,FJALLRAVEN by 3NITY TOKYO NODE,23561457X,FJALLRAVEN,23561,Kanken Mini,457,Pastel Lavender,X,1,"12,000","1,200","13,200","12,000","1,200","13,200","12,000",複数金種,,女性,II,山之内,1,143899
450370,2026/07/05,FJALLRAVEN by 3NITY TOKYO NODE,RP011,Other,RP011,ショッパー(M),,,X,1,50,5,55,50,5,55,50,複数金種,,女性,II,山之内,1,143899
450371,2026/07/05,FJALLRAVEN by 3NITY TOKYO,23510021X,FJALLRAVEN,23510,Kanken,021,Fog,X,1,"13,000",0,"13,000","13,000",0,"13,000","13,000",電子マネー,,外国女性,V,及川,0,
450372,2026/07/05,FJALLRAVEN by 3NITY 京王新宿,23166171X,FJALLRAVEN,23166,Ulvo Hip Pack Large,171,Red Gold,X,1,"5,000",500,"5,500","5,000",500,"5,500","10,000",現金,,男性,V,佐野,1,138005
450373,2026/07/05,FJALLRAVEN STORE 名古屋ファッションワン,23525457X,FJALLRAVEN,23525,Kanken Laptop 17,457,Pastel Lavender,X,1,"19,000","1,900","20,900","19,000","1,900","20,900","19,000",現金,,女性,I,久保,0,
450374,2026/07/05,FJALLRAVEN by 3NITY TOKYO NODE,23796031X,FJALLRAVEN,23796,Kanken Hip Pack,031,Graphite,X,1,"8,000",800,"8,800","8,000",800,"8,800","8,000",複数金種,,女性,IV,西村,1,143900
450375,2026/07/05,FJALLRAVEN by 3NITY SAPPORO HUTTE,23510600X,FJALLRAVEN,23510,Kanken,600,Mint Green,X,1,"13,000","1,300","14,300","13,000","1,300","14,300","13,000",カード,,女性,I,佐藤,0,
450376,2026/07/05,FJALLRAVEN by 3NITY 京王新宿,23156662X,FJALLRAVEN,23156,Greenland Pocket,662,Deep Forest,X,1,"10,000","1,000","11,000","10,000","1,000","11,000","10,000",現金,,外国男性,III,永山,0,
450377,2026/07/05,FJALLRAVEN by 3NITY SAPPORO HUTTE,23785299X,FJALLRAVEN,23785,Kanken Keyring,299,Dark Oak,X,1,"1,350",135,"1,485","1,350",135,"1,485","1,500",カード,,女性,II,佐藤,1,143573
450377,2026/07/05,FJALLRAVEN by 3NITY SAPPORO HUTTE,23785620X,FJALLRAVEN,23785,Kanken Keyring,620,Green,X,1,"1,350",135,"1,485","1,350",135,"1,485","1,500",カード,,女性,II,佐藤,1,143573
450378,2026/07/05,FJALLRAVEN by 3NITY ルクア大阪,23227550X,FJALLRAVEN,23227,High Coast Crossbody,550,Black,X,1,"10,000","1,000","11,000","10,000","1,000","11,000","10,000",現金,,女性,II,大山,1,143901
450378,2026/07/05,FJALLRAVEN by 3NITY ルクア大阪,RP010,Other,RP010,ショッパー(S),,,X,1,50,5,55,50,5,55,50,現金,,女性,II,大山,1,143901
450379,2026/07/05,FJALLRAVEN by 3NITY玉川高島屋S・C,23200334228-135X,FJALLRAVEN,23200334,KankenKoncept,228-135,Khaki Dust-Kantarell,X,1,"15,000","1,500","16,500","15,000","1,500","16,500","15,000",高島屋ポイント,,男性,V,森,0,
450379,2026/07/05,FJALLRAVEN by 3NITY玉川高島屋S・C,RP011,Other,RP011,ショッパー(M),,,X,1,50,5,55,50,5,55,50,高島屋ポイント,,男性,V,森,0,
450381,2026/07/05,FJALLRAVEN by 3NITY ルクア大阪,23510501-115X,FJALLRAVEN,23510,Kanken,501-115,Sky Blue-Light Oak,X,1,"13,000","1,300","14,300","13,000","1,300","14,300","13,000",現金,,女性,I,檜作,1,143902
450381,2026/07/05,FJALLRAVEN by 3NITY ルクア大阪,RP011,Other,RP011,ショッパー(M),,,X,1,50,5,55,50,5,55,50,現金,,女性,I,檜作,1,143902
450382,2026/07/05,FJALLRAVEN by 3NITY ルクア大阪,23510501X,FJALLRAVEN,23510,Kanken,501,Sky blue,X,1,"13,000","1,300","14,300","13,000","1,300","14,300","13,000",カード,,女性,I,志良堂,1,143903
450382,2026/07/05,FJALLRAVEN by 3NITY ルクア大阪,23505664X,FJALLRAVEN,23505,Kanken Shoulder Pads,664,Frost Green,X,1,"3,500",350,"3,850","3,500",350,"3,850","3,500",カード,,女性,I,志良堂,1,143903
450382,2026/07/05,FJALLRAVEN by 3NITY ルクア大阪,RP011,Other,RP011,ショッパー(M),,,X,1,50,5,55,50,5,55,50,カード,,女性,I,志良堂,1,143903
450383,2026/07/05,FJALLRAVEN by 3NITY TOKYO NODE,23510228X,FJALLRAVEN,23510,Kanken,228,Khaki Dust,X,1,"13,000","1,300","14,300","13,000","1,300","14,300","13,000",複数金種,,女性,II,西村,1,143904
450383,2026/07/05,FJALLRAVEN by 3NITY TOKYO NODE,RP011,Other,RP011,ショッパー(M),,,X,1,50,5,55,50,5,55,50,複数金種,,女性,II,西村,1,143904
450384,2026/07/05,FJALLRAVEN by 3NITY ルクア大阪,24221550X,FJALLRAVEN,24221,Pocket,550,Black,X,1,"6,000",600,"6,600","6,000",600,"6,600","6,000",電子マネー,,男性,V,檜作,0,
450385,2026/07/05,FJALLRAVEN STORE 名古屋ファッションワン,23346662X,FJALLRAVEN,23346,Skule 28,662,Deep Forest,X,1,"14,000",0,"14,000","14,000",0,"14,000","14,000",カード,,外国女性,V,清水,0,
450386,2026/07/05,FJALLRAVEN by 3NITY TOKYO,23166550X,FJALLRAVEN,23166,Ulvo Hip Pack Large,550,Black,X,1,"10,000","1,000","11,000","10,000","1,000","11,000","10,000",カード,,外国男性,IV,木村,0,
450387,2026/07/05,FJALLRAVEN by 3NITY TOKYO,BE20002,BELAY,BE20002,MY BOTTLE PLUS-ION,,,X,1,"1,500",150,"1,650","1,500",150,"1,650","1,500",電子マネー,,男性,III,及川,1,121120
450388,2026/07/05,FJALLRAVEN by 3NITY TOKYO,23510021X,FJALLRAVEN,23510,Kanken,021,Fog,X,1,"13,000",0,"13,000","13,000",0,"13,000","13,000",カード,,外国女性,II,花山,0,
450388,2026/07/05,FJALLRAVEN by 3NITY TOKYO,RP008,Other,RP008,KANKEN SMU,,,X,1,"2,000",200,"2,200","2,000",200,"2,200","2,000",カード,,外国女性,II,花山,0,
450389,2026/07/05,FJALLRAVEN by 3NITY TOKYO,23510302X,FJALLRAVEN,23510,Kanken,302,Chalk Rose,X,1,"13,000","1,300","14,300","13,000","1,300","14,300","13,000",現金,,女性,I,木村,0,
450390,2026/07/05,FJALLRAVEN POPUP NARITA,23620550-907X,FJALLRAVEN,23620,Kanken Rainbow,550-907,Black-Rainbow Pattern,X,1,"13,500","1,350","14,850","13,500","1,350","14,850","13,500",現金,,女性,III,吉田,0,
450392,2026/07/05,6142,23346550X,FJALLRAVEN,23346,Skule 28,550,Black,X,1,"14,000","1,400","15,400","14,000","1,400","15,400","14,000",カード,,外国女性,III,中尾,0,
450393,2026/07/05,FJALLRAVEN POPUP NARITA,23510126X,FJALLRAVEN,23510,Kanken,126,Corn,X,1,"13,000",0,"13,000","13,000",0,"13,000","13,000",電子マネー,,外国女性,I,吉田,0,
450393,2026/07/05,FJALLRAVEN POPUP NARITA,RP011,Other,RP011,ショッパー(M),,,X,1,50,5,55,50,5,55,50,電子マネー,,外国女性,I,吉田,0,
450394,2026/07/05,FJALLRAVEN STORE 名古屋ファッションワン,23510501-115X,FJALLRAVEN,23510,Kanken,501-115,Sky Blue-Light Oak,X,1,"13,000","1,300","14,300","13,000","1,300","14,300","13,000",カード,,女性,IV,久保,1,143905
450394,2026/07/05,FJALLRAVEN STORE 名古屋ファッションワン,GIFT500,Other,GIFT500,Gift Wrapping (L),,,X,1,500,50,550,500,50,550,500,カード,,女性,IV,久保,1,143905
450395,2026/07/05,FJALLRAVEN STORE 名古屋ファッションワン,23510501-115X,FJALLRAVEN,23510,Kanken,501-115,Sky Blue-Light Oak,X,1,"13,000","1,300","14,300","13,000","1,300","14,300","13,000",現金,,女性,V,清水,1,143906
450395,2026/07/05,FJALLRAVEN STORE 名古屋ファッションワン,RP011,Other,RP011,ショッパー(M),,,X,1,50,5,55,50,5,55,50,現金,,女性,V,清水,1,143906
450396,2026/07/05,FJALLRAVEN by 3NITY 大丸心斎橋,23200339037X,FJALLRAVEN,23200339,Vardag Pocket Large,037,Coal Black,X,1,"9,000",900,"9,900","9,000",900,"9,900","9,000",複数金種,,外国女性,IV,久保,0,
450397,2026/07/05,FJALLRAVEN by 3NITY ルクア大阪,TNT028103S,TENNEN,TNT028,天撚Tシャツ/HEMP,103,Kinari,S,1,"6,500",0,"6,500","6,500",0,"6,500","13,000",カード,,外国女性,IV,檜作,0,
450398,2026/07/05,FJALLRAVEN by 3NITY ルクア大阪,23797160X,FJALLRAVEN,23797,Kanken Sling,160,OCHRE,X,1,"10,500",0,"10,500","10,500",0,"10,500","10,500",電子マネー,,外国女性,III,大山,0,
450399,2026/07/05,FJALLRAVEN by 3NITY ルクア大阪,23510501-115X,FJALLRAVEN,23510,Kanken,501-115,Sky Blue-Light Oak,X,1,"13,000","1,300","14,300","13,000","1,300","14,300","13,000",電子マネー,,女性,I,檜作,0,
450399,2026/07/05,FJALLRAVEN by 3NITY ルクア大阪,RP011,Other,RP011,ショッパー(M),,,X,1,50,5,55,50,5,55,50,電子マネー,,女性,I,檜作,0,
450400,2026/07/05,FJALLRAVEN by 3NITY 大丸心斎橋,23510302X,FJALLRAVEN,23510,Kanken,302,Chalk Rose,X,1,"13,000","1,300","14,300","13,000","1,300","14,300","13,000",現金,,外国女性,II,片岡,0,
450400,2026/07/05,FJALLRAVEN by 3NITY 大丸心斎橋,RP011,Other,RP011,ショッパー(M),,,X,1,50,5,55,50,5,55,50,現金,,外国女性,II,片岡,0,
450401,2026/07/05,FJALLRAVEN STORE 名古屋ファッションワン,23510302X,FJALLRAVEN,23510,Kanken,302,Chalk Rose,X,1,"13,000","1,300","14,300","13,000","1,300","14,300","13,000",カード,,女性,IV,清水,1,143907
450401,2026/07/05,FJALLRAVEN STORE 名古屋ファッションワン,RP011,Other,RP011,ショッパー(M),,,X,1,50,5,55,50,5,55,50,カード,,女性,IV,清水,1,143907
450403,2026/07/05,FJALLRAVEN POPUP NARITA,23227016X,FJALLRAVEN,23227,High Coast Crossbody,016,Shark Grey,X,1,"10,000",0,"10,000","10,000",0,"10,000","10,000",現金,,外国女性,III,吉田,0,
450404,2026/07/05,FJALLRAVEN by 3NITY TOKYO,23324633X,FJALLRAVEN,23324,Singi Gear Holder,633,Dark Olive,X,1,"4,000",400,"4,400","4,000",400,"4,400","4,000",電子マネー,,外国男性,III,木村,1,143908
450404,2026/07/05,FJALLRAVEN by 3NITY TOKYO,23320633X,FJALLRAVEN,23320,Singi 28,633,Dark Olive,X,1,"29,000","2,900","31,900","29,000","2,900","31,900","29,000",電子マネー,,外国男性,III,木村,1,143908
450404,2026/07/05,FJALLRAVEN by 3NITY TOKYO,RP013,Other,RP013,ショッパー(XL),,,X,1,50,5,55,50,5,55,50,電子マネー,,外国男性,III,木村,1,143908
450406,2026/07/05,FJALLRAVEN by 3NITY ルクア大阪,23797424X,FJALLRAVEN,23797,Kanken Sling,424,Blackberry,X,1,"10,500","1,050","11,550","10,500","1,050","11,550","10,500",カード,,女性,II,大山,1,143909
450407,2026/07/05,FJALLRAVEN by 3NITY TOKYO,23510021X,FJALLRAVEN,23510,Kanken,021,Fog,X,1,"13,000",0,"13,000","13,000",0,"13,000","13,000",現金,,外国女性,II,木村,0,
450407,2026/07/05,FJALLRAVEN by 3NITY TOKYO,RP008,Other,RP008,KANKEN SMU,,,X,1,"2,000",200,"2,200","2,000",200,"2,200","2,000",現金,,外国女性,II,木村,0,
450408,2026/07/05,FJALLRAVEN by 3NITY ルクア大阪,23796424X,FJALLRAVEN,23796,Kanken Hip Pack,424,Blackberry,X,1,"8,000",800,"8,800","8,000",800,"8,800","8,000",カード,,女性,II,大山,1,143910
450409,2026/07/05,FJALLRAVEN by 3NITY ルクア大阪,23510302X,FJALLRAVEN,23510,Kanken,302,Chalk Rose,X,1,"13,000","1,300","14,300","13,000","1,300","14,300","13,000",カード,,女性,IV,志良堂,1,121194
450409,2026/07/05,FJALLRAVEN by 3NITY ルクア大阪,RP011,Other,RP011,ショッパー(M),,,X,1,50,5,55,50,5,55,50,カード,,女性,IV,志良堂,1,121194
450410,2026/07/05,FJALLRAVEN by 3NITY 大丸心斎橋,23200251560X,FJALLRAVEN,23200251,Kanken Outlong,560,Navy,X,1,"19,000","1,900","20,900","19,000","1,900","20,900","19,000",複数金種,,外国女性,III,片岡,0,
450411,2026/07/05,FJALLRAVEN by 3NITY 大丸心斎橋,23561115X,FJALLRAVEN,23561,Kanken Mini,115,Light Oak,X,1,"12,000","1,200","13,200","12,000","1,200","13,200","12,000",カード,,男性,III,久保,0,
450411,2026/07/05,FJALLRAVEN by 3NITY 大丸心斎橋,GIFT400,Other,GIFT400,Gift Wrapping (M),,,X,1,400,40,440,400,40,440,400,カード,,男性,III,久保,0,
450411,2026/07/05,FJALLRAVEN by 3NITY 大丸心斎橋,RP011,Other,RP011,ショッパー(M),,,X,1,50,5,55,50,5,55,50,カード,,男性,III,久保,0,
450412,2026/07/05,FJALLRAVEN by 3NITY ルクア大阪,23200340620X,FJALLRAVEN,23200340,Farden Crossbody,620,Green,X,1,"21,500","2,150","23,650","21,500","2,150","23,650","21,500",大阪プレミアム商品券,,男性,II,志良堂,1,143912
450415,2026/07/05,FJALLRAVEN by 3NITY 大丸心斎橋,23349662X,FJALLRAVEN,23349,Skule 20,662,Deep Forest,X,1,"12,000","1,200","13,200","12,000","1,200","13,200","12,000",複数金種,,外国女性,III,久保,0,
450415,2026/07/05,FJALLRAVEN by 3NITY 大丸心斎橋,RP011,Other,RP011,ショッパー(M),,,X,1,50,5,55,50,5,55,50,複数金種,,外国女性,III,久保,0,
450416,2026/07/05,FJALLRAVEN by 3NITY ルクア大阪,23561312X,FJALLRAVEN,23561,Kanken Mini,312,Pink,X,1,"12,000","1,200","13,200","12,000","1,200","13,200","12,000",カード,,女性,I,檜作,1,143913
450417,2026/07/05,6142,23524326X,FJALLRAVEN,23524,Kanken Laptop 15,326,Ox Red,X,1,"18,000",0,"18,000","18,000",0,"18,000","18,000",カード,,外国女性,III,中尾,0,
450421,2026/07/05,FJALLRAVEN by 3NITY ルクア大阪,23561312X,FJALLRAVEN,23561,Kanken Mini,312,Pink,X,-1,"12,000","1,200","13,200","-12,000","-1,200","-13,200","12,000",カード,,女性,I,共通ユーザ,1,143913
450422,2026/07/05,FJALLRAVEN by 3NITY ルクア大阪,23561312X,FJALLRAVEN,23561,Kanken Mini,312,Pink,X,1,"12,000","1,200","13,200","12,000","1,200","13,200","12,000",複数金種,,女性,II,檜作,1,143913
450425,2026/07/05,FJALLRAVEN STORE 名古屋ファッションワン,87039113S,FJALLRAVEN,87039,Ovik Travel Shirt SS M,113,Chalk White,S,1,"9,900",990,"10,890","9,900",990,"10,890","11,000",カード,,男性,V,久保,1,101849
450427,2026/07/05,FJALLRAVEN by 3NITY TOKYO NODE,Hokkosai1200X,Other,Hokkosai1200,北狐祭手ぬぐい,,,X,1,600,60,660,600,60,660,"1,200",複数金種,,男性,IV,西村,1,134015
450434,2026/07/05,FJALLRAVEN STORE 名古屋ファッションワン,23510302X,FJALLRAVEN,23510,Kanken,302,Chalk Rose,X,1,"13,000","1,300","14,300","13,000","1,300","14,300","13,000",電子マネー,,女性,I,清水,1,143914
450434,2026/07/05,FJALLRAVEN STORE 名古屋ファッションワン,RP011,Other,RP011,ショッパー(M),,,X,1,50,5,55,50,5,55,50,電子マネー,,女性,I,清水,1,143914
450435,2026/07/05,FJALLRAVEN by 3NITY ルクア大阪,23226550X,FJALLRAVEN,23226,High Coast Pocket,550,Black,X,1,"5,000",0,"5,000","5,000",0,"5,000","5,000",現金,,外国男性,II,檜作,0,
